Tower_ID,temperature_c,battery_health,Power_Consumption_W,signal_drop_rate,Fan_Speed_RPM,Humidity_Percent,Traffic_Load,Tower_Age_Years,hardware_failure
1,35.6,50.91,2962,56,2838,52,2612,4,0
2,43.9,53.33,736,69,3139,36,3427,6,0
3,29,51.01,2335,50,3117,81,4254,11,1
4,39,45.62,2808,88,3367,92,1575,7,0
5,56.8,51.29,2590,100,1040,25,1336,4,1
6,63.2,46.36,1180,59,3111,64,3883,13,1
7,50.5,46.04,1104,83,2493,48,519,6,0
8,42.6,51.61,1158,43,2875,64,3984,9,1
9,33.8,46.36,1526,47,1557,81,3571,5,1
10,32.6,52.23,1003,54,2519,56,1385,1,1
11,37.2,44.75,1374,73,2698,70,554,4,1
12,60.2,51.95,943,49,867,34,373,10,1
13,43.1,53.35,697,52,1412,87,1707,6,1
14,35.1,53,1750,94,3123,79,270,13,0
15,63.2,53.59,2581,74,2063,21,4993,8,1
16,54.4,44.52,600,97,1429,54,1959,1,1
17,63.7,42.26,2972,42,3270,55,4273,11,1
18,27.3,45.19,784,66,2880,21,1144,2,0
19,34.3,43.4,1689,86,1774,66,1312,7,1
20,38.3,49,1501,44,866,44,4054,5,1
21,31.4,49.59,1465,46,2276,48,524,7,1
22,59.5,44.48,646,93,832,34,2462,1,1
23,22.6,48.14,2253,74,2971,24,4166,2,0
24,23.5,52.32,2337,91,871,72,2397,5,1
25,41.8,49.87,1693,57,868,71,1133,14,1
26,52.8,53.74,1372,63,2762,88,4426,8,0
27,54.5,43.52,1602,86,1118,88,3731,14,1
28,29.7,51.63,1549,45,2982,57,3258,10,1
29,65.4,48.33,2316,40,2563,46,2530,2,1
30,54.7,50.43,2402,57,2675,63,1558,4,0
31,48.5,43.25,1805,71,1326,82,3812,2,1
32,64.9,51.18,1032,100,1899,54,4301,12,1
33,55.9,50.86,1079,80,836,60,3544,12,1
34,50.7,49.77,535,56,2110,90,2779,3,0
35,59.8,53.64,1539,70,1254,58,4642,14,1
36,49.4,53.19,1591,82,2653,57,3098,8,0
37,37.1,45.27,2786,58,2321,49,1577,14,0
38,32.8,53.72,566,86,2164,90,1550,13,0
39,38,52.52,831,53,3329,90,1908,3,1
40,24.3,52.56,756,47,2144,70,2563,13,1
41,59.1,53.26,2800,55,2210,38,2339,2,1
42,60,47.77,2199,76,3312,83,4391,11,1
43,49.6,44.05,774,83,1899,85,2205,2,1
44,20.4,42.15,756,83,2109,83,1753,11,1
45,27.8,46.54,849,61,1080,52,592,14,1
46,67.4,53.81,2671,45,1185,61,3749,11,1
47,27.6,51.9,982,96,2914,61,665,9,0
48,65.5,51.19,1452,81,969,65,4056,14,1
49,42.9,50.25,1553,97,2506,23,1102,15,0
50,66.5,53.08,1354,50,1330,65,121,9,1
51,47.6,51.5,2885,78,1070,60,243,2,1
52,58.8,53.43,2789,75,888,88,2258,9,1
53,61.5,50.57,2530,52,928,45,1620,10,1
54,36.7,44.01,565,80,2490,42,740,10,1
55,20.1,44.62,731,43,2432,28,2162,5,1
56,53.2,42.54,1424,45,1347,87,1635,4,1
57,25.6,51.12,2738,49,2165,64,272,9,1
58,21.4,43.05,2599,93,3356,74,1188,7,1
59,37.1,53.44,1522,91,1583,94,4442,8,0
60,44.6,46,2499,60,3479,28,3274,15,0
61,59.9,49.59,796,65,1968,81,998,5,1
62,61.7,48.67,1339,92,1347,47,4725,13,1
63,67.9,50.49,1081,53,1527,86,4536,13,1
64,30.2,51.82,516,49,1626,34,990,10,1
65,20.9,49.33,1770,87,2498,35,3653,10,0
66,51.1,42.09,2736,53,2544,59,2838,1,1
67,23.8,51.61,787,52,3206,78,3426,10,1
68,36.3,45.42,2441,95,1307,27,2667,9,0
69,33,47.47,2089,67,1066,34,2175,15,1
70,39.1,44.49,666,97,2947,42,1845,14,1
71,57.5,47.71,854,90,1185,43,1498,6,1
72,65.5,43.45,1792,75,1801,93,4860,3,1
73,67.4,47.6,720,95,1914,70,2847,6,1
74,59.8,52.69,1065,76,1251,52,1827,10,1
75,68.3,42.52,2164,89,1446,88,4906,4,1
76,49.5,43.82,1477,51,3257,81,3062,13,1
77,31.2,42.9,921,58,866,84,3972,14,1
78,35,47.17,1640,66,820,57,3870,15,1
79,23.1,52.52,2777,50,1489,94,4075,12,1
80,63.5,52.45,2491,66,1089,45,1624,2,1
81,34.5,44.66,787,67,2575,53,3462,4,1
82,63.7,44.72,1914,58,2613,85,1917,7,1
83,34.6,49.45,1402,95,3103,91,3800,11,0
84,25.6,43.85,1689,67,2627,31,2131,2,1
85,38.6,48.42,2305,43,2559,43,4656,9,1
86,65.5,47.28,2212,69,1898,27,3651,2,1
87,40.1,49.34,858,70,1821,20,1533,3,0
88,40.4,50.96,1879,66,1726,87,4987,4,0
89,57.2,45.61,967,52,3160,82,4018,14,1
90,54.7,52.3,1997,89,1714,54,2520,1,0
91,61.8,46.63,2260,94,2958,55,4751,7,1
92,21.1,52.1,2290,47,2535,33,4541,6,1
93,24.4,44.05,2231,92,2097,61,4079,11,1
94,61.3,44.05,1610,41,3405,79,2268,12,1
95,55,51.33,1480,88,2853,94,4737,12,0
96,43.8,50.5,837,91,1154,27,129,5,1
97,67.7,49.97,1031,91,2540,92,522,15,1
98,64.7,42.13,507,43,2899,49,1490,3,1
99,27.5,44.38,1941,83,1329,35,2234,12,1
100,25.3,42.66,500,78,1780,84,4458,2,1
101,53.1,49.44,769,71,2590,54,4713,7,0
102,37.3,47.54,1276,90,1203,41,1219,1,0
103,58.1,48.71,916,78,1120,72,3651,3,1
104,58.9,49.17,2201,46,3192,54,1759,14,1
105,28.4,49.16,1341,94,3048,39,2039,14,0
106,53.8,45,1266,95,987,32,3646,3,1
107,54.4,47.47,2589,75,3069,50,1472,6,0
108,50.9,50.91,1653,90,1801,28,286,3,0
109,52,51.54,1334,90,1708,79,3056,14,0
110,31.3,48.23,2716,60,2041,51,4095,14,0
111,53,48.72,1748,76,2451,81,3054,7,0
112,55.8,50.67,864,58,2653,42,4315,9,1
113,70,42.41,2236,100,1731,52,3603,6,1
114,33,44.5,716,62,1017,72,3345,3,1
115,48.2,42.47,938,82,1346,64,720,6,1
116,31.9,48.5,1695,78,2281,42,4588,4,0
117,64.1,49.48,959,50,2685,53,2584,2,1
118,68.3,48.2,2490,97,1002,77,2081,9,1
119,57.9,50.31,1801,61,944,91,1077,11,1
120,57.1,49.54,2820,84,3201,62,409,6,1
121,53.3,53.09,2092,96,2176,55,1674,6,0
122,27.8,53.01,1423,69,1004,61,1208,13,1
123,31,46.01,608,99,3005,86,2411,5,0
124,37.8,46.51,1499,93,1588,57,3680,4,0
125,49.2,51.09,1257,62,1886,83,877,11,0
126,65.1,49.69,1497,57,3059,73,2661,12,1
127,21.5,52.61,2056,78,2346,81,355,6,0
128,49.1,48.27,1915,66,2492,93,4221,15,0
129,68.6,49.84,965,81,3030,59,1188,11,1
130,50.1,52.42,870,61,2159,76,2731,4,0
131,65.9,46.68,1898,52,2660,44,1971,1,1
132,22.3,43.54,782,94,2103,88,725,9,1
133,59.9,43.67,1344,40,3225,87,2103,11,1
134,67.9,42.31,2007,90,2518,52,2116,1,1
135,65.3,51.18,1914,65,2510,60,317,6,1
136,69.9,53.35,899,84,2007,60,2436,15,1
137,33.6,42.01,2650,80,1527,56,4634,12,1
138,24.3,42.94,948,59,3429,79,426,15,1
139,54.4,45.33,1458,92,1353,73,3797,12,0
140,25,42,2749,49,2040,32,1090,14,1
141,28,53.21,2219,79,3301,83,2487,8,0
142,20.5,52.02,1786,86,2480,35,2094,15,0
143,40.9,42.47,1295,59,2633,38,4136,9,1
144,63.9,43.53,983,66,2017,24,3444,7,1
145,63,50.71,2573,52,2379,26,1560,9,1
146,56.7,45.66,2735,78,1389,68,2027,12,1
147,29.4,53.58,2792,60,1497,27,1220,12,0
148,27.6,42.07,1932,76,3053,25,1046,1,1
149,63.8,53.54,617,63,839,75,229,8,1
150,31.2,51.38,2592,77,3265,65,1663,15,0
151,61.8,53.04,1477,58,1102,42,2245,1,1
152,30.7,47.34,900,40,3296,41,1282,3,1
153,31.3,52.11,2715,98,1570,49,2389,1,0
154,64.4,47.47,2322,54,1651,87,2822,5,1
155,30.8,42.71,2850,91,2819,43,3963,6,1
156,40.3,53.86,879,95,3356,73,3745,6,0
157,32.9,51,2249,100,1123,93,4670,10,1
158,64.5,47.43,1577,88,2006,87,2915,15,1
159,54.1,44.35,2989,65,1095,73,1524,2,1
160,56.7,48.59,2639,87,2029,26,1782,4,1
161,55.8,51.11,2520,54,1074,79,888,1,1
162,61,53.27,2002,82,2713,29,2305,14,1
163,60.1,43,2834,44,2525,37,3119,14,1
164,41.4,44.52,1635,87,2481,83,2970,9,1
165,31.1,49.9,2062,79,3455,55,993,7,0
166,64.4,46.26,2249,62,1534,69,1276,6,1
167,69.3,46.24,650,72,2367,92,2300,1,1
168,53.9,43.9,2639,98,1579,24,2727,11,1
169,39.8,45.65,1222,56,1726,67,1325,5,0
170,22.6,50.89,1565,46,2977,81,4459,10,1
171,66.7,46.44,1484,49,1071,69,1084,9,1
172,29.8,43.71,1568,68,3050,40,4539,15,1
173,54.7,51.96,1375,63,1753,55,529,6,0
174,39.5,51.14,2569,50,1510,72,392,9,1
175,49.3,54,2169,51,1329,25,1529,12,1
176,31.1,52.64,519,65,839,78,4893,11,1
177,20.2,44.89,2025,58,3384,52,3739,13,1
178,59.3,45.24,1524,86,1940,59,2760,11,1
179,55.1,51.31,1003,68,2192,28,3709,13,1
180,42.7,42.35,2605,50,1213,63,3125,6,1
181,50.8,50.06,2801,67,2467,49,2414,2,0
182,43,46.78,2765,83,2533,49,4960,7,0
183,24.7,53.35,813,66,914,86,3805,12,1
184,21.2,51.17,2930,91,2956,72,3720,15,0
185,69.8,42.77,2405,66,2386,80,221,9,1
186,42.3,48.46,1271,52,2443,45,4981,2,1
187,63.9,49.94,853,98,2728,32,2606,11,1
188,68.9,48.12,940,83,2384,65,833,14,1
189,24.3,46.92,1132,54,2783,75,226,8,1
190,49.1,53.95,2197,98,2753,88,500,11,0
191,55.5,51.15,2313,56,2353,72,3493,7,1
192,45.2,52.41,1062,40,1495,79,1094,4,1
193,27.2,45.9,755,48,1154,73,3490,1,1
194,25.9,51.88,2631,65,1427,69,4023,12,0
195,53,47.73,2554,82,1218,37,4833,8,0
196,68.1,45.86,2605,52,3400,71,4582,4,1
197,50.3,52.78,2265,54,1646,32,3047,2,1
198,20.1,42.36,2147,94,2101,49,2772,6,1
199,38.5,42.36,1322,78,1123,95,3758,7,1
200,22.2,49.28,723,86,863,85,4186,2,1
201,27.4,47.72,2200,89,3451,85,4630,7,0
202,35.9,46.02,955,46,3418,27,3152,11,1
203,26.3,43.9,1272,49,2452,76,2134,5,1
204,39.4,50.13,2227,43,1435,43,3401,11,1
205,51.2,49.44,2083,41,2718,48,4348,3,1
206,26.5,44.76,2668,98,2737,27,4929,7,1
207,58.7,49.59,737,93,2158,87,3751,7,1
208,30.2,44.83,2776,94,2719,25,2474,6,1
209,48.5,46.28,2569,44,2487,55,3064,14,1
210,61.2,50.45,1763,81,3244,42,471,4,1
211,35.4,53.42,1174,77,2370,84,2307,13,0
212,64,46.52,1707,76,3340,45,2522,6,1
213,34.7,53.5,639,84,1715,87,4132,9,0
214,27.5,50.22,2458,91,3435,95,2655,12,0
215,41.7,42.75,2708,89,2070,91,3373,10,1
216,28.7,46.14,2023,92,2911,57,923,13,0
217,23.6,42.35,2056,82,3329,65,1781,3,1
218,54.2,52.68,2015,63,1303,86,4303,13,0
219,23.3,43.76,1319,89,2036,22,732,14,1
220,64.9,49.57,986,95,2605,57,3897,13,1
221,53.5,53.39,2514,48,1049,81,108,11,1
222,64.2,50.95,2863,49,1300,50,782,2,1
223,60.8,47.07,1144,52,2392,28,4141,15,1
224,45.3,49.77,514,45,860,62,2473,11,1
225,69.2,49.92,2801,70,1931,59,3523,14,1
226,33.9,52.67,1049,79,2405,51,4614,14,0
227,43.6,53.34,2224,43,1090,95,3312,12,1
228,68.6,52.89,524,88,816,36,2216,10,1
229,63.1,50.6,1776,57,2143,95,246,13,1
230,33.1,44.6,2668,74,1969,46,503,4,1
231,51.8,48.67,2535,62,2141,22,842,15,0
232,62.1,42.6,1052,85,1296,44,2144,15,1
233,55.3,46.56,813,88,956,42,3396,1,1
234,23.3,49.48,2879,86,2340,49,4745,2,0
235,46.9,47.14,2564,45,1007,57,1636,15,1
236,39,52.68,1498,53,2277,92,993,7,1
237,67.8,52.59,1186,97,1388,70,2282,5,1
238,55.8,45.06,2096,98,1811,43,3244,10,1
239,67.7,48.71,2616,72,2973,37,2306,2,1
240,57.2,52.7,525,55,1527,54,2401,12,1
241,48,46.13,2335,75,2064,56,4866,12,0
242,20.2,42.48,1072,73,3369,90,4274,1,1
243,67.8,51.91,771,79,1390,28,1677,7,1
244,58.3,53.68,2533,53,1735,38,1099,13,1
245,44.4,53.17,2746,71,1042,78,1369,14,1
246,28.9,52.65,2888,60,1412,69,4794,10,0
247,41.9,42.72,1434,81,1193,74,3282,12,1
248,20.7,49.1,1863,45,3003,63,2151,9,1
249,34.2,50.27,2249,57,1649,74,3772,10,0
250,62.5,52.69,2856,57,2284,61,4292,13,1
251,34.7,45.82,2682,92,2723,63,3571,3,0
252,33.4,42.09,637,95,2560,23,1348,7,1
253,36.4,45.27,694,72,2509,49,1581,5,0
254,28.3,52.61,1773,56,2171,52,3778,7,0
255,22.3,45.87,2007,90,3476,84,2427,6,0
256,61,49.56,991,67,2741,77,1162,6,1
257,69.6,53.71,1495,45,1968,85,1872,11,1
258,52,42.47,1458,94,3330,52,3644,11,1
259,33.2,51,2621,85,1197,80,1986,7,1
260,32.3,43.09,2122,63,3000,40,4033,9,1
261,60.6,43.88,779,94,2956,94,1381,3,1
262,47.9,42.55,1236,56,1590,81,4376,8,1
263,39.1,51.87,2646,69,1220,34,1307,11,0
264,67.4,51.29,2126,95,3109,71,4408,11,1
265,49.4,46.77,1044,73,1610,62,2953,12,0
266,57.6,53.22,2108,52,1983,61,3432,12,1
267,25.2,51.07,786,60,1502,54,2717,14,0
268,20.5,46.36,1666,94,2957,55,2231,6,0
269,31.7,46.37,1381,97,2540,92,247,6,0
270,65.2,42.39,2681,54,2574,56,1730,13,1
271,69.1,45.23,568,89,1319,56,3939,6,1
272,46.8,51.39,1833,75,2430,95,1455,8,0
273,53.7,53.32,1203,93,2380,48,3574,3,0
274,50.9,46.12,2847,92,1335,82,4766,6,0
275,47,53.07,2857,41,2208,60,4148,8,1
276,34.5,51.77,1822,96,2220,65,1250,5,0
277,31.1,52.29,2616,56,2094,54,1507,6,0
278,58.1,44.51,2209,83,2853,48,486,10,1
279,62.1,52.35,955,55,1787,62,4403,8,1
280,59,48.01,745,70,3230,29,4338,4,1
281,34.2,52.56,1969,95,1929,46,3457,2,0
282,58.6,46.36,987,63,3354,51,2023,12,1
283,35.6,47.69,1773,81,1673,73,4201,2,0
284,59.8,52.47,2658,99,2968,26,4375,3,1
285,53.4,48.51,2421,41,2222,61,902,13,1
286,31.1,47.64,2473,79,1827,26,2649,15,0
287,53.7,45.46,1049,82,892,54,2333,14,1
288,44.2,48.31,1711,88,2311,83,428,10,0
289,48.4,50.29,838,56,2073,48,3806,5,0
290,20.3,49.21,2535,100,1835,85,1951,1,0
291,27.3,48.87,1494,65,1264,95,3935,13,0
292,66,53.93,1129,62,2661,60,2491,3,1
293,63.5,47.55,2490,82,1198,47,2314,7,1
294,65.2,42.8,2307,98,3210,61,3454,9,1
295,67.9,49.28,1528,74,3012,31,2509,13,1
296,24.9,51.6,1822,75,1841,71,2066,10,0
297,48.6,42.41,1146,74,1475,91,3517,10,1
298,57.5,53.34,1474,98,2716,49,890,15,1
299,49.5,42.39,2748,54,3316,28,4234,9,1
300,29.9,42.59,1717,74,2409,49,3795,11,1
301,54,43.67,1194,94,2349,29,4194,7,1
302,66.1,50.57,1640,43,1745,65,2563,11,1
303,35.9,51.13,2455,42,963,52,712,12,1
304,43,51.4,2944,86,3316,47,2321,1,0
305,63.8,48.3,1085,74,1561,29,563,9,1
306,45.3,53.6,692,48,935,48,1792,5,1
307,26.7,43.26,2212,59,2037,50,4979,6,1
308,63.6,45.39,851,46,1862,62,134,10,1
309,41.5,45.02,576,68,3389,28,1546,4,0
310,27.4,53.65,1786,48,957,63,2279,7,1
311,26.1,43.74,2955,42,1821,27,2540,4,1
312,26.4,48.8,962,92,1864,68,973,1,0
313,31.5,53.09,631,77,3500,64,1481,6,0
314,20.4,49.62,1819,40,1507,82,1014,10,1
315,41.1,45.05,919,57,2422,47,1950,1,0
316,26.4,43.57,1413,65,1162,51,4553,1,1
317,64.6,50.62,2649,97,3489,67,3851,6,1
318,42.7,44.97,2524,64,3079,51,306,13,1
319,56.4,53.15,2139,48,3363,56,4657,13,1
320,43.3,53.1,2110,74,889,53,797,14,1
321,50.3,53.17,2280,78,976,26,1003,10,1
322,59.9,51.01,1803,77,2353,85,2011,13,1
323,43.3,45.92,1050,99,3259,75,589,14,0
324,34.2,44.01,2506,40,3417,42,2864,1,1
325,67.7,44.09,2556,76,2742,48,2416,9,1
326,21.2,52.71,1328,69,2405,55,873,4,0
327,68.1,51.79,820,54,875,61,4240,11,1
328,55.5,51.66,912,93,2135,32,2673,3,1
329,64.2,44.98,2120,96,2574,87,442,4,1
330,40.9,52.35,2912,46,1198,50,1029,8,1
331,61.8,44.5,2561,74,1502,65,4695,13,1
332,59.4,50.29,1264,80,921,52,799,6,1
333,21.2,50.58,918,100,1279,56,4901,13,0
334,37.7,48.87,2220,63,2818,30,4682,10,0
335,25.3,47.56,899,52,3070,49,804,9,1
336,65.4,45.27,1224,47,3234,53,1785,8,1
337,49.6,49.96,516,74,3046,66,4312,2,0
338,23.5,53.49,1128,76,1834,90,2278,9,0
339,24.8,50.71,667,70,3194,79,2840,5,0
340,41,49.89,1727,68,2230,21,1483,2,0
341,24.2,42.54,2284,99,3434,78,3003,6,1
342,38.4,46.45,1478,94,3204,26,3984,10,0
343,52.2,44.87,704,70,3350,91,890,9,1
344,62.3,47.47,2642,77,2308,51,3813,14,1
345,44.7,52.22,1624,77,3102,51,2781,10,0
346,63.3,45.6,2683,70,1282,91,2373,4,1
347,29.3,53.5,2578,81,2252,79,3675,13,0
348,67.5,44.02,2875,76,2019,47,3200,5,1
349,69.7,43.11,2498,40,1293,81,2220,2,1
350,68.3,50.14,956,57,3415,28,634,7,1
351,49.3,48.82,1094,58,1552,21,112,3,0
352,45.3,44,689,97,3197,44,3559,3,1
353,52.6,45.27,2880,47,2444,27,4278,12,1
354,39.6,48.83,2545,55,3322,82,673,13,0
355,39.1,44.76,2728,79,1947,93,3248,9,1
356,34.1,45.26,863,75,863,51,3456,10,1
357,62.6,53.68,1403,100,3210,54,1103,10,1
358,62.8,42.32,1852,71,1311,53,4826,12,1
359,64.6,49.91,1107,46,1427,73,4036,10,1
360,59.1,43.63,522,93,801,42,2382,7,1
361,54.4,42.77,2468,43,1426,71,2662,7,1
362,31.1,53.41,973,66,1559,46,3951,4,0
363,68.9,43.71,2370,77,1330,67,3331,1,1
364,38.5,43.28,2823,65,1312,69,3177,11,1
365,37.9,45.96,1827,65,2608,75,508,13,0
366,60,44.51,2228,46,2057,21,4155,8,1
367,60.7,52.69,1249,51,2184,34,3989,5,1
368,29.7,51.97,1202,73,3209,24,4538,5,0
369,50.9,48.02,2458,53,2718,88,4804,12,1
370,66.8,51.36,2746,97,1442,83,4132,7,1
371,30.5,44.52,1768,89,2859,56,3777,14,1
372,64.2,52.83,1834,67,888,43,947,13,1
373,34.2,44.24,1712,95,2556,32,2984,14,1
374,32,45.7,1894,62,3015,26,3199,10,0
375,55.6,44,2473,97,2934,74,579,1,1
376,65.5,47.75,2486,96,977,32,469,2,1
377,41.7,52,925,86,2483,90,943,3,0
378,31.3,45.98,1015,53,1911,53,1506,8,1
379,34.4,47.84,1108,61,3043,33,1119,12,0
380,55.9,51.37,1889,47,3272,61,646,15,1
381,29.7,48.7,1286,50,2277,80,429,6,1
382,69.3,44.8,1784,41,2097,53,2995,3,1
383,53.2,53.7,1584,77,3113,52,1539,2,0
384,34.5,53.82,2158,64,3448,53,1042,5,0
385,36,45.7,1532,99,2816,88,3560,5,0
386,30,51.04,2055,48,1524,45,2140,2,1
387,33,48.36,1890,63,2877,67,852,8,0
388,28,46.01,967,87,1399,73,369,11,0
389,26.3,45.83,1419,94,1858,60,2100,13,0
390,56.5,52.89,2633,63,3156,61,1259,11,1
391,68.9,45.15,1635,74,2863,52,2622,9,1
392,23.3,53.15,2065,49,2732,49,2765,5,1
393,35.5,52.88,2571,47,3431,83,897,2,1
394,57.1,51.2,1669,89,881,60,434,5,1
395,60.6,53.31,1455,78,1108,79,3942,2,1
396,67.1,52.21,2843,48,1936,92,244,15,1
397,35.2,50.53,996,43,3073,36,148,11,1
398,33.7,48.69,1489,74,1273,24,664,5,0
399,43.6,48.62,748,77,1117,81,3885,5,1
400,35.2,48.44,1143,76,1898,61,3422,15,0
401,43.6,50.25,2300,89,2390,77,3020,6,0
402,66.6,47.73,2632,68,3331,52,270,9,1
403,34.4,47.34,593,88,2777,91,2700,9,0
404,35.2,47.11,660,71,1398,53,1736,4,0
405,20.3,49.41,2703,58,2424,79,644,10,0
406,69.6,53.52,2385,97,1721,89,1642,8,1
407,51.4,42.19,1857,86,1336,24,2812,10,1
408,25.9,47.31,1863,64,2573,35,4002,15,0
409,63.1,43.44,2359,71,2534,31,3499,2,1
410,27.2,52.55,1935,100,2570,92,537,2,0
411,20.4,48.05,1799,47,1370,94,936,14,1
412,58.5,53.61,507,68,1840,20,4079,1,1
413,63.7,46.79,2915,57,2092,92,808,14,1
414,41.6,48.18,1714,74,827,30,4595,1,1
415,36.3,52.44,1605,53,1980,82,139,2,1
416,66,48.9,1545,44,2893,32,2937,15,1
417,37.2,48.85,2651,72,1516,42,863,11,0
418,39,51.32,2144,66,3479,94,3942,7,0
419,24.4,46.08,1401,55,2094,51,4870,3,0
420,26.9,49.96,1367,70,1706,59,2433,7,0
421,61.2,52.53,2368,54,1014,29,730,9,1
422,43.7,43.85,2501,41,3229,25,4379,2,1
423,46.3,42.05,2667,55,1696,60,4214,4,1
424,22.8,47.02,1734,87,2217,73,2527,5,0
425,61.1,51.53,1804,74,3462,36,2827,3,1
426,37.1,48.46,685,51,1470,32,1650,11,1
427,50.1,52.31,1413,54,2447,51,930,1,1
428,42.4,50.77,1498,98,3030,20,2849,7,0
429,64.2,48.94,2232,85,1978,49,4384,3,1
430,68.3,42.98,1970,79,1454,50,475,9,1
431,34.1,45.19,1580,61,1934,32,3616,3,0
432,24,48.84,2728,48,1918,24,1496,6,1
433,40.4,48.02,2683,40,1752,31,4085,5,1
434,42.5,47.7,1313,72,2431,60,938,9,0
435,35.6,46.01,1815,85,1253,35,3209,8,0
436,38.3,42.58,2633,52,3490,58,4813,2,1
437,20.4,43.63,512,56,1162,26,2568,12,1
438,56.2,42.12,1806,67,1389,85,1810,7,1
439,67.9,44.04,2003,98,3460,32,1655,7,1
440,55.7,45.33,1559,90,3388,45,323,10,1
441,34.8,48.24,2490,64,1871,63,3514,11,0
442,28.4,50.19,1563,90,2202,22,952,4,0
443,36.9,47.13,1508,62,3400,45,265,11,0
444,33.5,49.36,1927,63,3485,83,3771,15,0
445,40.8,50.87,1377,66,2077,59,2545,5,0
446,42.2,42.59,2975,56,2143,40,3061,10,1
447,31.7,52.57,1839,81,957,53,2206,5,1
448,52.2,48.25,881,44,1887,95,372,4,1
449,54,51.16,1626,64,1920,22,3158,13,0
450,60.4,44.16,1855,68,1813,59,2690,6,1
451,63.1,48.18,2599,81,2824,26,3601,15,1
452,44.1,47.48,1263,69,1725,24,2738,12,0
453,59,42.58,2283,72,875,79,3451,10,1
454,35.7,45.61,2534,86,1020,51,2374,9,1
455,38.6,49.27,1311,58,3106,72,3524,4,0
456,26.4,42.14,1062,41,1458,91,3544,3,1
457,66.4,52.98,1093,83,3132,52,1572,2,1
458,67.6,48.6,1618,44,2942,81,3571,1,1
459,48.6,47.4,1712,49,2443,61,3052,11,1
460,57.1,45.59,766,89,1869,81,3623,2,1
461,66.1,45.94,988,65,899,75,268,8,1
462,43.1,48.76,901,74,2462,31,1277,3,0
463,68.9,47.95,1243,62,1240,29,611,8,1
464,38.6,48.17,1682,43,2676,56,3575,4,1
465,43.3,49.81,1852,57,2749,54,951,15,0
466,46.8,53.49,2629,57,2120,61,1251,11,0
467,41.8,42.1,2335,95,2126,33,4569,5,1
468,24,46.6,1911,79,2987,50,4657,10,0
469,25.2,48.69,1209,60,3242,33,3030,2,0
470,25.1,42.36,762,70,2072,61,4698,2,1
471,38.7,48.5,544,47,2808,66,2303,8,1
472,47.5,43.91,654,93,2824,20,3986,12,1
473,68.4,52.33,1621,96,1317,61,2372,12,1
474,63.5,47.27,784,93,1404,74,3946,5,1
475,34.1,43.74,2960,49,2846,57,3691,15,1
476,65.8,53.85,1644,79,2584,28,2683,12,1
477,26.6,49.87,2221,51,3352,83,1379,7,1
478,59.8,48.59,1861,52,1566,56,1702,11,1
479,49.3,48.92,613,55,1348,57,4893,5,0
480,67.3,48.12,2155,67,2585,71,1264,11,1
481,36.9,46.35,1603,58,1452,23,3467,12,0
482,40.5,43.38,2663,45,2739,52,3124,8,1
483,48.5,48.92,2074,93,1728,64,4805,1,0
484,37.8,53.6,952,65,1089,41,4287,10,1
485,21.2,51.46,2004,58,2691,68,1936,7,0
486,39.3,45.43,2011,50,848,66,2922,8,1
487,41,45.74,778,61,3369,44,3769,9,0
488,59.2,45.57,2275,64,2743,26,1472,10,1
489,51.3,49.21,825,87,1768,79,2188,15,0
490,26.1,43.22,1513,52,1988,57,2082,13,1
491,25.5,50.45,865,96,3116,57,2163,11,0
492,24.4,52.69,2122,58,1851,76,4772,10,0
493,66.4,46.6,1676,83,969,81,4329,13,1
494,29,49.71,1389,97,2209,68,4028,4,0
495,67.1,50.25,1016,81,1708,46,4407,6,1
496,43,44.42,1730,68,3480,26,3654,7,1
497,27.8,42.32,2935,89,1676,93,4435,10,1
498,22.3,50.79,2759,75,1540,89,2669,6,0
499,30.2,53.88,2076,43,1911,95,636,14,1
500,32.3,44.31,2964,85,1979,20,1870,8,1
501,51.7,45.75,792,59,1764,62,681,4,0
502,21.8,44.03,2836,59,1896,46,1037,5,1
503,45.3,45.89,560,54,1559,41,4707,15,1
504,25,53.07,745,80,3058,63,2140,3,0
505,46.7,48.62,2226,85,2317,85,284,8,0
506,37.1,51.51,1862,84,2186,51,2478,5,0
507,20.9,45.99,1149,78,982,43,295,6,1
508,41.8,47.81,918,43,2000,70,1451,1,1
509,31.7,42.12,1399,53,2015,78,768,5,1
510,54.1,48.08,929,88,2182,89,2380,6,0
511,58.5,43.55,2397,62,1125,28,4874,7,1
512,59.4,44.53,2041,55,1705,35,2395,10,1
513,20.4,52.28,2063,78,3031,31,3396,12,0
514,37.3,48.36,2581,73,3027,38,3903,5,0
515,21.3,45.88,1435,80,2763,94,4937,14,0
516,61.3,50.69,2309,43,1492,67,309,8,1
517,63.8,50.48,932,68,2278,33,4476,2,1
518,38.7,42.42,1140,69,1505,95,1508,3,1
519,68.5,51.57,622,53,3242,54,4346,8,1
520,32,44.24,1390,73,1411,41,660,4,1
521,62.5,44.56,1238,75,1471,45,322,8,1
522,33.9,49.02,604,45,1798,51,1709,3,1
523,42,53.05,1856,59,1580,69,1132,4,0
524,52.1,50.11,988,79,2339,56,148,11,0
525,37.5,45.88,1009,74,1047,94,2560,2,1
526,31.6,42.6,1468,64,3050,69,2055,15,1
527,29.4,52.67,2514,81,1389,41,2535,5,0
528,62.6,46.95,765,67,2459,92,4752,3,1
529,41.7,52.03,1456,84,812,67,405,4,1
530,24.6,49.93,2621,87,3203,54,1731,7,0
531,39.4,47.19,1406,54,3149,41,1152,12,1
532,60.9,42.96,1939,71,2940,57,3752,12,1
533,63.9,53.03,1463,70,2890,76,582,3,1
534,27.3,53.68,2455,99,2044,46,3187,15,0
535,35.6,49.32,1091,74,3368,52,3038,3,0
536,43.1,50.3,1799,57,913,50,4279,3,1
537,29.7,49.59,2601,62,2388,55,4450,10,0
538,51.4,42.15,2744,64,2110,49,425,12,1
539,52.7,45.9,1256,86,2075,43,2625,1,0
540,40.9,52.74,1187,68,965,76,3904,11,1
541,56.5,46.14,683,82,1234,20,4066,14,1
542,39.6,45.49,1443,94,1959,71,864,8,0
543,61.9,44.15,2681,55,3009,32,2702,8,1
544,21.5,49.78,822,69,2322,53,3888,9,0
545,22.6,49.3,1539,43,2109,81,2917,12,1
546,69.7,44.97,2444,47,2724,24,2773,8,1
547,59.8,43.23,2485,54,3137,39,2228,15,1
548,26.7,50.8,2005,69,1710,51,950,14,0
549,65.1,45.8,1097,48,2665,85,3785,1,1
550,29.7,44.2,959,73,1579,35,1150,11,1
551,23.2,43.69,2642,82,1911,20,2205,11,1
552,24.1,52.31,1551,64,2872,33,4737,4,0
553,66.7,44.52,1853,51,2998,26,839,12,1
554,25,50.49,2695,91,3397,80,2083,5,0
555,21,54,660,70,1668,29,4210,1,0
556,30,45.57,1237,68,2973,81,1999,8,0
557,50.4,48.9,2974,98,1161,68,2107,13,1
558,28.1,51.53,2380,82,3148,88,3099,3,0
559,36.1,48.77,572,77,1637,70,4246,7,0
560,61.9,43.24,2685,80,2739,85,2384,3,1
561,27.3,50.4,2894,72,2612,31,4164,14,0
562,27.9,45.18,2692,72,1673,71,1520,13,0
563,49.4,43.04,693,48,3097,75,329,4,1
564,32.4,43.58,2376,89,1698,68,427,10,1
565,40.5,48.67,1057,48,2383,37,1996,8,1
566,65.8,50.92,921,81,1293,64,1895,1,1
567,28.5,43,997,69,1690,79,2919,11,1
568,38.7,44.83,1604,93,3487,21,848,13,1
569,49,49.01,1817,42,1164,62,3653,15,1
570,52.3,52.42,832,58,811,83,1612,5,1
571,44.2,51.63,2198,80,2489,22,3830,10,0
572,48.4,42.64,2657,75,2259,82,3843,5,1
573,52.6,48.07,2802,63,1721,27,1124,3,0
574,39.4,48.4,738,95,1167,29,1944,12,1
575,46,45.37,799,46,1070,83,695,7,1
576,59.7,51.39,1366,93,3292,29,3993,7,1
577,32.5,43.02,1118,41,1089,28,2385,13,1
578,56.3,52.81,2723,92,3188,46,4317,9,1
579,32.1,44.75,2985,83,2191,21,4447,4,1
580,53.4,42.33,2249,85,3103,47,4035,12,1
581,31.9,49.01,1004,52,1703,40,3495,8,1
582,60.9,50.82,931,77,3089,58,4750,11,1
583,59.3,44.53,2896,47,2860,29,4742,13,1
584,52.9,43.42,1489,86,2258,22,2436,12,1
585,33.4,48.64,1440,73,1842,28,4781,12,0
586,66.9,48.05,2295,68,2012,65,3202,2,1
587,64.9,51.77,1663,54,1624,57,3493,8,1
588,43.2,51.64,1777,55,2931,62,1847,11,0
589,27.2,44.68,982,79,1630,38,4155,5,1
590,55.9,48.25,1031,64,2556,23,837,15,1
591,67.3,52.76,1096,71,829,39,2423,2,1
592,21.1,51.67,2627,42,2467,50,756,10,1
593,55.8,48.22,809,52,3240,37,4694,9,1
594,28.5,49.5,926,42,1158,55,4764,15,1
595,38.5,45.04,1336,71,2639,89,618,11,0
596,42.4,53.67,1491,63,1151,56,3639,6,1
597,33.6,47.19,2811,60,951,22,4820,1,1
598,60.2,43.65,2743,44,2277,68,4657,12,1
599,36.1,48.43,1992,72,1398,85,4625,14,0
600,37.6,42.87,2707,45,1951,34,2600,10,1
601,63,47.51,814,71,1802,92,2228,14,1
602,25.8,48.35,2390,94,1955,44,631,8,0
603,67,46.6,834,63,3332,56,340,15,1
604,39.2,45.34,911,87,1972,76,2661,11,0
605,22.8,51.77,629,44,3029,50,533,6,1
606,65.6,50.84,1792,67,2844,85,4050,5,1
607,50.5,51.19,1505,71,2337,30,2050,4,0
608,36.8,44.33,1943,93,1706,31,2229,15,1
609,42.3,50.45,2353,93,1562,22,3745,13,0
610,70,42.64,2970,63,1456,57,302,12,1
611,43.3,46.78,1466,100,1967,22,385,1,0
612,62.3,44.15,2989,65,2828,34,1959,15,1
613,23.5,49.67,2057,76,2736,49,1482,13,0
614,27.8,51.82,1185,79,1616,40,1227,15,0
615,52.2,46.76,2836,75,2838,46,3494,2,0
616,47.9,46.31,2297,74,3489,75,402,8,0
617,44.9,46.17,564,80,3172,45,1110,8,0
618,51.1,42.4,2642,75,2685,51,2142,8,1
619,26.2,43.74,1496,59,1991,29,1505,10,1
620,43.1,53.94,548,83,2018,48,4409,1,0
621,26.4,44.27,1126,89,998,85,4487,12,1
622,26,46.44,2101,42,1756,77,3095,7,1
623,61.7,50.76,1603,86,1779,45,735,7,1
624,48.1,50.5,1285,51,3071,47,208,7,1
625,25.5,43.47,2745,47,3256,82,4707,5,1
626,40.4,48.7,1399,48,2673,79,2370,15,1
627,63.8,46.93,1994,92,1339,42,3382,5,1
628,34.3,51.61,867,41,824,85,3894,13,1
629,21.9,43.98,1240,58,1315,31,3820,10,1
630,51.3,45.19,2853,64,3463,60,1049,15,0
631,22.4,47.01,2781,40,2644,25,4216,4,1
632,33.8,47.29,1560,77,919,94,2870,8,1
633,29.3,52.63,2328,64,3184,70,3603,8,0
634,53.3,50,1701,68,861,40,3713,3,1
635,55,42.41,1179,55,2383,61,1908,3,1
636,33.3,50.09,877,63,1183,24,1213,10,1
637,62,53.85,1115,42,2567,28,1113,15,1
638,29,52.22,1952,54,1472,94,985,8,1
639,48.9,52.06,1528,48,1994,36,2071,9,1
640,58.4,47.48,1479,77,1850,71,2177,7,1
641,42.4,43.75,2717,57,1836,91,1007,9,1
642,57.6,53.82,2326,84,2492,89,3022,11,1
643,48.9,49.47,954,58,2339,28,1107,14,0
644,59.8,42.57,2778,85,1822,27,500,5,1
645,24.6,50.03,2133,66,2302,67,2587,6,0
646,27,44.94,960,50,1384,27,2905,11,1
647,53.9,48.39,2898,73,3478,69,2362,5,0
648,23.1,50.8,2270,49,2831,27,3406,9,1
649,62,48.87,1346,60,2429,33,4056,12,1
650,55,45.08,561,57,3199,54,4856,4,0
651,24.8,53.58,1977,72,1081,54,1980,2,1
652,38.4,48.62,1989,80,1478,30,2937,7,0
653,66,53.38,1758,54,2680,46,1357,10,1
654,62.3,46.86,2528,41,1831,89,3671,5,1
655,33.6,50.09,2232,93,906,40,2073,3,1
656,40.7,46.7,901,94,2784,44,4137,11,0
657,66.9,49.79,2179,74,965,77,2936,8,1
658,61.6,44.77,731,100,1003,95,1939,2,1
659,67.9,46.01,759,52,3323,89,2374,15,1
660,27.9,53.34,2937,72,2335,34,3074,13,0
661,47.2,42.57,877,85,1871,78,4461,9,1
662,23.9,48.87,890,63,3463,79,3836,13,0
663,62.4,52.21,1663,56,3005,50,2406,9,1
664,45,53.28,1703,42,1909,33,3058,12,1
665,47.5,46.9,2856,71,2667,72,1322,6,0
666,47.1,43.73,1355,62,1533,38,2778,11,1
667,36.9,48.48,826,85,991,49,855,10,1
668,40.9,49.52,509,48,2285,46,3874,8,1
669,29.9,47.92,902,82,2440,65,2250,1,0
670,26.7,47.97,2613,79,1935,62,3114,8,0
671,38.3,48.34,1635,51,2522,41,4721,6,1
672,29,48.09,1694,94,2314,39,4925,5,0
673,43.3,50.68,1525,99,2536,94,897,13,0
674,54.9,51.92,1147,75,979,37,3451,3,1
675,45.8,44.21,2933,56,3143,60,3150,3,1
676,58.6,42.88,675,97,3075,69,4101,3,1
677,30.6,45.91,574,70,2543,68,4455,14,0
678,48,50.12,2783,62,2632,58,3070,4,0
679,47.3,45.31,2603,74,2670,79,1931,7,0
680,63.8,49.35,2203,82,1882,78,3990,5,1
681,39.4,51.01,683,41,1127,45,4304,9,1
682,60.8,45.52,2321,49,1064,45,2476,10,1
683,48.5,44.07,2126,68,1484,31,1543,15,1
684,46.8,52.14,1737,86,3179,24,3413,6,0
685,61.5,47.05,1144,67,1298,29,4723,13,1
686,42.6,42.65,1491,85,2993,57,727,2,1
687,31,42.08,2084,92,953,31,4007,4,1
688,63.2,47.49,1493,92,2695,38,3364,6,1
689,56.8,50.31,3000,92,2044,42,4106,15,1
690,62.2,42.43,1613,88,1550,70,850,13,1
691,39.6,45.82,1843,88,1584,89,111,5,0
692,67.6,43.71,778,61,1978,49,3050,9,1
693,41.5,45.86,2367,86,2560,50,218,2,0
694,41,48.7,2651,48,2569,29,1396,5,1
695,33.7,46.38,1730,48,2872,50,2574,6,1
696,32,47.78,587,71,908,82,1281,14,1
697,67.6,51.65,2830,83,3043,44,3601,15,1
698,57.1,42.31,1115,65,1061,68,552,3,1
699,33.9,51.06,1346,67,1300,52,768,14,0
700,62.1,44.6,1618,78,2160,57,2676,12,1
701,59,49.6,2439,59,1641,23,583,11,1
702,62.1,53.71,1617,51,881,80,1670,8,1
703,46.8,47.91,1535,100,3301,45,3672,7,0
704,54.6,45.72,652,70,922,88,3090,4,1
705,62,52.45,519,46,3454,42,1855,4,1
706,69.5,47.56,898,49,3312,61,2408,13,1
707,64.2,44.57,1504,84,2464,55,4108,9,1
708,49.1,52.61,725,46,884,76,3789,13,1
709,40.4,53.2,1932,41,2640,52,4343,5,1
710,26.7,53.52,1570,77,914,69,1705,14,1
711,60.1,42.87,684,55,2642,47,1191,1,1
712,32.3,50.45,609,95,3264,85,584,3,0
713,46.1,42.12,1949,69,880,94,792,13,1
714,55.8,51.27,1108,89,979,87,323,9,1
715,65.3,47.73,1892,71,1103,87,4190,14,1
716,67.1,46.51,1646,58,1887,77,2423,8,1
717,67.5,53.77,2882,53,2415,60,2745,8,1
718,64.6,45.58,2519,82,1237,65,503,14,1
719,46.3,45.92,2473,57,1130,73,1156,7,1
720,57.4,50.25,1718,99,3205,88,4317,7,1
721,55.6,45.59,2564,67,1299,79,443,11,1
722,58.5,52.59,2067,47,1075,50,1326,8,1
723,42.1,53.16,625,44,2030,37,4593,6,1
724,58.1,49.64,1355,98,2229,72,1985,13,1
725,66.9,42.71,1523,92,3078,60,943,3,1
726,30.3,42.4,2435,89,1701,37,4818,5,1
727,28.4,43.08,1327,87,1977,93,704,6,1
728,58,43.81,827,82,2245,76,3087,7,1
729,36.4,51.33,2329,44,3448,43,562,1,1
730,53.3,51.59,1825,67,1145,66,132,2,1
731,55.8,49.86,2861,66,2794,86,4538,10,1
732,49.9,43.16,1833,47,3089,65,2046,11,1
733,22.3,46.02,2379,93,1257,38,3862,6,0
734,22.5,49.32,1153,63,1893,33,1340,6,0
735,30.8,48.96,2293,46,1700,75,3975,11,1
736,65.7,43.72,1372,95,1432,58,1139,10,1
737,57.5,48.3,2265,89,1366,90,1517,6,1
738,36.4,53.82,1928,49,2447,85,4635,10,1
739,59.9,45.21,2561,72,1165,62,847,5,1
740,34.8,51.16,569,77,3058,58,2090,14,0
741,66.5,43.13,1274,77,1574,58,202,4,1
742,67.8,47.31,2707,75,3425,88,3090,1,1
743,53.3,49.64,1775,55,2841,60,263,13,0
744,63,50.31,2066,67,2707,79,2965,7,1
745,28.9,47.99,2694,98,2513,28,2467,7,0
746,38.3,53.67,936,86,2094,63,1617,11,0
747,61.7,43.34,2729,47,945,93,1887,7,1
748,31.5,47.53,1218,42,2404,80,2054,4,1
749,45.5,47.47,1652,66,928,62,1203,11,1
750,53.6,52.59,977,90,2091,72,2957,12,0
751,58,48.87,2210,93,1957,86,839,3,1
752,22.8,46.58,2737,79,2661,26,3545,8,0
753,56.6,51.98,977,96,1054,51,3643,11,1
754,30.8,46.68,2260,94,1751,93,208,10,0
755,35.8,42.55,2331,50,2138,69,4150,14,1
756,41.5,53.41,1062,97,2318,37,1764,12,0
757,66.8,49.65,928,55,1401,28,2085,14,1
758,57.2,49.52,2766,67,2128,65,2279,4,1
759,50.7,47.58,2633,61,1387,48,153,12,0
760,62.1,46.32,2639,81,2703,85,2545,10,1
761,34.7,52.42,2832,55,1882,27,2156,6,0
762,55.3,50.93,2089,60,2818,79,2766,3,1
763,48.5,43.82,1303,76,3464,42,4776,12,1
764,25.4,47.13,1533,58,3421,83,4694,11,0
765,50.9,49.44,607,75,2577,31,563,2,0
766,62.4,49.58,2376,97,3364,49,678,8,1
767,69.7,47.97,1183,72,1626,27,2432,11,1
768,68.6,47.2,1304,71,3160,25,3257,14,1
769,34.1,53.04,928,63,2264,31,2749,13,0
770,32.8,47.64,2192,90,2562,35,2369,14,0
771,67.1,45.17,1602,97,918,70,4238,9,1
772,65.5,45.82,1321,59,3147,60,4030,5,1
773,29.6,47.1,1560,70,1296,27,2483,7,0
774,63.8,49.28,1401,99,2669,86,1752,6,1
775,34.5,46.15,2566,72,3154,40,4460,11,0
776,43.1,46.03,868,51,2672,83,695,10,1
777,58.4,45.62,1363,43,2570,70,786,7,1
778,47.2,43.25,2657,68,1880,74,3485,5,1
779,67.4,53,2880,43,1387,90,779,5,1
780,40.3,50.39,763,93,3136,23,4108,3,0
781,21.1,51.97,1407,95,1457,34,513,6,0
782,48,51.42,1004,53,2831,34,4900,7,1
783,23.9,43.44,738,41,1130,52,4110,10,1
784,35.9,50.17,773,85,2077,31,1757,1,0
785,33.5,43.22,1780,53,990,54,3156,12,1
786,58.1,49.5,2420,62,2315,32,248,1,1
787,33.2,44.62,1023,65,2444,38,4153,8,1
788,52.6,45.69,2161,80,3424,88,121,15,0
789,21.4,45.38,1126,45,1522,61,279,1,1
790,67.7,44.8,587,60,3018,32,4251,5,1
791,66.4,44.24,680,100,893,24,1132,13,1
792,60.9,45.44,1847,59,3027,26,2503,5,1
793,66.9,47.27,2575,97,2704,39,3458,14,1
794,52.5,52.02,2252,52,1760,32,3438,4,1
795,20.3,53.04,910,54,3086,34,764,7,1
796,53.2,51.93,1580,55,861,82,3312,6,1
797,22.7,47.13,2985,100,2316,75,213,2,0
798,32.4,51.21,2924,90,3399,90,2559,8,0
799,48.6,53.16,2548,66,1282,50,1615,11,0
800,48.8,49.29,1819,68,3407,47,142,1,0
801,25.2,52.6,2627,62,2825,66,3151,3,0
802,46.3,45.67,727,90,2548,94,3777,5,0
803,53.1,48.22,1570,93,1885,74,4361,2,0
804,53.7,49.19,2905,55,3366,50,1317,9,0
805,38.3,43.28,1038,63,3033,23,2375,7,1
806,24.5,43.7,2093,50,982,88,1212,8,1
807,25.4,51.73,1355,91,2844,40,562,5,0
808,68.1,49.15,678,52,1262,47,2127,3,1
809,32.1,51.85,955,67,1992,32,1469,14,0
810,66.4,53.39,2518,63,937,88,1765,11,1
811,55,52.18,1950,91,3484,49,2950,15,0
812,38.3,48.54,821,47,2882,92,3133,1,1
813,53.9,47.24,1543,74,1075,74,1690,1,1
814,30.5,47.19,2329,96,2934,45,2098,4,0
815,27.2,43.39,1398,66,3282,41,1908,1,1
816,26.9,47.11,2760,81,2782,91,2262,10,0
817,41.2,44.25,1244,49,1632,90,2646,10,1
818,39.6,53.88,1020,63,1915,46,4124,7,0
819,58.8,45.45,910,60,2057,28,3827,14,1
820,42.3,50.3,1039,91,2821,64,1644,8,0
821,60.3,53.39,2055,79,1213,61,171,7,1
822,66.8,44.93,2070,97,2117,57,655,8,1
823,65.4,51.07,2686,73,1546,57,1080,1,1
824,52.8,52.18,2908,90,1475,84,3304,11,0
825,27,51.72,2353,85,2117,74,4168,6,0
826,33.5,50.27,1047,83,1864,77,2451,1,0
827,68.9,46.37,1482,44,1085,52,352,4,1
828,51.5,46.87,2495,60,1039,79,1577,13,1
829,22.5,53.03,2064,60,2408,93,3400,12,0
830,20.5,48.92,2072,65,1228,78,2774,1,0
831,45.3,47.81,800,70,2568,45,3225,9,0
832,36.8,51.75,792,98,2385,27,1018,13,0
833,34.4,47.02,2482,48,2714,86,4980,3,1
834,48.1,44.98,2100,95,2203,60,2625,12,1
835,32.8,45.31,1430,48,908,32,630,13,1
836,56.6,51.4,2917,53,3292,27,4328,11,1
837,60.2,53.04,2697,56,1565,50,316,12,1
838,24.2,47.68,1640,58,1339,38,2547,10,0
839,22.1,42.9,833,80,2708,94,1750,10,1
840,48.1,52.3,1093,59,1574,79,3921,11,0
841,21.6,48.64,1028,46,1058,35,2891,14,1
842,55.3,51.1,2474,62,3243,88,1450,15,1
843,48.9,43.36,955,64,2920,57,722,14,1
844,26.5,53.11,1451,94,2896,35,366,6,0
845,41.7,45.31,703,73,3001,58,3225,15,0
846,65,52.47,550,88,2634,75,618,13,1
847,43.2,50.83,1309,81,2539,78,663,11,0
848,51.3,50.34,2260,92,1220,58,1253,5,0
849,33.5,45.56,772,95,1516,87,1827,2,0
850,63.5,44.26,980,50,1953,71,4549,13,1
851,54.1,49.29,1206,57,2886,61,1288,5,0
852,52.3,44.85,2042,87,2432,45,799,4,1
853,27.6,42.66,2604,56,1318,39,3511,2,1
854,50.9,49.27,1098,97,1495,70,1260,4,0
855,43.1,45.65,1213,53,2760,84,2115,3,1
856,34.5,45.85,2555,74,1555,22,1368,13,0
857,61.7,50.04,1232,68,2396,67,415,4,1
858,64.9,49.2,1666,46,1875,89,4758,9,1
859,23.6,51.4,1412,43,2434,93,2584,4,1
860,60.2,50.09,2123,77,2375,91,2723,4,1
861,67.1,53.93,2933,79,3194,26,4322,5,1
862,34.9,50.27,1909,56,2601,56,456,13,0
863,61.8,42.88,2956,44,1087,45,922,2,1
864,60,49.07,628,84,1571,37,2721,4,1
865,26.3,49.19,2276,45,3449,42,869,5,1
866,57.9,47.27,512,58,2366,36,2901,7,1
867,32.7,52.08,2343,57,2803,42,3551,6,0
868,31.4,47.15,895,46,1484,46,3446,10,1
869,37,43.81,2560,50,2874,72,336,3,1
870,37.1,49.48,2585,68,2908,34,2666,5,0
871,60.4,45.9,2622,77,2537,76,4381,1,1
872,23.4,47.01,1967,46,986,24,4597,9,1
873,30.2,53.04,2619,86,1822,35,557,2,0
874,63.2,54,2846,53,1285,58,3210,5,1
875,57.3,51.53,2843,87,2359,47,865,1,1
876,28.7,52.8,1016,51,2421,25,2519,5,1
877,34.4,43.33,1363,75,1647,84,3095,11,1
878,21.6,45.46,1727,56,2859,83,3455,3,0
879,23.3,52.83,590,58,1901,92,1641,15,0
880,55.2,50.18,2011,59,1287,80,3880,3,1
881,66.5,53.37,1943,54,3050,24,112,11,1
882,63.5,45.35,1451,79,2401,85,947,8,1
883,30.4,46.79,1833,45,1907,38,4958,6,1
884,64.4,50.97,1868,82,1846,82,531,7,1
885,41.6,52.68,510,71,834,59,3983,6,1
886,25.6,45.41,529,66,3163,58,2302,15,0
887,54.1,51.65,2159,85,2387,31,4733,13,0
888,21.5,51.33,2789,97,954,26,489,2,1
889,69.2,44.57,750,82,2521,86,3671,14,1
890,31.4,51.79,1371,95,3154,65,283,9,0
891,52.1,48.89,2908,83,809,62,939,5,1
892,29.3,50.62,2205,71,1567,61,4518,10,0
893,49.9,43.26,1049,86,2477,69,493,5,1
894,55.7,51.81,1903,75,2728,69,3164,9,1
895,37.5,46.94,2974,56,2369,31,1749,9,0
896,60.9,52.15,1503,68,1929,44,1593,3,1
897,24.2,50.16,2507,59,2946,38,2988,11,0
898,44,43.36,2705,45,2386,91,3882,3,1
899,43.6,45.44,2892,66,3134,83,911,1,0
900,30.4,53.77,1362,45,2589,78,3788,3,1
901,41.9,52.05,2398,49,1609,72,4288,5,1
902,33.6,45.3,2460,78,3078,76,3812,11,0
903,60.7,43.1,587,84,1345,33,4900,9,1
904,31.9,49.81,2880,62,1378,44,639,11,0
905,68.9,52.61,1190,66,822,28,4508,6,1
906,62.3,52.19,2959,46,1317,89,893,5,1
907,45.4,44.27,2578,60,3035,61,4475,13,1
908,20.9,48.97,785,85,3385,69,1584,7,0
909,41.4,50.39,2923,85,802,62,3668,11,1
910,31.2,48.72,782,90,1699,91,1718,9,0
911,52,53.62,1141,96,2198,47,3373,12,0
912,27.8,42.85,2483,71,3090,42,3866,15,1
913,68.2,46.52,1506,80,3257,24,599,7,1
914,32.7,46.38,2541,73,1452,85,4416,15,0
915,46.1,42.65,669,43,2696,90,2733,12,1
916,25.3,43.33,1389,62,2173,41,3830,6,1
917,54.9,50.56,1678,98,1655,82,2890,1,0
918,22.9,53.06,989,77,913,57,3270,11,1
919,32.7,45.8,2643,88,904,31,2112,9,1
920,43.2,42.26,2519,47,1088,33,3163,11,1
921,68.6,51.62,1658,73,1610,36,1401,5,1
922,38,42.22,727,89,1167,26,4005,4,1
923,55.8,42.73,1501,90,1370,42,4960,2,1
924,30.9,43.35,1967,100,1134,42,2148,8,1
925,43.6,43.65,1548,72,1016,56,3773,2,1
926,63.8,50.53,2709,71,1213,66,4687,3,1
927,34.9,49.49,1443,51,1331,37,1195,12,1
928,20.8,46.18,1278,89,2892,86,1452,2,0
929,26.2,51.82,2358,80,1767,65,4908,9,0
930,48.9,52.52,2417,100,1852,26,4115,15,0
931,68,42.67,2833,74,3043,85,4552,5,1
932,58.8,42.1,2865,78,2726,80,4919,2,1
933,45.4,45.62,2567,95,3017,46,139,2,0
934,40.9,42.64,1348,75,2188,29,862,12,1
935,58.9,51.51,716,60,3075,22,378,12,1
936,32.1,42.6,1879,48,1431,33,3196,15,1
937,51.4,53.56,2665,97,1911,79,2946,2,0
938,57.6,46.14,2073,57,2020,41,460,5,1
939,26,43.35,780,88,1663,67,4695,14,1
940,30.3,46.36,2954,48,3115,46,326,11,1
941,24.3,43.1,585,77,885,50,2587,9,1
942,35,43.16,799,76,2296,79,2638,12,1
943,20.3,45.39,870,64,1486,78,1108,15,0
944,43.5,52.36,2155,73,1063,64,1001,11,1
945,29.4,50.13,2096,63,945,40,4588,9,1
946,59.1,52.92,2512,74,3321,68,3234,8,1
947,56.2,50.67,1661,88,1955,24,3482,10,1
948,34,46.71,2372,96,3044,94,2084,12,0
949,24.4,53.1,2854,51,2670,31,2686,9,1
950,62.4,53.96,2216,52,1133,21,4561,2,1
951,23.1,52.49,1435,77,2327,38,3813,11,0
952,25.2,47.94,737,44,2495,31,1932,2,1
953,38.3,45.59,2985,42,2218,23,791,5,1
954,63,42.93,1409,74,1556,71,4189,14,1
955,60,44.06,1467,42,2138,89,4188,10,1
956,47.7,43.93,1040,44,1789,77,4246,15,1
957,63,44.21,2378,69,2945,68,3383,6,1
958,42.9,52.86,1055,70,3151,81,2724,10,0
959,39.3,50.21,1080,79,2227,57,2570,13,0
960,49.5,51.15,1750,44,2994,21,3490,8,1
961,21.2,48.05,1254,44,2773,28,2736,6,1
962,34.3,48.19,1571,92,3152,24,3945,13,0
963,23.6,42.94,1905,45,2682,54,4582,7,1
964,23.8,42.81,2183,77,2700,30,2515,3,1
965,22.4,48.3,2778,85,966,66,1205,10,1
966,54.1,45.46,960,55,2665,82,257,1,0
967,65.3,42.03,2539,55,2578,76,2888,11,1
968,63.7,51.96,2592,55,2644,55,4632,4,1
969,60.8,50.47,661,56,873,78,1136,13,1
970,23.4,49.82,2099,46,2139,95,571,6,1
971,48.3,48.01,1156,73,878,27,1672,4,1
972,45.3,45.07,2364,53,2432,91,3722,11,1
973,67.4,44.84,2606,88,1524,91,3264,12,1
974,52.8,42.48,2516,45,2055,79,2112,10,1
975,32.8,47.85,2957,97,1865,63,577,11,0
976,60.9,42.43,2526,67,946,29,1583,11,1
977,44.1,48.93,1761,42,1470,59,3269,2,1
978,55.3,47.42,2903,82,3238,85,4915,15,1
979,57.6,50.93,1234,81,857,66,4205,5,1
980,65.8,43.56,1172,79,3152,23,1598,8,1
981,45.6,51.48,1990,71,1372,31,3389,4,0
982,65.2,53.01,2481,70,2401,40,3388,5,1
983,32.8,45.7,1790,85,1810,92,4915,13,0
984,33.9,53.08,1509,96,2384,41,2279,3,0
985,68.8,51.5,580,49,2435,34,922,5,1
986,50.7,52.2,1551,75,815,93,1844,12,1
987,35.9,46.46,2267,44,2664,75,864,11,1
988,54.1,47.99,1764,54,801,86,1888,2,1
989,41.9,44.2,727,61,1104,29,1847,9,1
990,40.3,49.77,1937,60,2273,76,2567,4,0
991,45,47.6,1538,51,3192,79,1607,2,1
992,34.6,46.88,1580,54,2425,78,3381,9,1
993,67.6,53.74,2007,84,840,74,3445,12,1
994,64.1,46.85,2780,85,2580,27,1839,14,1
995,25,47.23,1911,91,2019,61,3045,12,0
996,61,51.52,1803,53,2886,74,3444,10,1
997,37.8,48.61,2083,58,887,77,2761,12,1
998,24.5,47.1,600,50,2992,87,1143,6,1
999,20.1,53.78,625,78,1002,22,2173,6,1
1000,53,47.41,2927,90,3078,51,4448,1,0
1001,38.7,51.38,1314,77,1308,42,807,2,0
1002,59.1,42.79,2224,75,2491,94,3041,13,1
1003,25.2,51.9,2082,98,1947,54,3656,1,0
1004,40.8,53.06,1768,51,1290,66,3435,2,1
1005,35.1,42.55,1114,56,2513,50,141,11,1
1006,58.2,48.61,1152,100,936,25,4861,1,1
1007,46.7,43.46,2901,60,1133,94,3806,7,1
1008,41.8,43.28,1689,68,2702,50,1564,7,1
1009,48.9,49.97,1674,61,1242,62,4771,4,0
1010,65.1,48.27,1363,78,867,87,4272,1,1
1011,38.7,43.13,746,74,3309,55,433,3,1
1012,42.3,45.14,860,58,3364,92,4155,9,0
1013,50.3,42.49,1485,48,2458,32,1129,4,1
1014,54.4,53.22,1447,70,2724,70,1049,2,0
1015,69.2,51.58,1847,91,1602,34,3026,7,1
1016,37.3,49.41,1342,81,2364,35,1652,4,0
1017,68.5,49.83,2237,64,1387,21,3969,11,1
1018,53.7,48.36,1078,63,2461,40,2063,14,0
1019,24.8,48.09,2425,72,2353,80,4298,2,0
1020,21.5,43.7,874,61,2334,67,3684,8,1
1021,56.9,53.4,2538,90,1559,61,4731,6,1
1022,69.8,45.98,2590,51,2320,46,2065,4,1
1023,33.9,47.32,1180,46,2603,28,957,9,1
1024,31.4,44.19,1306,53,2587,86,3588,9,1
1025,40.3,42.35,2757,42,821,74,2342,8,1
1026,24.2,51.83,900,84,1600,24,1812,13,0
1027,21,48.19,2036,59,1079,71,399,10,1
1028,55.1,49.9,2498,48,2118,49,4209,4,1
1029,43.4,45.22,1607,65,2934,59,2956,2,0
1030,47.9,53.39,1907,76,1902,44,3508,13,0
1031,53.1,42.85,691,90,3291,89,841,11,1
1032,39.1,47.69,1720,78,3008,72,4166,8,0
1033,33.2,49.7,753,81,2864,76,4053,2,0
1034,62.6,51.9,2989,91,1253,23,4632,9,1
1035,65.2,42.01,2212,49,3207,45,4571,11,1
1036,23.9,51.75,1475,51,1206,85,573,3,1
1037,48.1,47.65,1330,72,1376,83,3761,10,0
1038,65.6,46.61,1552,81,1718,32,3571,3,1
1039,52.5,51.5,505,82,3043,59,2847,8,0
1040,31.2,51.34,1290,99,1108,54,497,10,1
1041,35.4,43.74,2211,42,3098,64,3177,5,1
1042,46.3,53.24,1285,85,2477,28,3012,14,0
1043,48.7,42.52,518,46,2680,37,3776,7,1
1044,47,48.82,706,85,1798,60,388,10,0
1045,34.9,49.68,1003,48,2808,53,4078,15,1
1046,23.1,51.36,2717,89,3456,73,3108,12,0
1047,44.3,50.98,523,83,2195,29,4929,13,0
1048,28.7,47.4,2259,76,1725,91,4543,9,0
1049,53.6,46.02,1144,67,2691,28,2804,14,0
1050,24.9,49.41,1435,54,2504,63,3115,4,1
1051,47.2,48.85,814,62,1203,73,2601,8,0
1052,21.5,47.85,2928,77,3003,27,1967,1,0
1053,69.7,53.18,2758,55,2415,72,2487,6,1
1054,47.6,51.17,615,59,2179,47,3452,3,0
1055,31.8,42.32,1312,80,1061,40,1247,13,1
1056,28.6,43.79,1333,40,2355,59,2664,12,1
1057,59.8,43.28,1881,74,3466,76,2834,2,1
1058,61.1,43.98,2518,47,2284,78,1413,11,1
1059,59.2,47.83,1024,96,1194,71,4005,7,1
1060,33.1,53.64,1965,72,2915,65,3569,14,0
1061,34.9,48.67,1270,80,2443,25,4415,14,0
1062,44.5,46.24,1360,81,2127,71,1385,10,0
1063,23.5,43.83,587,54,2908,58,3115,14,1
1064,63.6,45.4,1120,65,1048,26,4050,13,1
1065,35.3,42.31,1399,90,2699,83,1083,15,1
1066,42.8,46.1,2856,57,2984,78,631,4,0
1067,21.3,50.89,1774,89,2653,72,4307,7,0
1068,38.5,48.29,1363,69,3266,37,3029,13,0
1069,34.5,43.82,516,59,2359,30,1578,5,1
1070,69.3,51.06,1584,99,2614,51,4545,11,1
1071,35.6,51.52,2469,86,1977,86,4928,14,0
1072,55.3,49.45,1903,64,3304,68,3230,12,1
1073,35.5,48.7,1775,69,2930,56,1667,7,0
1074,23,43.94,2332,40,2311,39,867,5,1
1075,44.1,46.9,1668,97,2282,61,1522,15,0
1076,69.7,44.13,1291,49,1994,67,1654,9,1
1077,49,43.48,1143,77,1131,75,768,1,1
1078,27.5,42.38,1045,95,1003,60,1657,13,1
1079,62.1,45.85,1118,60,2036,22,2873,4,1
1080,69.5,52.4,2633,62,3397,76,1853,10,1
1081,24.7,51.97,2561,94,3087,78,3080,4,0
1082,46.6,47.77,2588,49,875,21,3378,13,1
1083,21,50.19,1545,62,949,51,147,6,1
1084,53.1,42.41,2717,66,1506,89,3541,5,1
1085,53.2,48.55,2964,79,2428,75,920,3,0
1086,31.6,43.16,1788,82,2714,90,3054,5,1
1087,23.3,52.67,2854,46,2473,27,102,13,1
1088,28.1,45.79,616,99,2497,61,2970,9,0
1089,49.7,42.52,2984,90,2178,44,1273,6,1
1090,47.1,53.72,2449,43,2169,45,1324,14,1
1091,24.2,50.2,602,93,1336,38,335,4,0
1092,59.5,53.01,2249,90,2415,69,2389,14,1
1093,44.4,45.15,2290,47,1790,46,2434,12,1
1094,70,53.51,1593,82,3466,93,2758,1,1
1095,29.4,49.74,1161,52,2297,21,2352,7,1
1096,37.9,50.96,984,95,3024,54,2747,3,0
1097,69.7,47.54,2513,64,1214,88,1885,4,1
1098,37.1,42.85,2858,77,3283,62,263,2,1
1099,25.6,53.35,828,92,1202,82,3588,13,0
1100,34.8,45.84,2200,76,3030,38,993,9,0
1101,44.9,44.22,1761,65,2076,89,2366,13,1
1102,47.8,48.13,2085,90,2638,33,1334,2,0
1103,45.5,50.72,887,62,1751,95,450,5,0
1104,41.1,46.89,2544,51,1701,43,2242,1,1
1105,29.8,50.81,1326,55,2981,64,3315,11,0
1106,40.8,42.2,1117,56,2315,27,1504,4,1
1107,29,53.75,2556,89,1316,93,4415,1,0
1108,31.3,42.97,879,96,3086,84,3372,4,1
1109,36.1,46.46,1381,42,2153,90,3082,8,1
1110,33,48.46,2057,64,1535,92,1728,4,0
1111,27.5,47.23,2232,56,1127,68,3474,13,1
1112,21.3,46.78,2691,43,3046,32,2954,6,1
1113,21.3,42.3,1408,56,2371,43,1140,1,1
1114,55.5,44.28,1281,65,3044,27,3860,7,1
1115,24.9,50.77,2543,43,2840,30,1933,11,1
1116,47.6,43.75,2216,79,3329,86,4266,5,1
1117,44.9,45.45,1515,72,2131,53,2185,6,0
1118,30.8,50.05,2299,94,2531,42,810,1,0
1119,24,44.03,787,94,2807,57,695,6,1
1120,41.8,45.12,2674,95,915,31,3959,14,1
1121,59.2,52.74,2139,52,2286,55,2828,11,1
1122,64.4,51.79,2171,87,2155,59,1866,5,1
1123,66.3,50.2,1456,64,1358,82,886,4,1
1124,31.9,45.38,1929,78,2644,93,2789,10,0
1125,60.1,47.38,651,48,2755,55,2052,8,1
1126,57.2,49.31,2678,83,2035,87,3502,15,1
1127,65.7,45.12,774,64,3158,26,585,11,1
1128,46.6,50.47,839,81,3309,32,3242,9,0
1129,27.6,44.13,783,69,3395,81,2636,2,1
1130,27.9,48.43,2954,43,2756,31,688,11,1
1131,62,50.93,1953,78,3194,52,4613,12,1
1132,68.8,50.83,901,89,1675,78,4496,10,1
1133,64.1,49.75,2918,68,3490,48,361,6,1
1134,66.6,44.8,1731,72,1476,82,3916,8,1
1135,58,51.08,1712,52,2289,94,4412,10,1
1136,63.3,51.62,1795,82,2207,35,2136,11,1
1137,57.9,52.34,1631,89,1563,94,270,13,1
1138,68.4,50.31,987,68,2826,83,1503,8,1
1139,25.2,45.24,575,76,2230,79,326,3,0
1140,64,47.37,920,68,2244,75,3157,9,1
1141,57.7,51.5,2371,64,2246,40,1651,4,1
1142,40.7,47.95,2533,56,2627,21,2474,9,0
1143,37.4,47.72,1617,74,1834,76,3997,2,0
1144,27.4,43.89,2177,62,2886,31,3024,1,1
1145,43.2,44.33,892,78,2172,62,3941,12,1
1146,21.4,49.87,599,60,1936,29,519,14,0
1147,44.5,46.84,2769,43,3231,88,422,4,1
1148,65.5,46.41,688,84,1387,69,1770,3,1
1149,52.2,45.02,1894,84,918,60,4400,11,1
1150,68.5,44.47,1482,64,860,31,4364,2,1
1151,31.7,49.59,1699,65,3069,45,456,11,0
1152,28.6,52.25,1635,85,817,93,1980,2,1
1153,25,45.9,2069,58,1121,86,4394,12,1
1154,33.3,52.43,2175,85,2751,60,3043,1,0
1155,55.4,44.48,1453,75,1303,20,1153,2,1
1156,29.8,50.75,2054,54,1347,69,1451,6,1
1157,25.6,53.65,1187,59,1486,76,1146,14,0
1158,21.3,49.64,2252,44,1588,89,3641,3,1
1159,22.6,53.94,1824,40,3469,40,1009,5,1
1160,68.3,47.52,589,100,891,30,951,4,1
1161,55.3,45.25,2008,50,1757,66,4470,8,1
1162,64.7,52.33,2154,49,1137,48,1262,13,1
1163,64.1,42.32,1251,53,3493,44,4566,6,1
1164,45.2,43.95,2639,60,3299,81,3918,2,1
1165,29.3,51.88,578,68,1061,87,2695,6,1
1166,60.2,44.83,2523,42,1102,24,2186,6,1
1167,64.3,42.68,2245,88,1439,76,728,11,1
1168,37.8,42.59,2996,79,2572,21,4654,3,1
1169,25.2,51.41,871,70,2179,45,1967,5,0
1170,66.7,48.8,1369,86,2051,89,3450,8,1
1171,44.3,51.16,838,77,3336,92,4457,12,0
1172,35.1,51.62,1152,88,2457,25,3749,11,0
1173,36.8,51.14,1210,87,2336,79,4913,2,0
1174,42.2,42.89,2533,74,1442,70,4815,6,1
1175,65.6,47.4,1014,92,2521,41,3559,14,1
1176,31,45.46,1508,45,3272,67,3059,6,1
1177,68.4,53.66,2476,100,1955,37,3931,6,1
1178,44.4,48.16,2478,90,1516,62,3078,12,0
1179,21.1,49.32,1722,81,3097,55,597,9,0
1180,69.7,47.32,2872,43,842,55,2561,12,1
1181,61.5,43.46,527,51,3139,39,2910,15,1
1182,40.1,46.71,2177,56,1343,20,2830,9,0
1183,64,49.98,1751,53,1220,95,1026,5,1
1184,21.4,43.65,2559,44,2948,37,2199,15,1
1185,67.7,42.72,1651,65,1514,30,2012,12,1
1186,50.2,48.04,1510,78,802,40,2668,4,1
1187,37,47.82,1068,71,2383,33,2187,1,0
1188,61.2,46.74,2879,58,2382,26,874,12,1
1189,36.6,52.11,2541,42,1848,72,399,15,1
1190,44.7,44.4,1986,91,1747,37,3868,14,1
1191,59.8,52.21,1053,98,1570,92,3718,12,1
1192,62.3,43.93,717,81,2635,20,1456,4,1
1193,24.3,44.41,1483,71,2637,35,4425,1,1
1194,22.5,42.21,797,40,2542,24,4500,11,1
1195,32.9,45.48,2781,59,1726,60,1983,1,0
1196,25.5,46.58,2763,40,2091,48,3296,15,1
1197,43.9,45.37,1078,92,3062,70,1209,8,0
1198,50,43.63,620,59,1967,50,1583,11,1
1199,58.3,44.91,914,61,2853,61,3826,10,1
1200,33.4,51.35,532,67,2899,64,1279,6,0
1201,25,42.64,2502,55,2740,21,1117,13,1
1202,56.1,51.85,2846,53,3186,63,3432,8,1
1203,52,48,2759,77,2453,62,603,14,0
1204,27.4,50.72,1808,100,1285,40,3320,1,0
1205,63.8,50.62,1063,51,2184,30,1385,13,1
1206,68.6,53.9,1953,86,2449,45,2093,2,1
1207,42.8,45.39,2691,86,2465,70,1207,9,0
1208,52.8,53.18,2320,77,1608,83,352,8,0
1209,54.2,49.64,2342,91,2459,26,4849,2,0
1210,67,45.08,2809,96,2034,46,2182,6,1
1211,37.2,51.33,1155,95,1531,61,3956,7,0
1212,57.4,43.57,2198,63,2688,94,2227,5,1
1213,24,51.16,1529,40,1917,84,2242,2,1
1214,22.8,53.67,1072,64,1493,95,2080,7,0
1215,28,48.71,2039,95,2595,82,2870,13,0
1216,57.1,47.27,803,63,1056,26,4141,10,1
1217,63.9,50.91,2463,43,2641,60,3413,14,1
1218,55,52.24,2752,64,1302,30,1045,10,0
1219,33.1,49.95,2850,72,2963,35,3997,8,0
1220,39,43.09,2487,83,1051,60,727,3,1
1221,39.6,46.84,2818,97,2474,85,3979,2,0
1222,66.9,42.7,2239,84,2550,51,4954,6,1
1223,43.4,46.66,695,60,933,86,176,11,1
1224,36.4,42.11,1986,88,3336,64,4761,13,1
1225,37.6,45.8,1539,100,1264,53,1835,3,0
1226,20.7,47.78,854,77,810,77,3575,2,1
1227,42.6,42.67,1094,51,2207,47,4208,4,1
1228,63.5,44.7,1908,65,1726,90,1920,8,1
1229,48.7,44.41,1373,90,1761,50,3383,9,1
1230,62.5,42.64,2457,58,1746,24,2199,14,1
1231,47.5,52.12,567,53,1035,26,176,11,1
1232,27,50.44,1938,54,1445,82,1595,3,1
1233,33.2,45.46,1841,51,1031,87,2863,6,1
1234,53.8,42.23,1808,44,2290,74,3237,3,1
1235,24,47.62,2451,62,3444,54,2582,12,0
1236,38.2,48.73,787,65,2679,35,3920,6,0
1237,55.4,53.65,2712,85,3026,68,102,1,1
1238,61.2,51.63,2151,76,3378,92,1013,6,1
1239,23.3,47.93,984,97,2346,47,3306,7,0
1240,69.6,53.27,1786,100,2458,26,3020,7,1
1241,34.9,44.91,2732,67,2952,74,1668,10,1
1242,63.9,45.21,2297,57,1756,95,825,3,1
1243,20.1,45.73,1776,62,2766,45,2090,4,0
1244,62.3,46.66,786,92,1726,68,4676,5,1
1245,55.2,52.02,917,58,1969,22,2601,15,1
1246,20.3,53.92,2436,71,1576,44,1589,13,0
1247,58.5,51.56,2090,64,3160,68,4011,9,1
1248,36.5,48.68,874,43,3132,46,1585,15,1
1249,55.7,46.76,718,76,1229,73,4562,9,1
1250,25.5,53.96,2792,100,2095,49,1800,13,0
1251,57.5,46.28,2615,60,1272,27,2883,6,1
1252,43.9,45.59,1741,54,1627,20,1125,9,1
1253,55.9,50.76,1609,45,1947,83,4716,7,1
1254,45.4,51.89,1116,95,3097,25,121,12,0
1255,23.8,42.14,676,40,3255,93,244,2,1
1256,46.7,43.66,733,66,2628,72,2382,6,1
1257,50,51.86,1025,66,2292,22,4399,9,0
1258,37.9,46.58,1061,66,3269,52,964,1,0
1259,66,45.87,1234,92,2434,67,1841,10,1
1260,65.5,50.16,1545,55,1743,36,218,5,1
1261,27.5,46.29,2022,49,1924,52,625,5,1
1262,23.3,50.2,1076,40,1225,70,766,12,1
1263,25.9,47.08,1568,71,3058,82,3509,10,0
1264,33,53.15,2778,65,3222,86,3136,1,0
1265,28,45.02,2981,62,1346,74,1320,11,0
1266,34.1,47.77,2311,68,1691,44,4582,6,0
1267,50.1,53.3,1465,88,2877,62,4756,15,0
1268,51.2,51.66,2845,66,2580,33,4075,2,0
1269,31,48.91,2770,70,1659,64,4426,2,0
1270,28.5,50.7,627,49,847,43,3262,5,1
1271,70,52.91,2552,68,1758,83,1759,5,1
1272,32.9,44.07,1641,98,1618,62,1035,5,1
1273,63.1,51.76,1795,87,1989,93,2163,10,1
1274,55.6,44.28,1400,79,1598,72,3783,2,1
1275,57.3,53.29,2921,76,828,63,858,4,1
1276,21.5,46.89,1522,94,1091,82,2101,9,1
1277,50.9,47.14,2419,100,1104,25,1805,9,1
1278,30.8,43.28,970,88,1072,51,3485,10,1
1279,60.6,47.68,1705,79,2188,94,4467,6,1
1280,53.7,53.57,1467,76,1914,91,1993,12,0
1281,40.9,47.93,905,92,2067,93,191,13,0
1282,23.4,44.14,981,58,3075,46,2473,1,1
1283,37,42.46,1485,79,982,84,4919,15,1
1284,49.1,50.7,2756,46,1967,22,1700,4,1
1285,47,43.63,1279,56,2271,70,3387,7,1
1286,39.1,49.53,1588,54,1137,20,4262,4,1
1287,28.5,53.82,2120,95,1309,29,101,5,0
1288,66.6,44.57,2086,43,3065,25,4285,7,1
1289,56.5,50.47,1084,77,3408,41,4358,14,1
1290,60.7,52.24,2960,97,1704,74,1011,5,1
1291,50.2,49.39,1215,71,2065,71,2162,6,0
1292,32.2,50.37,1917,80,1769,31,4930,5,0
1293,30.9,48.18,1331,64,1380,32,2055,9,0
1294,59.6,44.46,1906,84,2553,76,4389,7,1
1295,53.2,53.37,2395,67,1254,52,528,9,0
1296,48.6,53.89,1845,57,2984,70,1207,9,0
1297,49,53.52,1406,89,1289,61,3151,10,0
1298,59,52.41,1966,70,1096,63,2189,14,1
1299,66,46.36,2083,45,1905,50,4479,2,1
1300,49.7,43.94,2627,57,1379,27,3097,15,1
1301,59.5,50.59,678,90,1648,64,3894,9,1
1302,51.4,49.48,2788,93,2995,25,588,9,0
1303,20.7,50.14,504,48,1831,55,2162,3,1
1304,25.2,42.8,1618,71,1109,63,3330,10,1
1305,29.3,47.14,1641,87,2354,46,749,9,0
1306,33.1,49.64,2557,72,2440,76,3220,15,0
1307,62.5,46.54,2178,70,2346,28,4394,9,1
1308,63.8,50.62,2095,51,3485,61,3825,4,1
1309,66.6,43.5,929,79,1866,77,121,6,1
1310,55,51.5,2253,65,2892,80,4518,14,0
1311,48.7,42.76,2850,87,2793,80,3462,13,1
1312,55.6,42.57,1418,88,2372,62,3307,1,1
1313,25.3,52.58,1425,41,3404,72,4962,11,1
1314,22.5,52.11,1110,48,2069,81,588,7,1
1315,39.8,47.15,1029,69,3373,39,2437,12,0
1316,54.6,51.9,622,41,2580,37,2110,4,1
1317,68.2,44.53,945,66,3111,56,2247,15,1
1318,68.2,51.23,1441,87,2931,79,4061,12,1
1319,38.5,43.15,1978,75,1483,43,4436,13,1
1320,61.4,47.38,1997,86,2617,32,2716,13,1
1321,50.2,47.77,1528,52,2745,56,209,13,1
1322,57.8,53.96,756,99,1153,37,2500,14,1
1323,67.8,51.02,1592,43,1791,88,1891,14,1
1324,31.2,51.6,1658,98,2527,61,4601,14,0
1325,55.7,45.32,2341,45,2264,31,3058,3,1
1326,25.5,52.98,2666,70,1575,30,4121,15,0
1327,33.1,51.42,2124,98,2691,57,2280,6,0
1328,59.7,42.42,1679,61,834,50,2754,3,1
1329,47.3,53.68,2237,77,1878,41,2406,9,0
1330,58.2,51.67,1490,44,2556,74,2542,7,1
1331,54.6,44.48,1189,60,2429,50,2552,4,1
1332,35.7,46.8,2735,63,1895,80,813,8,0
1333,22.5,43.71,1105,45,2222,64,4166,12,1
1334,38.9,46.29,1864,71,1493,25,2148,15,0
1335,33.3,51.69,2658,71,2610,56,1070,6,0
1336,64.4,47.56,2177,90,3075,85,2415,15,1
1337,33.5,47.17,1125,73,1789,32,3453,8,0
1338,40.9,48.68,2308,92,885,73,3629,4,1
1339,51.2,48,1394,41,1646,80,4277,5,1
1340,60.1,53.28,506,83,1659,41,4210,7,1
1341,43.8,52.21,1015,75,956,60,1189,14,1
1342,35.6,49.14,2435,54,1425,36,3144,2,1
1343,47,43.85,2909,66,1630,95,4904,3,1
1344,67.1,49.31,732,81,1716,61,3002,11,1
1345,69.3,49.91,899,77,3307,73,938,11,1
1346,53.7,51.97,2075,49,2657,57,3370,4,1
1347,62.8,51,1872,55,1718,56,2539,1,1
1348,56.3,52.98,2785,58,2751,85,1160,12,1
1349,59.2,50.56,2857,78,3185,63,4302,1,1
1350,29.3,42.56,1574,92,2253,71,3015,10,1
1351,66.9,44.33,814,89,3330,51,661,11,1
1352,64.2,43.16,1813,77,2834,52,2874,10,1
1353,64.8,45.98,1973,74,1127,23,4390,5,1
1354,27.2,45.12,2840,68,1697,93,3920,2,0
1355,43.4,43.11,608,81,1868,20,1130,15,1
1356,37.4,42.32,2179,44,3202,52,4576,15,1
1357,46,49.6,1125,79,2150,81,2930,6,0
1358,58.5,44.93,2866,62,802,75,975,1,1
1359,34.2,42.57,1031,87,1789,27,3229,2,1
1360,55.4,53.83,1018,61,2674,50,2982,14,1
1361,22.7,48.98,1399,76,1494,50,3326,1,0
1362,54.4,50.15,1223,69,1985,75,1645,15,0
1363,64,53.07,2854,89,1066,30,1070,9,1
1364,38.6,53.13,1723,50,868,87,402,1,1
1365,57,52.41,2763,87,3311,61,3837,4,1
1366,38.7,44.41,2102,43,1455,54,3050,10,1
1367,35.8,46.78,554,96,1680,68,518,8,0
1368,62.3,47.74,645,72,1265,26,3715,6,1
1369,44,51.56,1745,65,1424,91,3248,1,0
1370,45.3,42.59,2898,47,2079,58,3939,5,1
1371,35,42.65,1705,79,1153,60,3088,6,1
1372,23,43.04,531,90,2396,86,4417,13,1
1373,28.4,45.04,619,45,2839,93,2439,15,1
1374,48.6,47.72,2411,75,2289,94,3180,4,0
1375,61.8,49.81,1378,66,1259,31,2622,7,1
1376,29.2,46.67,2380,46,3444,46,1332,14,1
1377,44.6,43.9,2095,60,2854,52,4350,11,1
1378,32.9,51.52,2202,99,3244,62,638,11,0
1379,24.9,49.13,1834,79,3035,66,2188,15,0
1380,67.2,48.45,2205,89,1977,33,896,12,1
1381,44.7,48.11,1584,61,966,41,3807,11,1
1382,23.2,48.3,2247,62,1639,94,2500,3,0
1383,45.8,49.84,772,76,3011,59,505,6,0
1384,62.8,51.62,2106,55,1080,46,3336,3,1
1385,38.3,51.82,1475,97,2994,38,2290,15,0
1386,29.3,49.78,1534,76,2199,35,3356,14,0
1387,63.8,42.92,527,46,3080,91,201,9,1
1388,29.9,43.51,1155,99,3311,69,3689,11,1
1389,42.7,48.17,2865,92,3419,45,4252,14,0
1390,21.2,46.98,919,50,880,78,3875,12,1
1391,54.9,50.51,1694,58,3312,30,3176,13,0
1392,33.4,45.71,2404,54,1356,42,554,13,1
1393,67.3,43.73,2533,98,2977,55,2648,6,1
1394,53.3,43.29,1871,82,2185,95,1925,5,1
1395,42.4,44.86,2387,90,1354,32,4242,5,1
1396,30,47.69,2371,69,2789,35,3622,8,0
1397,51.3,45.63,2164,83,2786,22,2400,8,0
1398,37.2,45.77,1132,85,3058,83,605,12,0
1399,36.1,44.55,891,73,2635,40,4675,2,1
1400,22.1,49.06,2349,78,1445,63,3180,6,0
1401,56.2,42.24,537,85,1084,30,2793,3,1
1402,64.2,50.2,1317,57,2014,49,3314,11,1
1403,64.5,48.56,2906,56,1785,47,1282,6,1
1404,52.1,48.58,717,88,1359,30,4231,2,0
1405,55.4,53.96,999,65,3366,63,4502,4,1
1406,22.3,52.84,1969,42,2571,56,2830,11,1
1407,21.9,44.29,2435,47,1695,27,1391,7,1
1408,42.8,51.45,1144,51,2155,94,1148,8,1
1409,46.2,45.89,2742,89,851,31,2866,15,1
1410,42.7,44.87,2962,79,2515,86,3255,14,1
1411,38.6,49.31,2488,73,2617,26,3899,2,0
1412,34.6,51.4,1190,45,2982,62,2930,4,1
1413,40.4,52.62,2896,55,2028,55,3225,10,0
1414,47.1,50.4,2317,66,1921,39,4194,10,0
1415,64.3,52.75,1090,61,2775,87,1669,10,1
1416,39,48.43,610,94,1494,41,3839,10,0
1417,57.9,52.16,2627,63,1858,43,3086,2,1
1418,65.9,51.63,2209,95,2565,42,1084,2,1
1419,57.7,48.68,951,45,2350,86,1908,3,1
1420,39,46.56,2590,90,1226,20,4385,9,0
1421,69.7,48.22,1220,83,2480,93,254,8,1
1422,23.2,51.13,1457,63,2548,30,2262,15,0
1423,40.3,46.65,2107,73,1260,57,4863,1,0
1424,34.1,47.06,892,86,2237,62,3631,9,0
1425,37.1,50.53,1519,80,1779,30,567,5,0
1426,49.7,50.91,1829,90,3173,79,2535,9,0
1427,32,53.45,1377,60,3184,67,1545,8,0
1428,64.2,52.6,1337,68,2847,38,1922,13,1
1429,63,46.56,2387,84,1247,56,1327,11,1
1430,60.8,49.99,839,78,2326,34,4949,2,1
1431,22.3,50.51,2026,80,1230,73,505,12,0
1432,40.6,52.77,1928,100,1752,88,3851,7,0
1433,41.1,46.2,2625,84,3186,43,2236,3,0
1434,65.6,42.8,1505,100,2887,44,3920,4,1
1435,40.9,49.45,967,74,1659,36,2490,8,0
1436,59.7,43.62,848,52,1722,42,1114,11,1
1437,41.8,45.41,1954,46,1211,62,2898,14,1
1438,25.1,50.72,1445,86,2437,28,956,7,0
1439,64.5,48.32,2575,61,1161,78,4834,1,1
1440,67.4,44.54,1415,60,2043,70,4502,1,1
1441,36.7,47.33,1425,78,2535,38,4948,14,0
1442,23.7,50.82,2566,40,1988,59,1843,5,1
1443,31,47.36,550,94,2576,89,3422,12,0
1444,54.5,45.73,1486,61,2304,66,1621,11,0
1445,36.9,42.85,1391,99,1973,90,2169,10,1
1446,41.7,42.67,1801,68,1201,36,3268,5,1
1447,36.7,48.17,2994,81,1212,46,3794,12,0
1448,45.9,50.44,1138,90,2134,73,1255,9,0
1449,34.3,46.03,2736,71,1742,45,2876,14,0
1450,50.4,52,2363,73,2915,32,4648,9,0
1451,35.9,50.84,1026,80,1613,56,4830,7,0
1452,38.7,50.37,622,47,1002,72,835,4,1
1453,32.1,43.72,2775,75,2871,22,1265,3,1
1454,27.7,46.21,2448,84,1292,73,1821,1,0
1455,21.7,51.79,2097,79,2056,44,2382,10,0
1456,22.9,45.01,2433,44,1307,86,4756,11,1
1457,29.4,49.92,2116,93,3025,51,3983,4,0
1458,68.2,52.16,2662,81,2665,60,689,13,1
1459,41,46.16,1373,75,1499,31,1478,11,0
1460,58.7,51.53,1896,74,2837,89,2426,15,1
1461,39.8,45.23,1737,89,1395,53,4212,12,0
1462,21.9,43.29,2912,61,2538,80,1069,6,1
1463,67.3,46.93,1211,82,2942,65,1710,6,1
1464,28.5,42.89,2909,57,2460,87,1179,8,1
1465,37.6,52.55,2677,55,1727,53,1270,15,0
1466,55.8,47.18,830,52,2121,63,1545,7,1
1467,54.7,46.47,683,91,1658,33,1585,9,0
1468,22.4,49.4,2585,43,1383,36,2072,11,1
1469,45,51.6,1258,64,3108,25,3198,8,0
1470,40.8,46.76,914,70,1482,54,1282,2,0
1471,20.7,51.85,1449,50,3040,79,1102,6,1
1472,30.8,53.46,2039,58,3023,89,4514,10,0
1473,29.2,48.15,723,72,1376,95,2447,9,0
1474,58.4,53.16,1755,67,2421,40,1617,4,1
1475,50.2,52.26,2562,41,2102,41,4362,9,1
1476,50.5,49.59,1153,47,2420,27,4561,12,1
1477,66.9,42.39,1608,67,1990,86,528,2,1
1478,43.8,51.39,2808,100,900,87,3765,8,1
1479,37.5,50.61,2635,96,1821,40,1048,9,0
1480,35.4,46.54,1756,85,2443,45,550,4,0
1481,65.5,53.93,2520,62,1963,44,650,6,1
1482,28.8,52.91,2655,92,1230,31,3014,6,0
1483,57.1,50.49,1583,84,1532,58,1699,8,1
1484,44.5,52.57,1433,84,3235,91,1452,13,0
1485,47.7,42.68,2445,89,1589,83,3665,4,1
1486,49.4,44.09,2818,64,2465,37,1630,14,1
1487,25.9,42.92,2697,79,3027,25,2052,3,1
1488,25.1,51.27,953,51,886,63,4546,4,1
1489,49.3,45.93,790,99,1334,65,2050,15,0
1490,56.1,51.42,1671,73,3040,52,295,6,1
1491,58.8,48.93,1766,90,881,58,2502,1,1
1492,48.8,47.57,1286,43,2284,20,4740,9,1
1493,36,52.33,1146,50,1530,77,2967,13,1
1494,58.3,46.77,2111,59,859,50,4821,1,1
1495,67.9,49.04,2018,95,1882,84,3239,2,1
1496,48.1,52.59,1059,70,3209,21,2212,3,0
1497,36.5,47.54,955,56,1034,49,2718,5,1
1498,44.1,42.57,1726,56,2820,51,2765,15,1
1499,33.7,43.15,660,64,1620,69,1454,15,1
1500,51.8,53.28,1709,89,1752,45,3007,10,0
1501,55.7,48.77,2391,90,1361,37,2686,6,1
1502,21.9,47.74,1233,87,1627,31,4553,3,0
1503,32,46.31,1370,59,2171,67,4888,9,0
1504,61.8,43.65,1232,76,1953,74,411,12,1
1505,35.2,44.73,2112,63,2225,44,4977,7,1
1506,66.4,52.55,1898,74,1255,35,2221,7,1
1507,67,48.34,1096,73,1456,87,3243,4,1
1508,53.8,46.09,2494,77,3002,24,3134,6,0
1509,40.6,50.06,1794,53,1961,84,4668,2,1
1510,69.6,47.51,669,79,1290,34,4629,8,1
1511,42.6,50.6,2281,87,1596,87,1576,8,0
1512,56.9,50.05,1144,58,1047,91,1267,2,1
1513,43.6,45.62,1456,91,1415,78,3168,15,0
1514,48.5,49.6,644,71,2913,85,1547,7,0
1515,32.9,45.84,1593,93,2171,65,4977,11,0
1516,65.2,46.67,2009,53,971,80,1450,5,1
1517,61.6,45.15,1398,89,1663,24,1202,7,1
1518,68.7,45.14,2245,62,2601,37,3875,3,1
1519,40.2,45.96,624,77,1959,85,658,9,0
1520,27,49.04,2005,44,2330,66,1110,14,1
1521,46.5,47.79,1811,90,2148,34,2582,7,0
1522,64.9,53.38,2544,41,2432,44,4606,5,1
1523,64,48.27,1995,45,1615,91,4164,10,1
1524,53.7,48.71,1017,80,2066,64,2269,13,0
1525,34.5,51.23,2233,99,3434,82,1629,10,0
1526,65.1,51.33,1484,41,1061,24,382,1,1
1527,50,51.34,2294,70,1519,52,4031,1,0
1528,38.1,51.04,764,54,1972,61,1340,13,1
1529,24.4,52.79,931,48,1177,44,3057,5,1
1530,34.9,47.12,1374,88,941,77,1970,1,1
1531,51.9,44.99,673,42,2986,35,2048,10,1
1532,47.9,49.87,1038,69,1281,66,2303,13,0
1533,23.3,50.31,2535,43,2188,29,4314,14,1
1534,23.2,43.9,1180,47,2623,72,1131,6,1
1535,43.3,52.36,1658,78,925,39,4762,15,1
1536,29.6,44.47,1734,69,1800,75,2540,9,1
1537,40.7,51.48,839,78,1067,52,3188,8,1
1538,53.3,45.08,1150,89,1472,52,361,7,0
1539,28,45.83,550,44,3043,31,2357,10,1
1540,68.7,46.1,1173,67,1981,72,4459,7,1
1541,48.4,51.59,2806,90,2659,20,569,3,0
1542,25.9,48.41,1609,87,1186,95,3338,10,1
1543,40.6,46.7,1836,60,3473,56,2403,15,0
1544,40.5,51.93,2104,48,2563,33,1475,10,1
1545,24.7,49,1397,55,2029,95,3889,11,0
1546,49.1,48.12,1678,43,2358,29,3187,1,1
1547,51.6,53.16,2505,41,2718,32,4582,6,1
1548,55.7,44.84,742,87,1642,37,1206,8,1
1549,30.4,44.1,1555,94,1331,32,3222,7,1
1550,40.6,53.42,2799,44,1310,59,3293,14,1
1551,56.4,49.86,800,65,1831,74,2703,9,1
1552,66.9,51.62,2170,79,2493,55,794,13,1
1553,37.5,49.91,2619,55,1931,72,2222,8,0
1554,30.7,47.99,1004,41,1371,35,1634,13,1
1555,27.6,45.57,1975,89,1876,55,4863,3,0
1556,44.9,49.76,979,54,1995,70,3430,10,1
1557,44.4,48.69,1500,40,1041,60,2272,13,1
1558,40.6,43.78,1876,70,1312,45,4930,14,1
1559,20.8,42.11,987,45,2842,87,1932,2,1
1560,27.6,43.49,2412,50,2896,59,2101,5,1
1561,60.7,44.25,2176,89,1625,39,4427,6,1
1562,40.9,43.91,820,40,2316,82,1091,5,1
1563,63.5,43.91,1254,78,2357,79,1608,8,1
1564,67.8,48.4,722,57,1358,45,4388,14,1
1565,33.5,53.82,2536,57,1319,50,1023,7,0
1566,50.2,47.2,1423,54,2587,67,968,11,1
1567,64.2,51.96,925,76,2928,34,4857,7,1
1568,57.2,43.19,541,78,2688,57,2131,13,1
1569,22.1,52.09,512,56,930,44,2119,1,1
1570,65.9,45.23,2750,97,1845,50,1390,10,1
1571,48.8,42.21,2371,65,2640,91,3255,10,1
1572,43.1,48.13,2342,66,3110,70,4060,15,0
1573,67.1,44.34,2864,53,2152,63,1264,13,1
1574,35.4,53.62,1045,71,1091,81,4407,3,1
1575,57.7,42.82,1598,65,1120,54,3033,15,1
1576,55.7,44.73,1634,59,1288,90,435,11,1
1577,21.2,47.61,2607,47,967,53,3055,9,1
1578,32.4,42.39,632,85,2676,21,1172,7,1
1579,52.1,43.8,571,96,2602,91,2122,7,1
1580,21.8,42.19,1302,67,2597,57,3556,6,1
1581,67.6,53.95,2642,92,2798,42,4249,7,1
1582,68.2,47.63,1584,42,1301,34,3988,7,1
1583,35.2,42.37,842,79,3001,77,1226,3,1
1584,23.3,50.32,2961,53,2283,79,1842,1,1
1585,48,49.86,1412,54,3389,44,2408,3,1
1586,29,50.71,2800,60,2199,34,1894,9,0
1587,58.7,53.93,2755,64,1056,79,3634,7,1
1588,35.4,52.31,2186,58,2118,81,2089,6,0
1589,62.6,48.83,734,61,2889,57,1858,12,1
1590,21,50.67,803,54,2466,78,784,11,1
1591,47.7,49.09,2931,49,2482,28,4723,15,1
1592,67.8,47.08,2177,49,1154,80,4908,3,1
1593,66.8,51.14,1944,65,2361,23,1016,14,1
1594,50.7,49.85,2833,93,2947,54,4335,10,0
1595,64.3,48.21,673,45,2515,68,4466,3,1
1596,60.3,44.9,2725,42,2650,65,1871,4,1
1597,58.3,51.49,1567,90,2390,78,1829,9,1
1598,33.4,43.65,1604,94,1227,32,4525,10,1
1599,57.4,42.33,835,95,1749,45,764,14,1
1600,26,46,674,40,1990,48,1577,5,1
1601,45.2,42.85,975,41,1013,30,2530,5,1
1602,42.6,52.54,822,83,1595,62,3856,7,0
1603,52.7,48.58,538,76,929,30,419,12,1
1604,65.9,51.81,577,49,2699,77,1378,12,1
1605,33.9,47.07,878,53,2586,76,739,8,1
1606,25.6,50.72,2477,75,1878,77,1685,14,0
1607,50.5,47.52,2175,98,2135,23,493,8,0
1608,34,49,1492,56,1893,55,3334,13,0
1609,26.3,42.94,763,56,2349,46,157,10,1
1610,66.2,48.64,1408,85,2515,29,2335,12,1
1611,47.7,50.87,1250,66,2369,38,1185,3,0
1612,20.6,51.97,2583,76,1854,82,1873,2,0
1613,24.4,45.26,984,57,1893,34,672,9,0
1614,47,52.73,2202,70,2960,70,1317,3,0
1615,61.3,50.63,2167,55,3462,65,568,12,1
1616,41.6,45.55,1925,97,1263,72,3238,4,0
1617,53.8,44,2348,54,2137,50,444,10,1
1618,62.1,42.95,1957,88,1129,59,3100,3,1
1619,44.8,48.67,1481,87,1492,81,3637,10,0
1620,26.3,49.21,1223,84,1763,28,190,14,0
1621,44,42.29,756,44,2979,89,2838,3,1
1622,51.7,52.29,978,98,3349,91,3093,6,0
1623,50.9,49.42,709,46,2457,56,4372,6,1
1624,29.4,44.89,1429,47,1338,36,744,6,1
1625,53.5,48.62,2395,40,3429,45,4933,13,1
1626,26.5,52.95,2819,81,1293,80,411,6,0
1627,24.4,47.33,537,65,1814,92,2764,4,0
1628,20.3,47.86,2331,72,2615,55,563,10,0
1629,62.4,50.31,2092,45,1500,26,2767,15,1
1630,65.1,43.47,1817,79,3328,35,4415,13,1
1631,59.1,48.7,2030,77,2094,30,737,3,1
1632,38.8,49.24,2676,83,2941,70,1815,8,0
1633,54.7,50.49,1883,77,2072,91,3620,15,0
1634,28.8,53.42,933,88,1439,36,4788,13,0
1635,60.9,48.17,1728,92,3462,87,852,6,1
1636,53.4,47.84,1982,93,3172,48,814,13,0
1637,51.1,49.68,2009,40,3104,88,2268,4,1
1638,26.2,51.82,1991,97,1858,91,211,15,0
1639,47.1,49.31,2090,79,3288,86,313,6,0
1640,54.6,44.55,2870,96,2316,92,1355,14,1
1641,63.5,43.6,1932,75,3444,51,3842,8,1
1642,48.5,48.59,876,45,3454,23,3064,9,1
1643,46.8,44.62,1464,48,3209,43,4717,6,1
1644,20.1,47.06,2788,90,1363,47,826,12,0
1645,53.3,51.12,1169,46,3080,44,946,6,1
1646,57.3,48.07,1252,54,2954,48,1321,2,1
1647,33,45.3,2504,83,2713,53,4876,14,0
1648,46.3,52.66,2778,49,2674,71,3597,14,1
1649,43.7,44.37,1193,41,2494,80,3154,2,1
1650,33.6,50.13,1120,76,2040,40,777,15,0
1651,23.1,49.75,2662,67,3368,70,1806,5,0
1652,37.9,47.63,1763,43,2212,66,3462,3,1
1653,52.6,52.5,1033,63,1763,27,3841,7,0
1654,24.8,45.04,637,43,3023,34,1533,3,1
1655,38.8,45.42,1443,88,1840,32,2131,3,0
1656,37.6,50.19,1346,44,2722,74,644,14,1
1657,61.6,51.19,2027,82,1735,91,2342,5,1
1658,58.7,43.1,1338,50,3069,54,4956,8,1
1659,27.6,43.66,1861,79,3051,35,2435,10,1
1660,69.3,44.95,1539,73,903,90,4319,3,1
1661,51.5,51.83,1777,89,2529,36,2121,4,0
1662,66.1,53.18,528,47,3421,45,265,9,1
1663,35.7,51.04,2286,50,2832,83,4204,3,1
1664,46.7,44.42,2016,80,3143,29,4763,9,1
1665,45.4,42.91,2623,84,2505,80,906,8,1
1666,63.4,44.72,2858,63,1672,36,1891,11,1
1667,21.2,50.82,1833,56,2701,43,4623,2,0
1668,25.6,47.97,2239,81,1135,37,3030,7,1
1669,48.9,46.07,2072,50,2901,60,3208,6,1
1670,34.3,51.02,1816,55,1824,22,4408,1,0
1671,30.4,47.82,2340,67,1549,47,1046,9,0
1672,30.7,45.81,2376,61,3070,25,4226,13,0
1673,44.6,53.02,2070,93,1955,30,1228,6,0
1674,27,43.82,1941,93,3393,29,2171,12,1
1675,69.7,46.11,1065,58,1339,67,2649,12,1
1676,58.9,43.31,1992,52,1988,23,1073,13,1
1677,65.7,42.65,1606,100,2120,94,4812,11,1
1678,47.1,53.42,2462,92,1462,28,4474,15,0
1679,21.9,49.75,907,62,2855,85,845,7,0
1680,42.9,52.71,554,55,3341,67,830,7,0
1681,26.4,50.33,2513,86,3212,95,4894,4,0
1682,68.3,52.26,2144,80,2665,80,3747,14,1
1683,62.7,53.28,2403,53,870,27,2506,11,1
1684,23.8,46.4,1617,64,1610,56,4261,10,0
1685,27.7,43.92,2205,56,1615,25,486,11,1
1686,59.2,50.82,1332,80,2831,74,1686,7,1
1687,26.7,44.36,1751,82,2628,76,2044,13,1
1688,56.3,47.63,2590,71,1708,84,1971,3,1
1689,48.7,49.27,1672,86,2340,72,3413,2,0
1690,30.3,45.15,2284,51,2867,45,4485,3,1
1691,27.4,43.8,2401,100,986,38,3407,4,1
1692,63.3,42.46,2536,87,2779,54,4784,10,1
1693,55.6,43.61,2463,99,1948,76,3239,7,1
1694,22.9,43.62,803,94,3144,21,845,14,1
1695,36.8,43.98,2406,81,1488,25,680,6,1
1696,23.2,44.19,1073,95,3357,59,2595,5,1
1697,41.1,52.2,2434,65,3404,36,4053,4,0
1698,63.1,50.44,2797,63,2064,93,645,14,1
1699,21.1,52.79,2346,45,2045,79,1238,3,1
1700,69.8,51,763,60,3228,67,1856,6,1
1701,28.4,52.8,586,51,1438,40,164,3,1
1702,29.7,48.46,1957,47,1518,37,633,5,1
1703,61.2,44.39,2005,80,2138,39,196,1,1
1704,65.8,45.75,2407,71,2911,39,1997,2,1
1705,52.8,50.51,2755,97,1390,37,3920,12,0
1706,68.7,42.32,1483,89,1108,57,639,1,1
1707,31.1,48.82,2720,55,1457,21,2060,15,0
1708,61.8,44.54,2973,42,3246,54,2174,12,1
1709,67.3,49.8,1799,89,1358,59,1584,9,1
1710,69.6,49.36,2181,94,2862,53,3913,15,1
1711,67.2,45.81,2940,55,1494,21,2481,15,1
1712,27.8,51.28,1582,87,812,62,2071,10,1
1713,35.7,51.23,2471,71,2244,42,320,14,0
1714,40.8,52.62,2504,83,1032,59,304,13,1
1715,26.6,48.03,2947,70,2274,32,179,9,0
1716,41.4,45.92,1502,48,2069,25,3442,3,1
1717,66.3,48.04,2659,45,2967,50,4520,7,1
1718,66.2,51.13,1982,62,3397,42,2535,12,1
1719,32.6,48.17,1081,57,1443,23,4457,2,0
1720,61.7,53.16,2131,99,1612,34,3936,7,1
1721,48.7,47.01,1376,42,1968,83,4347,9,1
1722,63.2,42.99,2979,83,878,28,1651,14,1
1723,55.2,53.77,1596,49,1430,32,4463,13,1
1724,31.6,50.42,558,96,3161,46,1940,2,0
1725,45.2,44.59,2554,48,1608,89,1737,3,1
1726,40.9,53.75,551,71,2859,66,1056,13,0
1727,45.7,50.41,2011,85,3390,51,2168,13,0
1728,67,49.76,1555,86,3248,63,4698,11,1
1729,55.8,53.39,2254,50,1392,33,4341,9,1
1730,20.4,45.42,2847,86,989,92,4500,3,1
1731,67.6,43.44,2213,51,3264,21,1574,7,1
1732,34,42.55,648,70,1294,33,309,5,1
1733,21.3,49.54,755,90,3293,95,3251,5,0
1734,40.1,50.64,1977,63,2963,30,4095,2,0
1735,25.4,47.24,1716,91,2365,39,2597,4,0
1736,45.3,53.55,2290,85,1984,71,2685,10,0
1737,22.5,53.7,1717,92,3353,34,1396,6,0
1738,22.1,51.3,2658,64,1934,63,4446,12,0
1739,27.8,44.14,940,100,2333,24,4804,10,1
1740,48,48.18,1748,97,2487,62,4892,10,0
1741,39.8,48.99,515,40,1768,60,1551,8,1
1742,59.3,52.14,2399,70,3463,73,4366,11,1
1743,57.6,48.63,925,86,983,39,1590,8,1
1744,61.6,47.56,2135,52,3164,47,2295,15,1
1745,48.8,52.32,633,99,2141,52,1286,9,0
1746,33.7,50.66,1171,63,3035,27,1284,7,0
1747,35.6,50.84,1801,69,3215,66,120,5,0
1748,52.8,48.48,1085,95,2872,67,4189,2,0
1749,68.1,52.77,2985,46,1415,48,821,10,1
1750,62.3,52.86,2167,46,3272,67,1004,9,1
1751,21.8,43.85,2770,82,2676,44,1148,2,1
1752,29.5,50.65,2925,46,1932,48,3400,11,1
1753,58.7,51.83,1481,60,1797,72,526,7,1
1754,51.2,42.99,1123,100,3308,36,1901,3,1
1755,25.4,48.69,2702,100,2583,77,4736,8,0
1756,41.8,52.39,1567,90,1927,58,3161,14,0
1757,22.4,48.62,678,65,3312,57,2107,9,0
1758,33.3,45.68,1174,90,1196,71,1035,9,1
1759,36.2,44.48,2081,73,1168,89,3088,4,1
1760,47.2,49.7,1656,96,3246,59,3232,5,0
1761,57.7,48.24,2257,42,1385,50,5000,2,1
1762,54.5,53.53,2150,52,990,70,2900,2,1
1763,26.3,46.76,2555,75,2484,62,2316,7,0
1764,47,51.41,1999,86,2637,37,1974,9,0
1765,63.8,50.46,1434,41,2745,95,284,7,1
1766,49.4,53.69,2224,77,3439,32,1892,3,0
1767,69.6,47.5,759,59,1302,39,4937,2,1
1768,27.6,53.88,2330,96,2713,23,1616,7,0
1769,54,44.93,703,58,2496,60,2394,1,1
1770,55.2,47.87,2106,69,2245,77,960,15,1
1771,31.1,45.02,1904,64,2816,48,4880,10,0
1772,25.3,47.63,2804,96,1405,65,2421,6,0
1773,61.4,44.59,821,85,3185,71,1165,12,1
1774,28.7,47.96,2652,40,1721,79,1572,4,1
1775,37.7,51.47,2215,42,1398,57,3625,9,1
1776,61,45.08,2788,63,2875,32,3725,9,1
1777,35.8,43.8,821,41,840,87,4107,3,1
1778,21.9,51.8,2280,91,2747,47,3851,1,0
1779,48,45.28,1955,98,2987,55,4587,6,0
1780,65,45.91,2919,78,3332,89,1361,15,1
1781,52.9,51.92,954,79,1267,83,2963,11,0
1782,47.3,47.14,2310,97,2214,37,508,9,0
1783,68,49.82,1067,52,2598,53,937,5,1
1784,23.1,48.32,899,73,3422,78,3522,11,0
1785,67.4,48.38,1270,87,2986,75,1351,11,1
1786,69.5,51.23,2961,77,3122,32,4193,10,1
1787,47.7,52.85,588,44,3124,62,2004,1,1
1788,24.4,45.14,2941,83,2922,30,114,4,0
1789,29.4,48.65,1213,45,862,48,3519,3,1
1790,23.9,49.79,1485,47,3073,57,593,2,1
1791,23.6,45.3,1874,57,1725,25,1119,13,0
1792,67.6,45.65,1236,47,3362,92,3750,8,1
1793,61.4,45.12,680,66,1459,69,4572,6,1
1794,56.1,53.41,1582,54,1495,38,4655,14,1
1795,44.9,52.03,1970,52,1598,43,4074,7,1
1796,29.4,52.44,2631,49,3431,22,3792,15,1
1797,51.6,52.23,2340,85,1420,57,3271,10,0
1798,30.5,51.56,2651,98,1364,39,2986,3,0
1799,25.4,48.53,2470,97,3210,32,1033,8,0
1800,23.4,50.82,2391,97,1950,37,560,1,0
1801,63.4,42.38,570,90,1625,41,1617,1,1
1802,65,52.15,2010,62,853,53,4286,13,1
1803,64.6,48.1,2712,65,1627,63,3597,10,1
1804,68.2,49.78,2887,94,1475,60,1659,4,1
1805,62.7,45.89,918,50,2120,30,1284,13,1
1806,50.8,51.07,2919,60,2062,57,436,2,0
1807,65.5,50.29,1744,73,2520,72,592,9,1
1808,53.4,50.16,2778,53,1494,24,2304,13,1
1809,41.1,50.17,1082,79,3136,35,1188,15,0
1810,28.9,48.83,1786,81,1754,44,2729,12,0
1811,65.8,45.31,1841,59,2528,62,4508,7,1
1812,67.2,53.94,877,92,3305,62,4735,12,1
1813,50.6,47.36,594,69,1827,91,3852,15,0
1814,28.6,52.51,1790,58,1439,30,436,8,0
1815,47.9,47.07,2861,72,2083,30,2024,4,0
1816,53.6,51.03,1757,59,1875,54,4486,1,0
1817,26.3,43.89,1165,76,1790,60,523,8,1
1818,36.1,46.31,1800,78,3299,31,1858,5,0
1819,20.7,51.33,1804,97,2496,83,4333,14,0
1820,54,47.99,841,51,868,66,3596,5,1
1821,45.2,49.89,509,73,1974,81,1972,12,0
1822,64.2,53.07,2464,99,3054,92,587,9,1
1823,53.5,45.06,2991,69,3130,78,4488,3,0
1824,68.2,52.98,1769,62,1131,67,2328,9,1
1825,21.2,49.69,1634,76,2126,59,101,1,0
1826,56.9,48.6,2103,71,1350,69,2056,12,1
1827,47.5,42.63,1404,85,1746,30,4465,9,1
1828,31.4,46.12,731,80,2823,39,246,5,0
1829,68.7,52.02,1080,65,941,39,1223,5,1
1830,48.7,42.56,2348,96,3203,59,3678,15,1
1831,57.4,47.1,950,81,1438,65,1660,14,1
1832,54.2,52.98,843,98,2627,43,4289,1,0
1833,66.9,43.76,1721,60,2983,54,805,12,1
1834,33.1,53.26,533,56,3299,84,532,14,0
1835,59.8,52.71,2856,95,3009,44,2659,14,1
1836,30.8,47.58,2554,89,2552,30,4742,9,0
1837,63.4,47.43,1708,43,817,42,4391,2,1
1838,41.2,48.15,2726,63,3165,72,874,8,0
1839,32.1,48.66,2286,45,1934,23,202,2,1
1840,65.3,53.26,2885,61,2870,77,4899,13,1
1841,45.5,42.38,2769,72,2618,25,135,7,1
1842,32.4,44.28,1991,93,2350,85,1760,12,1
1843,45.3,52.89,2241,89,855,36,2974,6,1
1844,28.5,46.76,2134,79,2812,47,1279,8,0
1845,58,52.6,2746,98,1715,61,3287,8,1
1846,53.9,42.07,918,97,1297,90,1541,9,1
1847,63.4,52.91,1227,67,801,38,533,14,1
1848,53.5,44.83,1066,94,3082,76,4876,9,1
1849,57.9,49.27,884,73,3359,85,2394,1,1
1850,29.3,50.93,539,66,2540,21,1874,13,0
1851,23.8,48.58,2239,94,2174,66,2436,10,0
1852,35.5,43.57,654,86,973,67,3539,7,1
1853,59.7,43.08,714,95,3222,35,2898,13,1
1854,51.2,46.93,1039,56,2022,43,1105,3,0
1855,60.4,45.56,1792,76,1462,33,1412,9,1
1856,47.7,53.46,2637,80,2195,62,4356,10,0
1857,24.7,52.55,1999,50,3241,55,1704,6,1
1858,52.3,53.37,2233,74,2263,84,4368,13,0
1859,25.6,53.46,1267,88,1263,74,1696,7,0
1860,36.3,53.88,1716,85,2850,57,957,10,0
1861,42,43.21,1348,49,1814,88,3885,8,1
1862,58.8,49.48,2317,93,2616,93,1927,12,1
1863,49.2,46.99,1018,51,2582,93,143,14,1
1864,34.9,49.22,589,60,2501,72,1608,7,0
1865,47.4,46.93,1400,74,3490,94,3053,2,0
1866,52.4,50.89,1375,90,2448,41,3990,2,0
1867,25.3,42.24,1295,71,1120,82,1852,12,1
1868,48.7,53.56,1575,100,2517,95,155,9,0
1869,60.8,46.96,1259,79,1610,65,3040,1,1
1870,32.6,52.65,604,73,3311,46,2886,8,0
1871,26.6,53.38,518,69,2090,69,175,6,0
1872,33.2,47.04,2538,69,2724,35,2931,6,0
1873,61.9,43.92,1239,69,3485,84,3145,9,1
1874,62.6,43.38,2111,66,3098,65,609,14,1
1875,31.7,50.8,724,67,1645,86,1890,3,0
1876,33.3,48.7,715,41,2175,76,2653,15,1
1877,62.2,49.93,688,76,874,90,2305,3,1
1878,50.3,42.82,2433,75,1045,49,4474,5,1
1879,53.2,46.28,800,93,1654,29,3837,3,0
1880,60.3,50.71,2998,56,1634,72,1368,6,1
1881,57.5,43.38,1931,69,1724,95,3808,6,1
1882,52.6,53.33,2854,70,2687,53,4870,7,0
1883,36.6,49.7,1370,89,1035,68,2307,7,1
1884,64.6,44.14,1480,94,1343,89,769,5,1
1885,36.8,50.44,652,41,3336,44,2604,11,1
1886,48.8,49.92,2699,95,2460,89,3464,12,0
1887,20.4,52.01,1786,43,1797,22,1344,3,1
1888,32.4,53.62,2318,71,1789,29,1947,4,0
1889,64.4,44.11,2767,79,1445,56,4099,2,1
1890,38.8,50.18,608,77,3238,40,4220,2,0
1891,56.8,52.35,2297,67,2757,59,669,3,1
1892,45.5,48.02,1387,41,2699,47,4537,9,1
1893,69.2,42.85,1369,69,2445,34,2923,2,1
1894,63.1,45.06,1681,83,805,20,1484,12,1
1895,46.8,46.29,2324,59,1716,37,740,7,0
1896,48.9,47.66,809,60,2829,52,1269,2,0
1897,67.7,52.14,1429,57,3306,61,4989,4,1
1898,68.7,48.72,800,95,2461,81,2229,3,1
1899,32.5,52.81,1963,74,1179,46,4935,5,1
1900,24.1,47.16,1490,44,2998,33,2201,10,1
1901,64.8,43.44,727,77,1517,86,1634,15,1
1902,22.9,45.36,795,79,1876,81,4925,5,0
1903,28,51.43,1720,88,1856,88,3280,3,0
1904,32.8,45.86,1196,40,2742,32,4654,13,1
1905,48.8,48.32,2819,87,3425,71,3154,7,0
1906,42.1,53.43,1321,90,2747,27,4792,4,0
1907,34.6,49.73,2284,76,2022,29,4558,2,0
1908,27.9,53.04,1171,50,2454,50,1407,9,1
1909,41.6,46.78,1154,57,3427,75,4607,1,0
1910,59.7,42.98,1988,44,1609,48,600,1,1
1911,70,43.87,1075,63,3238,32,109,9,1
1912,46.3,52.09,2878,45,2629,36,1146,3,1
1913,56.9,44.91,2082,98,2796,87,3934,10,1
1914,30.7,46.65,1260,50,1274,95,4657,6,1
1915,20.9,43.58,2622,72,3282,33,3688,1,1
1916,22.6,45.96,2506,60,1532,70,4619,9,0
1917,31,45.3,2564,41,3090,93,4974,3,1
1918,66.3,44.06,1813,84,1704,29,454,13,1
1919,66.6,46.69,1364,69,2686,37,155,1,1
1920,42.7,52.48,1167,95,2502,78,133,8,0
1921,24.5,51.9,2240,86,1021,38,3386,6,1
1922,29.3,53.06,2767,96,837,66,3805,1,1
1923,49.2,42.05,2633,71,3051,44,3738,5,1
1924,66.2,46.72,1972,49,2446,78,1201,10,1
1925,43.5,47.72,2089,50,2293,77,1258,9,1
1926,61.8,42.91,1072,47,2110,46,4480,13,1
1927,64,46.96,2650,75,1664,92,3722,6,1
1928,58,50.22,2370,65,2022,89,4133,3,1
1929,60.4,49.83,687,68,2011,33,3984,8,1
1930,54.5,42.31,2213,82,2841,38,3258,9,1
1931,41.4,51.84,1579,77,1377,44,3151,15,0
1932,38.3,52.06,1403,55,1281,45,3340,12,0
1933,63.6,45.57,722,60,3434,48,4157,7,1
1934,27.4,44.3,1778,60,1399,35,2225,3,1
1935,25.4,49.28,1329,81,2888,38,1868,9,0
1936,26.1,50.39,2042,96,2386,90,1405,10,0
1937,36.2,43.62,1225,98,1532,83,2767,1,1
1938,39,42.03,1247,49,2250,56,4883,3,1
1939,63.4,46.81,967,85,1370,57,2602,3,1
1940,22.8,50.01,1960,52,2597,56,1064,9,1
1941,36.7,49.51,2318,83,1528,52,1525,2,0
1942,48.9,52.79,2675,88,3407,85,682,12,0
1943,25.1,51.12,1389,54,3003,75,3041,4,1
1944,36.4,49.41,1534,77,2906,71,781,13,0
1945,23.5,42.54,1683,88,800,62,3675,5,1
1946,44,50.8,568,82,2004,26,3277,15,0
1947,35.6,47.13,2138,81,1552,85,4177,5,0
1948,49.9,51.18,2789,51,1119,60,135,12,1
1949,50.7,49.38,2821,80,2018,79,733,10,0
1950,56.7,49.49,1562,86,1270,62,4144,4,1
1951,52.2,51,1726,69,1373,55,2317,9,0
1952,60,52.74,2484,65,1301,84,2696,5,1
1953,25.4,49.98,1046,43,2506,64,934,4,1
1954,30,45.9,1063,75,3295,83,4463,13,0
1955,24.2,42.45,1070,99,2069,70,4851,5,1
1956,53.8,53.76,1355,92,2983,48,659,15,0
1957,29.1,46.56,2852,96,2896,49,403,13,0
1958,45.2,46.39,2404,61,2594,63,3107,7,0
1959,41.5,43.13,824,98,3242,37,2995,10,1
1960,28.4,46.51,1355,97,2700,40,2779,15,0
1961,38.1,51.07,1676,70,1914,34,3052,12,0
1962,50,53.72,1735,44,1391,68,310,12,1
1963,39.7,43.29,1538,87,2352,34,2353,5,1
1964,68.5,53.88,2363,59,1875,33,511,1,1
1965,43.9,49.55,1640,49,1340,90,2263,2,1
1966,62.4,47.44,1810,50,1481,53,4457,11,1
1967,41.4,52.35,2884,59,2149,76,1346,8,0
1968,65.8,43.48,1439,96,3041,54,4091,3,1
1969,57.8,53.41,1001,56,1637,83,2360,14,1
1970,61.9,43.31,1273,52,2095,84,2000,10,1
1971,32.6,47.03,709,46,2672,44,1960,5,1
1972,68.9,53.4,2243,73,3400,67,4901,2,1
1973,49.5,45.44,1211,100,2858,54,423,13,0
1974,42.6,48.99,2083,52,940,51,2880,8,1
1975,26.3,48.8,2197,43,2999,77,707,14,1
1976,27.2,42.66,784,63,2801,30,119,4,1
1977,61.3,53.77,2664,68,1038,33,621,6,1
1978,65.8,52.49,2896,95,1296,90,608,9,1
1979,44.8,43.79,1861,49,2013,52,3513,6,1
1980,60.9,50.5,1001,98,1659,31,260,6,1
1981,31.8,42.62,1010,52,2692,32,2446,7,1
1982,33.2,49.33,1338,69,2230,90,865,7,0
1983,46.6,52.51,2759,69,1145,62,2683,1,1
1984,24.6,44.22,1307,94,2018,91,1315,15,1
1985,59.2,52.72,2409,55,992,53,4020,9,1
1986,38.5,51.79,2892,72,962,20,1828,12,1
1987,42.9,45.5,2510,88,2691,50,1334,4,0
1988,20.4,48.99,1804,53,3457,84,743,15,1
1989,42.7,49.88,2315,92,1036,30,3646,3,1
1990,60.6,43.31,2968,87,2543,67,758,1,1
1991,29.1,51.21,2420,87,2434,46,2897,8,0
1992,54.8,43.69,2667,73,1607,83,4533,8,1
1993,56.4,50.45,2799,61,3018,84,2844,3,1
1994,37.9,42.12,1674,42,2346,25,4544,14,1
1995,28.7,42.06,565,82,1677,66,1319,15,1
1996,21.6,52.78,2135,85,2277,89,1701,5,0
1997,59,50.98,1645,41,1803,61,3865,4,1
1998,27.1,46.65,1617,95,2630,34,2958,11,0
1999,67.1,50.23,1190,51,3209,46,1280,1,1
2000,64.1,51.73,884,94,3117,24,2800,2,1
2001,52,52.89,2892,76,1121,44,3206,3,1
2002,58.2,45.62,510,90,2196,64,4629,13,1
2003,41.9,47.38,2353,78,2511,23,1094,1,0
2004,32.8,49.7,2340,55,2095,53,3481,13,0
2005,68.4,53.29,1469,53,1945,67,4199,5,1
2006,27.9,51.73,648,97,3024,26,612,8,0
2007,27.8,46.42,2245,76,3300,94,738,4,0
2008,42.4,50.78,1527,82,3418,30,2136,10,0
2009,59.6,52.99,2448,52,2769,20,2022,5,1
2010,34.1,53.8,2693,81,1107,21,4720,10,1
2011,53,42.24,1256,96,3477,26,2616,2,1
2012,27.1,51.06,2831,96,1727,75,3473,7,0
2013,51.8,50.67,2310,94,2616,81,4043,13,0
2014,42.3,51.47,827,84,1172,90,3978,2,1
2015,20.4,47.65,1474,47,2794,20,3368,8,1
2016,63,44.99,2912,66,2320,51,2409,12,1
2017,26.9,47.2,937,52,2333,39,1441,11,1
2018,29.3,51.95,882,60,3038,74,2634,11,0
2019,67.8,49.75,2667,66,1485,34,1367,3,1
2020,31.5,48.49,1986,61,1284,77,1171,15,0
2021,21.8,45.11,1011,96,3081,41,2336,8,0
2022,44.8,53.49,1839,81,1417,53,3789,12,0
2023,69.5,51.38,1518,67,1741,63,4540,11,1
2024,49.5,43.12,1016,67,1398,77,3202,9,1
2025,38.9,43.77,2235,58,999,75,4276,1,1
2026,22,52.42,2713,92,1984,71,2646,1,0
2027,65.6,49.59,741,50,3335,70,4095,14,1
2028,65.9,49.08,1817,67,2450,90,2380,6,1
2029,36.4,45.59,969,82,1482,63,4071,5,0
2030,51.8,52.45,1423,45,3325,33,4764,15,1
2031,39.6,44.54,1089,40,1340,66,349,14,1
2032,55.9,47.34,2425,98,3080,58,4070,5,1
2033,56.8,46.93,1656,41,1763,45,4376,6,1
2034,54.2,45.06,816,60,1047,26,2376,3,1
2035,56.6,50.04,1196,83,2593,62,3242,15,1
2036,27,44.02,1551,44,1708,95,2116,10,1
2037,55.7,43.66,856,88,2303,33,4940,1,1
2038,30.2,42.17,2242,52,931,50,2002,15,1
2039,41.8,50.44,671,77,1784,79,2232,7,0
2040,66.4,42.63,1476,86,2234,36,3038,3,1
2041,55.3,46.71,820,68,3495,69,2034,3,1
2042,54.7,46.22,2751,52,1361,39,405,11,1
2043,54.6,51.36,858,52,3037,36,3388,13,1
2044,39.5,51.39,1362,96,1541,68,2357,9,0
2045,36.4,48.88,2663,66,3314,72,2817,14,0
2046,68.6,52.34,1939,99,2985,34,2719,8,1
2047,37.2,50.81,2438,91,1004,40,2736,15,1
2048,52.1,46.92,1242,44,2107,45,2759,4,1
2049,27.3,51.84,1345,70,2768,43,3229,11,0
2050,35.8,43.98,1043,96,2222,82,4917,12,1
2051,33.8,47.15,2777,75,2682,25,2425,9,0
2052,21.2,45.14,1498,52,2367,77,2936,13,1
2053,60,48.33,509,49,1303,86,1337,9,1
2054,26.8,44.42,2575,55,1676,60,4839,13,1
2055,42.4,46.66,1234,85,1132,58,2737,3,1
2056,36.3,42.51,2684,96,842,89,3397,3,1
2057,25.3,42.49,1569,86,2692,57,1625,15,1
2058,37.3,43.49,2673,69,2052,48,2267,7,1
2059,36,48.54,1065,96,1514,77,607,13,0
2060,67.9,48.14,1567,54,3184,72,1596,7,1
2061,27,43.22,1482,80,1587,52,1430,15,1
2062,58.9,44.06,2185,99,1177,76,4922,7,1
2063,68,52.55,1824,47,3047,22,4033,11,1
2064,44.2,51.57,832,41,3201,49,2269,3,1
2065,41.4,46.58,1931,78,1049,48,2479,11,1
2066,30.5,44.2,1185,75,2726,28,4063,2,1
2067,33.6,42.05,1987,88,2497,50,3057,13,1
2068,27.4,53.89,2573,90,1670,25,3658,6,0
2069,62.7,50.37,2553,61,2714,47,3164,11,1
2070,51.5,50.77,1913,94,1638,68,2051,5,0
2071,24.7,43.75,2093,65,2986,29,3138,3,1
2072,24.9,46.72,767,50,970,69,2055,14,1
2073,33.6,42.43,2462,69,2445,44,3931,12,1
2074,31.9,52.67,2859,41,2780,73,1334,15,1
2075,63.3,47,549,66,2232,47,3423,13,1
2076,64,47.45,761,67,845,52,1814,14,1
2077,33.8,53.7,718,80,1442,85,2136,8,0
2078,61.3,53.95,2819,90,1900,24,4598,6,1
2079,21.6,50.77,2041,60,3293,72,2513,14,0
2080,33,51.45,1344,61,3498,22,2828,7,0
2081,23.9,44.98,2224,65,3063,27,3118,6,1
2082,65.3,45.6,2371,45,835,81,2031,4,1
2083,49.2,51.16,2261,56,1078,61,830,13,1
2084,30.2,44.07,1291,59,2720,28,1774,4,1
2085,52.7,53.31,1027,93,2983,85,2592,2,0
2086,47.6,53.12,2820,65,1860,57,3830,12,0
2087,29.2,45,2109,97,3465,47,1955,13,0
2088,55.7,50.77,1432,63,2653,91,1722,3,1
2089,61.2,45.76,514,51,2714,86,3931,9,1
2090,44.7,45.78,1654,70,2394,33,2464,7,0
2091,41.3,50.87,2783,79,2877,21,3121,11,0
2092,25.2,45.55,2613,48,2693,25,3357,12,1
2093,37.7,47.63,1326,58,1849,93,348,9,0
2094,65.9,47.75,1837,61,2149,39,2320,8,1
2095,47.8,53.76,2707,96,1492,52,1275,13,0
2096,36.1,51.4,1832,57,1205,94,2407,11,0
2097,53.4,46.57,842,98,3036,88,4262,4,0
2098,41.1,50.99,2306,43,3343,45,2872,6,1
2099,25.9,46.37,1830,96,1441,75,294,13,0
2100,63.8,45.46,2888,67,1651,82,2266,9,1
2101,48.1,43.07,1487,44,2277,37,1582,8,1
2102,51.6,42.14,2756,57,1316,65,3340,8,1
2103,59.6,42.02,845,95,2873,26,2654,10,1
2104,22.2,44.34,2653,97,2144,47,2448,2,1
2105,29.5,46.94,1056,91,843,68,1117,7,1
2106,43.3,46.06,1903,77,1139,69,4927,3,1
2107,53.2,47.07,2159,74,1778,54,3414,2,0
2108,45.1,42.85,718,68,1502,33,2745,4,1
2109,44.1,53.43,2709,66,3348,39,2691,14,0
2110,36.2,50.79,887,73,3148,73,3496,13,0
2111,68.7,51.55,554,88,3043,56,370,1,1
2112,52.2,43.41,2706,92,2882,57,3767,3,1
2113,60.6,47.16,2148,60,2477,30,1324,14,1
2114,32,46.37,2851,93,1363,63,2018,2,0
2115,41.8,52.87,2934,45,1575,74,2789,13,1
2116,46.1,43.62,2308,75,1264,78,1389,3,1
2117,69.3,51.58,2145,52,3254,78,2426,5,1
2118,35.6,46.54,699,67,1551,92,4600,9,0
2119,24.9,44.55,962,60,2004,71,4833,9,1
2120,48.7,47.21,2847,96,1122,81,4027,14,1
2121,56.8,44.3,1837,54,807,24,3625,12,1
2122,25.2,51.12,2069,40,1675,65,3534,3,1
2123,50,45.08,2206,100,1004,32,2331,1,1
2124,23.2,47.94,973,62,2179,66,1938,7,0
2125,40.8,47.17,2473,96,1274,79,4797,6,0
2126,39.2,51.13,2970,69,2660,33,903,11,0
2127,58.3,48.62,2789,52,1359,46,2102,11,1
2128,30.5,47.66,2288,95,2684,52,1207,14,0
2129,45.5,51.88,2807,62,1003,34,3535,12,1
2130,30.1,49.87,2872,62,2410,42,1518,15,0
2131,22.1,48.63,889,49,1863,20,4804,2,1
2132,48.9,48.43,553,51,818,32,814,5,1
2133,23.8,51.16,1441,70,2455,93,4218,3,0
2134,57.2,42.89,2620,79,1643,50,217,14,1
2135,65.1,51.39,2387,89,2461,74,3395,14,1
2136,50.2,50.68,2901,99,1901,66,382,15,0
2137,44.7,47.08,2947,59,832,93,4990,12,1
2138,57.6,44.88,1969,97,2659,70,2256,3,1
2139,28.1,47.84,1253,47,2252,69,4498,8,1
2140,64.7,51.17,1821,80,1813,59,1055,6,1
2141,69.9,52.23,1398,59,1036,30,774,11,1
2142,54.4,52.8,1225,49,3455,67,1328,13,1
2143,38.4,45.47,2803,71,3149,26,4407,10,0
2144,25.4,42.96,560,44,1064,58,3185,5,1
2145,53.7,46.49,1828,63,3284,82,1594,6,0
2146,37.6,44.56,1607,40,3145,27,764,1,1
2147,39.3,47.88,888,89,1647,92,1023,7,0
2148,58.5,53.17,649,81,3404,39,1983,14,1
2149,53.7,44.5,1777,65,3026,75,4924,14,1
2150,23.8,50.79,2335,77,3152,71,1838,11,0
2151,48.7,47.95,764,93,2119,55,825,7,0
2152,68.1,51.45,2843,72,996,87,197,4,1
2153,69.5,47.61,2373,96,2010,44,2000,11,1
2154,68.7,52.26,610,76,2300,33,3463,8,1
2155,44.2,49.68,1421,57,3130,94,3107,6,0
2156,45.6,48.94,2328,91,1284,41,1641,13,0
2157,57.2,50.87,1739,50,1401,81,1835,9,1
2158,50.5,53.49,2750,88,2226,43,2529,2,0
2159,46,52.74,2805,59,1672,82,119,15,0
2160,63.6,51.44,641,44,1341,81,1076,1,1
2161,21.8,46.45,2474,50,3020,67,455,9,1
2162,21.3,46,2972,98,2591,47,2639,6,0
2163,69.7,46.05,2175,51,2536,36,1968,3,1
2164,33.4,53.33,2211,62,2872,45,329,6,0
2165,45.1,47.95,2327,98,3048,54,4386,14,0
2166,50.8,47.23,2579,95,1847,86,1278,3,0
2167,48.8,53.77,1298,58,1302,40,4191,14,0
2168,57.1,48.45,1647,48,1359,82,4684,4,1
2169,68.7,52.58,2999,45,3498,63,3036,3,1
2170,67.9,51.73,552,48,2822,88,325,5,1
2171,66.2,47.12,2441,67,3173,67,2722,4,1
2172,34.1,43.24,1929,77,1968,39,2878,3,1
2173,30.6,51.64,1462,43,2933,48,3615,3,1
2174,40,50.23,2903,48,982,65,2213,7,1
2175,45.9,50.09,2021,46,1030,45,1469,5,1
2176,57.2,51.21,2964,64,3473,91,2530,14,1
2177,26.6,49.05,1951,75,2658,95,842,1,0
2178,34.2,46.05,834,99,976,85,1614,6,1
2179,41,47.7,913,55,894,43,4876,12,1
2180,23.4,46.51,2409,92,1020,78,3388,2,1
2181,25.6,51.92,2341,65,3409,26,1804,2,0
2182,43,50.65,1355,69,1391,91,995,8,0
2183,21.8,46.72,1843,40,2105,54,486,7,1
2184,68.6,49.76,1612,68,1585,47,2028,11,1
2185,43,51.05,2940,88,3221,35,3256,6,0
2186,63.4,50.12,2090,64,1131,54,2092,13,1
2187,55.6,51.78,843,93,1982,87,3556,6,1
2188,26.1,51.88,1560,58,2646,81,1878,12,0
2189,68.5,48.12,1229,88,900,66,4485,11,1
2190,35.2,45.31,710,54,996,76,4922,15,1
2191,26.9,52.08,1060,40,2747,95,4770,5,1
2192,20.6,43,2353,70,1146,34,1037,5,1
2193,38.6,49.76,1172,79,3387,63,1060,8,0
2194,46.2,53.62,2082,43,1048,69,1550,3,1
2195,63.2,48.06,995,45,1993,77,1430,8,1
2196,47.3,51.4,1067,48,1306,70,1445,12,1
2197,21.1,52.16,2333,82,2460,47,550,10,0
2198,39.7,50.03,2118,65,2393,56,183,9,0
2199,33.5,49.91,1476,92,1090,22,1440,6,1
2200,24.8,48.43,1018,82,3384,64,1965,7,0
2201,67.7,44.41,1442,87,3029,56,3589,12,1
2202,59.2,43.69,1731,43,2411,54,2743,5,1
2203,67.1,53.02,1998,60,2979,71,1008,4,1
2204,22.7,53.98,2632,67,3341,48,2788,8,0
2205,29.9,46.82,2284,90,912,91,3952,15,1
2206,53.5,49.31,1631,95,3112,69,1953,6,0
2207,65.9,49.45,1329,44,1635,74,2459,3,1
2208,38.1,53.1,2753,50,1886,35,2203,5,1
2209,36.2,43.52,2359,65,2103,56,1301,11,1
2210,69.4,48.37,2974,95,3025,39,4220,9,1
2211,26.4,42.77,1612,51,2140,38,176,7,1
2212,62,42.28,1164,83,1738,58,524,3,1
2213,41.9,47.96,2415,76,2490,89,4093,12,0
2214,69.1,42.35,632,81,809,43,1041,8,1
2215,28.9,51.8,1115,47,1413,62,1567,6,1
2216,60.9,49.97,1333,67,2715,55,3737,9,1
2217,67.3,50.63,2816,92,2723,90,563,10,1
2218,51.2,50.68,2418,71,2487,35,2188,1,0
2219,37.8,52.92,2166,53,1060,81,760,15,1
2220,24.6,47.17,2254,61,830,23,738,6,1
2221,66.7,51.27,2479,96,3099,89,605,13,1
2222,36.2,50.29,1370,58,2255,38,4435,8,0
2223,37.8,47.06,2358,72,1229,46,524,11,0
2224,21.8,50.93,1014,70,2510,54,4508,15,0
2225,37.1,43.54,1225,99,3011,82,4896,3,1
2226,59.3,44.55,2439,98,1403,50,4328,7,1
2227,42.7,51.12,585,42,1979,22,3008,4,1
2228,43.5,51.78,2720,70,1883,57,921,13,0
2229,29.4,46.82,546,67,1471,77,4647,10,0
2230,55.9,52.7,910,42,2286,70,1531,12,1
2231,40.7,49.12,2897,100,2012,21,317,6,0
2232,47.8,51.29,2329,66,2416,83,3289,8,0
2233,50.4,49.35,560,94,2456,66,622,10,0
2234,62.4,43.97,1574,45,1741,55,4113,15,1
2235,58.9,47.55,1807,74,2877,61,964,9,1
2236,63,47.15,2019,87,3197,74,3670,14,1
2237,25.3,51.19,1971,99,3278,38,2970,7,0
2238,40.2,44.1,2572,66,1345,32,2799,15,1
2239,56.1,47.97,2369,79,2641,48,2567,11,1
2240,63.1,44.77,2299,43,3157,81,1529,4,1
2241,23.6,53.03,1437,47,1702,24,4529,5,1
2242,47.2,49.77,1273,55,2270,50,4139,13,0
2243,64.6,43.74,2270,53,1234,21,1788,6,1
2244,66.9,47.98,655,97,2322,60,2691,7,1
2245,65.3,50.02,1234,99,993,42,4222,7,1
2246,54,51.91,899,94,2404,20,635,12,0
2247,36.3,49.18,596,97,1987,83,2411,15,0
2248,24.7,51.38,2379,84,1080,74,1940,6,1
2249,68.9,52.67,2955,63,1690,67,4718,13,1
2250,59.8,51.81,1045,88,1925,93,1898,5,1
2251,57.8,50.79,670,47,3177,20,3055,9,1
2252,36.7,44.98,1076,61,1917,41,2342,4,1
2253,38.2,46.78,1239,50,1087,32,4984,4,1
2254,47.4,44.01,1356,83,2197,92,4107,1,1
2255,61.3,43.69,769,64,1810,40,2736,1,1
2256,39.6,50.3,2826,45,973,25,2576,7,1
2257,28,44.49,989,45,2312,59,545,6,1
2258,56.8,48.77,1792,66,3105,32,784,12,1
2259,20.1,49.99,2998,58,1533,77,3460,15,0
2260,28.4,51.66,2856,84,1737,41,3608,3,0
2261,23.9,45.75,948,81,2584,21,2420,1,0
2262,38.7,43.71,2808,46,1349,64,3157,13,1
2263,38.4,53.56,585,67,3328,72,3347,12,0
2264,69.8,48.25,1162,66,2373,49,1736,11,1
2265,51.7,42.31,2629,88,1041,55,1100,6,1
2266,48.8,47.55,1460,77,2110,34,946,8,0
2267,63.4,48.57,554,96,1020,86,494,2,1
2268,39.6,42.59,1538,68,2352,41,4555,10,1
2269,61.2,45.34,1455,56,1793,24,4067,13,1
2270,68.2,52.94,1307,47,1350,83,3501,13,1
2271,59.9,52.99,1299,99,3417,77,2918,14,1
2272,47.4,47.37,1277,56,1366,63,1208,11,0
2273,67.9,46.79,2115,78,1766,33,2563,14,1
2274,67.7,48.41,816,69,1331,62,2700,12,1
2275,37.1,42.88,1802,52,2379,82,1152,11,1
2276,33.4,50.68,1008,83,2435,67,1714,11,0
2277,57.5,43.79,1309,46,1139,30,2118,4,1
2278,68.4,43.35,2788,61,1412,24,3701,7,1
2279,21.9,48.28,647,55,3485,71,997,13,0
2280,63.6,44.07,2244,65,1338,75,3940,10,1
2281,32.1,45.6,642,72,3137,52,3954,12,0
2282,52.1,50.21,2927,67,2118,26,2923,1,0
2283,20.5,48.59,694,63,2425,87,1308,14,0
2284,65.8,46.78,1448,65,1988,69,2826,1,1
2285,60.8,49.51,1838,99,2189,64,1312,5,1
2286,60.4,51.08,1225,90,808,34,3630,12,1
2287,51.6,43.99,1036,42,1884,41,4918,9,1
2288,44.6,49.8,643,97,2430,48,1518,11,0
2289,55,46.67,2087,84,2526,90,953,8,0
2290,42.9,45.28,2406,45,915,34,357,3,1
2291,36.9,53.72,2326,96,3272,92,2349,1,0
2292,62.9,53,1056,68,1122,75,1247,9,1
2293,29.1,45.82,1433,76,888,87,1435,2,1
2294,68.2,46.53,1352,82,846,38,560,6,1
2295,47.1,53.86,2979,43,1416,57,691,12,1
2296,45.4,43.51,2687,89,2282,68,4376,6,1
2297,50.1,48.5,2399,66,1938,76,467,12,0
2298,62.7,50.46,2815,75,2061,60,758,9,1
2299,20.4,46.23,2430,65,2366,61,386,10,0
2300,64,51.26,1655,88,2579,85,1542,2,1
2301,45.3,51.79,2589,89,2806,73,3019,8,0
2302,29.1,52.2,1075,62,1223,49,4025,6,0
2303,46.1,47.62,1134,40,3028,26,329,6,1
2304,30.1,48.97,549,47,2573,57,1568,2,1
2305,68.8,47.31,2187,46,2916,45,1355,12,1
2306,27.2,47.18,2311,74,3265,56,2100,12,0
2307,59.9,47.75,651,51,1027,71,545,10,1
2308,65,43.45,1756,61,3397,33,1036,4,1
2309,32.2,47.35,1045,54,1124,32,4664,9,1
2310,32.3,49.54,1966,87,1079,56,2543,2,1
2311,63.5,48.98,507,82,2229,64,1922,3,1
2312,67.6,49.3,2628,62,2718,92,3343,2,1
2313,35.4,43.77,2744,60,829,30,2581,2,1
2314,66.2,42.48,1405,67,1976,68,2422,13,1
2315,31.7,45.82,2047,82,2178,87,2339,12,0
2316,58.2,47.18,1660,53,981,45,4147,14,1
2317,26.8,43.28,1151,71,2397,53,600,12,1
2318,35.4,47.82,1237,52,2295,44,2620,1,1
2319,63.4,43.21,916,47,1273,94,955,15,1
2320,36.4,51.99,591,61,3082,32,3973,5,0
2321,24.2,50.32,807,87,2060,34,1880,1,0
2322,33.3,49.31,2270,100,1984,76,1211,8,0
2323,65,52.45,605,82,2198,42,2667,15,1
2324,26.9,51.21,2617,94,2925,90,4828,5,0
2325,39.4,50.09,1791,66,1618,52,3309,13,0
2326,27.5,48.7,998,83,1270,41,1295,11,0
2327,60.5,49.61,1703,71,1561,95,1133,9,1
2328,43.8,45.31,1420,59,3221,76,4603,3,0
2329,39.6,51.89,2339,95,3255,66,3554,14,0
2330,23.3,52.99,619,91,1088,48,2433,10,1
2331,69.8,51.04,2894,92,2737,70,4002,6,1
2332,35.9,44.65,2496,90,1407,42,431,12,1
2333,28.8,52.18,2749,49,3321,34,589,15,1
2334,59.4,49.62,1865,86,1301,30,1172,15,1
2335,37.5,49.86,2507,55,1880,26,1622,11,0
2336,40.5,52.36,1736,50,2957,80,4573,8,1
2337,65.5,46.29,1934,52,2034,82,861,10,1
2338,21.5,45.42,1143,49,1033,30,3585,5,1
2339,40.2,52.22,732,82,2478,53,1981,5,0
2340,28.9,47.73,2365,93,2729,30,4641,7,0
2341,39.3,52.84,1928,63,3208,49,1555,3,0
2342,28.4,46.04,2312,86,3304,32,616,12,0
2343,30.6,48.26,2262,65,1015,75,1063,1,1
2344,68,42.76,1265,90,2746,75,3962,4,1
2345,34.2,43.88,2674,55,1196,25,4428,12,1
2346,59.5,42.39,1919,44,1754,35,3947,10,1
2347,61.4,42.25,1916,58,2565,36,2068,4,1
2348,52.1,46.44,969,43,2038,61,4012,9,1
2349,64.6,52.64,1139,83,2252,82,1010,9,1
2350,23.6,45.87,2449,64,1480,92,3472,5,0
2351,47.9,49.37,2432,51,881,60,2211,4,1
2352,27.7,52.05,2565,71,2012,28,1065,12,0
2353,40.7,48.19,1411,71,2427,81,4463,6,0
2354,31.9,45.68,2150,52,1078,92,1434,13,1
2355,57.4,48.88,961,87,2353,43,3776,4,1
2356,34.9,42.42,2311,98,2637,41,4006,2,1
2357,22.8,46.7,1363,45,1787,41,2866,5,1
2358,51.1,42.16,2612,79,880,55,4836,2,1
2359,22.4,44.74,2916,44,3388,88,4383,3,1
2360,29.6,53.15,2815,57,2579,66,656,2,0
2361,31.1,43.25,1952,67,3260,94,1962,5,1
2362,24.5,51.59,2141,57,2692,51,4613,11,0
2363,47,50.05,1571,65,1441,94,286,14,0
2364,31.6,46.26,1150,92,2668,60,3722,6,0
2365,62.5,46.14,1883,41,3320,52,374,14,1
2366,22.5,49.03,2458,82,1325,89,1408,1,0
2367,45.5,44.87,2736,50,3147,50,2717,7,1
2368,38,45.65,2931,71,2442,73,2546,15,0
2369,50.8,52.52,614,49,1231,79,2481,12,1
2370,69.3,47.67,745,54,2482,35,1807,1,1
2371,31.1,47.68,1163,78,1238,84,1951,4,0
2372,63.9,45.24,936,88,2586,32,3720,6,1
2373,62,49,828,78,2710,94,3029,12,1
2374,49.4,53.16,2549,73,2656,51,1027,15,0
2375,45.8,52.01,2191,87,2028,85,2336,3,0
2376,44.9,48.1,2024,82,1692,86,3813,3,0
2377,22.2,44.04,1970,74,2626,79,1581,12,1
2378,48.8,48.92,993,75,2506,90,1607,9,0
2379,22.8,48.9,1196,82,1853,79,3471,6,0
2380,31.7,44.4,1242,100,2529,25,1499,3,1
2381,32.1,42.96,518,72,3227,59,4302,3,1
2382,63.9,45.03,1974,75,2652,41,3842,6,1
2383,28.8,49.01,2388,68,3485,82,1470,12,0
2384,55,43.41,2819,84,1439,28,4509,4,1
2385,38.7,52.01,2344,72,2816,53,2004,4,0
2386,33.7,46.51,2745,98,2926,44,4560,4,0
2387,47,42.4,977,85,1369,26,2853,8,1
2388,64.2,49.32,2505,75,3242,45,2206,11,1
2389,27.7,53.68,576,46,2584,65,2363,2,1
2390,50.3,51.74,988,77,3409,87,1855,10,0
2391,52.5,45.46,2331,88,1551,77,1446,11,0
2392,22.5,46.99,519,47,1021,69,2355,2,1
2393,34.4,50.5,1193,84,1957,93,1366,1,0
2394,62.3,46.83,631,87,1268,52,4183,4,1
2395,45.9,43.2,684,42,2862,86,2341,11,1
2396,38.5,53.92,1527,98,3393,91,4995,3,0
2397,44.2,48.66,1342,79,1176,80,4742,15,1
2398,25.2,53.3,1986,48,1121,60,4286,1,1
2399,37.9,49.39,2518,78,2630,59,4821,8,0
2400,41.5,46.58,1994,99,1973,33,2983,5,0
2401,61,46.38,2785,98,2135,87,132,10,1
2402,63.4,42.24,1071,55,2050,49,3703,10,1
2403,24.2,42.96,1726,60,3222,22,2010,15,1
2404,38.1,42.02,2662,89,2089,88,1018,11,1
2405,42.7,46.81,2751,55,3118,29,4495,9,0
2406,25.2,52.65,664,94,2297,93,2913,14,0
2407,62.1,50.09,1278,93,1225,60,2435,10,1
2408,48.7,53.29,1082,75,2317,22,3057,14,0
2409,32.4,50.81,2368,78,1907,68,382,10,0
2410,40.4,42.36,1429,48,2476,72,4438,2,1
2411,69.9,51.34,574,86,1827,69,1121,9,1
2412,50.6,50.37,626,68,2367,60,3695,4,0
2413,42.4,50.55,2498,51,1380,47,1598,1,1
2414,47.7,48.12,2881,79,2957,62,1859,3,0
2415,54.5,45.47,1538,82,2806,53,925,15,0
2416,32.6,48.24,2188,56,2352,57,3158,8,0
2417,67.3,42.06,2726,62,2121,30,1974,11,1
2418,52.1,50.83,1719,48,1114,62,3778,13,1
2419,52.9,44,2511,96,806,94,4699,14,1
2420,60.1,45.87,2799,58,1740,41,1883,4,1
2421,21.2,49.66,1001,40,2097,83,4169,5,1
2422,63.8,47.47,2899,86,1750,33,2592,2,1
2423,55.4,46.51,1804,64,2300,57,1668,9,1
2424,30.5,43.17,2870,63,3252,77,188,2,1
2425,58.1,42.3,1481,89,2213,56,1692,5,1
2426,56,44.86,545,67,2132,54,782,14,1
2427,52,46.74,2565,78,2657,23,2066,1,0
2428,46,49.31,730,99,1961,41,4024,2,0
2429,36.5,49.1,1503,52,2483,57,2236,13,1
2430,20.4,45.66,2769,84,2112,89,217,2,0
2431,27.1,46.32,1064,54,3478,87,3268,8,1
2432,67.2,45.76,1386,48,3083,82,2151,7,1
2433,57.2,46.97,646,70,883,61,3630,5,1
2434,55.4,50.77,943,92,2062,41,1354,1,1
2435,46.7,48.14,1912,68,824,24,3050,4,1
2436,55.8,42.44,1576,87,980,90,1388,4,1
2437,44.2,52.53,887,56,1620,74,4087,7,0
2438,45.7,44.51,2961,65,3351,23,2864,2,1
2439,44.1,43.36,518,80,1755,73,1389,14,1
2440,64,53.36,2178,74,3080,29,3623,6,1
2441,55.1,46.94,1095,61,1620,29,415,2,1
2442,28.8,42.09,2836,87,2516,67,3613,5,1
2443,25,53.42,1057,56,3346,28,1771,6,0
2444,60.9,42.6,2056,77,3038,48,2589,13,1
2445,39.3,45.51,2177,89,2706,79,2239,15,0
2446,34.6,49.85,883,58,2838,77,2215,15,0
2447,37.7,52.17,2538,96,2157,58,4675,11,0
2448,25,53.57,1620,48,3272,94,3606,15,1
2449,35,53.28,2240,79,1534,54,2116,15,0
2450,30.5,52.16,815,64,1035,63,1121,11,1
2451,54.2,45.86,1593,64,2897,88,2065,14,0
2452,24.3,48.61,1577,52,2648,67,4900,14,1
2453,39,53.45,2537,44,1672,82,2984,14,1
2454,47.1,53.5,2182,60,2370,78,267,1,0
2455,25.3,42.58,2089,50,2512,65,2495,8,1
2456,35.4,46.96,630,79,1158,55,4966,7,1
2457,38.4,43.89,823,41,932,40,4465,15,1
2458,35,42.62,1052,59,2311,42,1254,15,1
2459,29.5,51.47,1185,46,2468,62,4498,10,1
2460,62.2,51.8,946,74,1086,38,2280,1,1
2461,35.1,48.2,2888,68,1119,57,2118,9,1
2462,61.2,51.35,1959,76,1520,28,3538,12,1
2463,32.8,49.36,1672,78,1911,59,2348,14,0
2464,44.4,49.67,2193,70,2498,38,4311,10,0
2465,22.9,45.65,2564,46,3060,33,3392,2,1
2466,31.1,49.45,723,83,1577,31,3780,1,0
2467,44.7,43.24,2802,58,2113,49,1284,14,1
2468,28.4,51.64,1263,91,1885,51,2703,1,0
2469,51,49.1,2562,100,2344,55,2813,14,0
2470,47,42.09,2040,70,1300,95,4712,15,1
2471,48.8,44.62,1144,99,1191,30,2482,5,1
2472,47,47.64,2256,51,3107,94,1506,2,1
2473,29.3,43.17,1758,70,1646,91,4143,7,1
2474,28.4,43.24,1192,95,1409,74,1426,15,1
2475,24.3,42.2,877,77,2242,65,811,6,1
2476,58.3,53.13,2487,41,1805,45,1039,4,1
2477,68.7,53.19,1485,56,3332,82,3719,3,1
2478,48.8,44.94,2524,85,1167,43,3114,10,1
2479,36.5,43.87,2670,61,1793,92,3486,3,1
2480,44.1,53.47,2388,73,831,91,3760,5,1
2481,33.2,45.68,809,99,1438,47,1377,14,0
2482,67.3,53.08,1232,70,2269,88,2453,10,1
2483,64.9,42.8,2976,46,1241,71,864,3,1
2484,68.7,50.32,1883,100,3396,34,653,7,1
2485,30.1,48.76,1979,58,1379,45,213,10,0
2486,46.8,42.1,928,76,3086,53,779,14,1
2487,42.3,49.3,2825,83,3340,85,2573,12,0
2488,37.9,46.1,765,90,2339,22,1806,1,0
2489,37.9,46.45,986,44,1127,44,2585,2,1
2490,68.8,43.16,1292,62,1627,24,3843,14,1
2491,40.2,51.14,2124,72,2773,81,1021,3,0
2492,40.2,42.31,623,46,1397,71,677,12,1
2493,61.2,49.09,2604,94,3030,55,2920,15,1
2494,56,48.9,1335,87,2173,38,692,1,1
2495,61.6,48.6,2764,62,1502,37,4011,1,1
2496,33.7,44.41,2654,50,1571,77,3621,12,1
2497,46,46.27,2289,63,1316,86,1705,8,0
2498,58.5,44.72,2870,83,2600,32,532,7,1
2499,56.7,48.5,1448,51,1957,47,3115,8,1
2500,50.4,48.11,1222,81,2662,75,3067,7,0
2501,41.9,42.25,1632,71,2483,48,4975,13,1
2502,54.8,45.65,2460,86,3407,86,568,12,0
2503,43.9,51.03,825,50,2630,85,535,7,1
2504,51.1,44.76,2362,73,2600,92,3532,12,1
2505,23.3,52.45,2296,89,2995,33,3290,4,0
2506,56,43.35,2766,83,2699,45,3291,3,1
2507,28.8,50.65,2532,90,1013,46,3110,13,1
2508,43,53.48,1773,66,3325,79,350,10,0
2509,49.9,42.36,2690,60,1274,71,1755,8,1
2510,66.9,51.59,2049,48,3352,52,651,12,1
2511,20.7,43.55,806,40,1620,65,4639,9,1
2512,38.2,51,2234,59,2284,53,3511,9,0
2513,24.3,47.76,1506,72,811,73,3198,5,1
2514,27.6,46,2306,79,2155,34,2580,15,0
2515,34.9,50.72,540,76,3158,52,4507,7,0
2516,54.2,49.05,1955,89,2861,28,3095,10,0
2517,30.6,51.55,2814,74,2260,86,4383,14,0
2518,24.6,52.17,2410,79,1860,41,1864,11,0
2519,40.7,50.16,658,57,2064,31,2611,2,0
2520,59.2,46.48,1054,70,2604,50,3415,11,1
2521,39.7,53.11,505,96,3181,44,2370,4,0
2522,47.1,52.98,506,74,1957,72,578,12,0
2523,41.9,46.42,1250,92,2279,81,1053,9,0
2524,37.9,45.36,1143,88,3483,51,4493,6,0
2525,59.8,42.78,1952,51,2603,68,868,15,1
2526,49.1,44.88,730,58,1216,58,2207,2,1
2527,30.7,50.18,872,78,2771,33,4310,13,0
2528,53.6,52.69,2061,81,3054,34,4506,10,0
2529,38,52.23,2204,85,1698,86,4826,1,0
2530,48.8,44.16,1712,99,3466,91,406,3,1
2531,59.6,47.1,2340,57,3375,66,186,3,1
2532,59.7,53.43,2688,49,3208,55,1840,6,1
2533,29.7,43.23,2795,59,3074,69,3896,12,1
2534,52.4,45.74,1377,92,1043,50,3299,3,1
2535,56,48.83,2836,76,3160,62,3329,5,1
2536,61.3,47.48,1279,72,2324,91,1993,7,1
2537,44.9,53.6,2305,78,3309,23,2379,13,0
2538,58.5,48.59,2130,72,2277,34,316,11,1
2539,29.4,42.06,2929,60,2379,69,316,8,1
2540,37.6,46.45,2672,79,809,67,4573,8,1
2541,60.2,53.21,1253,46,1349,46,431,9,1
2542,30.2,53.81,734,91,967,63,2771,9,1
2543,41.3,48.5,1872,71,2971,86,1287,8,0
2544,20.4,52.32,2075,80,1486,37,3253,1,0
2545,66.2,42.07,844,56,2069,27,3193,11,1
2546,45.7,51.18,1803,74,1205,92,4409,12,0
2547,23.4,46.78,2817,77,3054,27,2112,8,0
2548,40.1,44.24,2486,51,2979,45,2647,6,1
2549,62.2,45.96,1761,73,2081,52,4214,6,1
2550,44.9,44.02,881,76,848,91,3901,14,1
2551,56.2,48.12,1049,78,1726,59,4567,12,1
2552,27.3,43.86,1776,65,1417,90,3061,13,1
2553,50,46.07,675,95,1820,94,3552,6,0
2554,22.8,52.29,2096,94,1078,94,3570,8,1
2555,55.4,42.41,2858,60,3429,55,3820,1,1
2556,64.7,43.81,2524,100,3348,30,553,1,1
2557,23.3,43.62,1352,52,3311,46,123,12,1
2558,62.3,44.75,1578,93,2787,84,3059,10,1
2559,21.1,45.9,1086,41,1870,31,970,15,1
2560,51.4,49.22,813,95,2639,76,4565,10,0
2561,47.1,49.36,2057,77,3154,76,1000,7,0
2562,64.3,49.67,2845,68,1583,46,2958,1,1
2563,68,47,1909,42,898,88,3023,4,1
2564,24.4,43.12,1586,58,2122,87,599,5,1
2565,39,51.66,725,94,885,50,1490,12,1
2566,24.1,48.7,1998,64,1765,62,3484,5,0
2567,34.2,51.09,865,97,1988,92,3056,10,0
2568,64.6,52.3,1305,42,3279,69,3144,15,1
2569,54.4,50.79,2083,44,1648,75,730,4,1
2570,50.8,46.77,1617,64,2325,60,1606,5,0
2571,41,46.89,1750,97,2253,36,1479,14,0
2572,44.3,45.22,2368,59,912,68,2957,14,1
2573,47.3,52.4,2593,66,844,94,1722,11,1
2574,62.7,49.04,1911,53,3275,29,1346,12,1
2575,51,47.25,2210,41,1090,91,2033,9,1
2576,37.9,53.91,1201,61,1224,30,2549,5,0
2577,54.9,47.32,2792,97,3401,46,4703,14,0
2578,26.2,47.47,2152,60,2919,65,594,9,0
2579,42,51.76,798,69,3359,39,4499,13,0
2580,29.4,49.21,2002,56,1973,37,2466,14,0
2581,34.5,50.73,2223,64,1341,68,3909,9,0
2582,47.9,43.71,1367,94,1444,41,594,7,1
2583,68.3,42.7,519,52,2279,75,4335,6,1
2584,23.4,44.84,822,96,2265,31,104,14,1
2585,32.1,52.3,842,92,3330,76,2208,6,0
2586,30.1,47.76,1862,91,1942,49,4357,7,0
2587,59.1,44.57,861,49,3211,32,1793,5,1
2588,34.3,48.2,1870,45,1430,50,3809,4,1
2589,48.7,51.48,2939,58,1844,24,3534,15,0
2590,23.6,42.13,2683,49,2081,48,201,14,1
2591,33.1,51.95,2706,79,3358,20,4857,10,0
2592,61.9,42.01,1631,49,1286,52,4562,6,1
2593,44.4,51.37,761,97,3263,20,814,13,0
2594,48.4,53.06,659,45,2518,56,2517,5,1
2595,33.5,50.73,1417,60,2891,52,4444,8,0
2596,41.3,52.84,1122,87,2828,57,4214,9,0
2597,27.6,53.3,2678,72,2214,44,3990,15,0
2598,52.5,50.86,1569,54,3017,33,1485,1,1
2599,45.4,50.08,2602,40,2171,66,4837,8,1
2600,32.3,48.33,1196,96,2489,89,1820,8,0
2601,24.5,42.58,1543,59,1063,30,1129,7,1
2602,36.7,45.85,2128,44,958,49,2956,1,1
2603,33.3,51.98,2503,83,3084,23,2365,9,0
2604,42.4,46.6,1647,56,2447,22,4449,4,0
2605,23.7,48.83,936,65,1080,23,866,10,1
2606,41.7,48.65,1518,86,1080,82,324,3,1
2607,32.5,52.62,2123,91,2723,42,4991,1,0
2608,48.6,48.87,2012,83,2305,67,1325,11,0
2609,42.8,45.19,2446,42,2954,65,237,10,1
2610,46.3,53.19,1065,84,1855,65,1269,15,0
2611,25.3,47.28,2867,84,1717,55,246,6,0
2612,64.7,47.22,2066,61,1645,41,4630,2,1
2613,54.9,48.62,634,48,2775,71,238,15,1
2614,29.9,53.12,2416,46,1560,25,2823,13,1
2615,54.7,49.17,2380,100,929,42,4412,15,1
2616,48.6,43.17,2071,47,2916,55,4228,7,1
2617,39.2,47.2,1672,62,1191,20,3263,10,1
2618,68.5,43.48,1857,72,2369,87,1614,12,1
2619,52.5,42.05,895,83,920,59,3599,10,1
2620,58.3,50.59,953,84,2113,21,3687,9,1
2621,65.8,50,1717,42,1812,43,3696,4,1
2622,22.6,45.67,1013,46,2029,20,4752,14,1
2623,29,44.86,2595,85,1035,55,2852,8,1
2624,42.9,44.94,2230,85,855,73,3155,5,1
2625,56.1,46.04,2695,97,2230,91,2320,9,1
2626,36,42.69,2877,40,2659,74,4725,5,1
2627,37.3,44.05,1360,46,1613,80,3758,3,1
2628,68.7,53.18,1651,85,1299,26,872,10,1
2629,31.8,46.68,1331,40,3304,83,544,10,1
2630,55.9,49.51,2075,41,2013,52,388,10,1
2631,55,45.75,1328,67,3446,40,524,1,0
2632,37.8,51.55,1497,56,842,43,2868,7,1
2633,28.8,53.01,559,47,1978,33,298,15,1
2634,38,44.15,2432,46,1263,89,129,13,1
2635,34.6,52.92,1592,84,1102,55,1300,10,1
2636,24.3,43.12,791,68,2514,69,389,15,1
2637,38.6,52.27,2137,78,2212,63,3465,4,0
2638,38,42.86,1017,52,2825,44,605,13,1
2639,48.8,53.96,2743,77,2760,39,1944,4,0
2640,45.2,47.98,844,56,1363,87,4925,9,0
2641,40.3,43.88,2054,86,3217,31,3727,7,1
2642,55.9,42.18,1253,66,1322,92,2034,14,1
2643,61.1,53.8,1532,75,2914,24,2259,12,1
2644,31.5,45.88,1961,76,2081,92,2969,12,0
2645,29.7,48.37,2810,84,1979,52,660,4,0
2646,64.3,46.5,1706,61,1438,21,417,5,1
2647,23.5,42.64,650,49,3329,53,2331,12,1
2648,43,42.23,1921,66,3424,72,3379,15,1
2649,52.4,47.03,1011,55,2186,73,4813,2,0
2650,68.7,49.33,1973,62,2175,77,4969,11,1
2651,50.8,43.82,2332,58,892,80,1415,12,1
2652,32.5,50.52,839,99,3036,21,3494,12,0
2653,50.8,46.57,1101,75,2211,74,1908,4,0
2654,47.6,53.51,2264,74,1854,51,1063,7,0
2655,58.8,43.55,1280,62,1965,65,741,9,1
2656,50.8,46.35,2675,56,1918,44,4797,15,0
2657,35.9,45.13,1032,73,1299,32,4236,7,0
2658,48.7,50.46,794,44,2165,39,184,9,1
2659,31.7,50.94,1809,69,1602,32,1955,12,0
2660,63.4,43.16,2602,44,3341,36,399,6,1
2661,30.9,51.86,2775,95,1467,39,728,9,0
2662,45.7,48.48,1081,53,3009,46,3232,2,1
2663,54.5,46.84,2867,66,3428,25,3184,7,0
2664,55.4,50.37,2121,75,1931,45,3736,6,1
2665,60.4,42.52,2045,63,3166,21,1784,3,1
2666,26.7,43.35,1462,42,1560,46,4431,9,1
2667,54.6,47.07,919,73,1487,51,3394,13,0
2668,39,47.58,1053,44,2033,26,2036,3,1
2669,22.5,48,1670,98,1607,89,3910,4,0
2670,60.2,44,2648,86,2750,71,1604,11,1
2671,60.1,42.11,2087,78,2411,43,3522,9,1
2672,58.3,50.94,1052,71,1665,28,1975,14,1
2673,40.6,43.17,1567,88,3250,38,1874,15,1
2674,65.3,53.24,1686,82,1397,50,4953,13,1
2675,33,44.42,2501,50,2195,92,678,4,1
2676,69.3,49.25,2073,77,2591,73,2480,2,1
2677,21.2,49.92,1406,98,2469,72,2876,3,0
2678,33.1,52.42,2539,54,1550,44,2515,1,1
2679,35.8,53.09,1908,95,938,70,3467,9,1
2680,33.3,46.4,2267,62,2887,63,3859,1,0
2681,41,49.29,2112,78,1769,71,1310,7,0
2682,43.9,50,1624,79,2412,31,174,12,0
2683,30.5,47.26,1761,83,2090,62,3799,1,0
2684,27.6,49.68,561,77,1107,60,928,11,1
2685,34.5,44.85,2020,75,1883,78,4536,8,1
2686,44.3,44.3,764,88,2838,64,1730,8,1
2687,47.7,48.43,2683,59,2741,54,1094,14,0
2688,38.6,53.18,1126,75,2694,85,3560,8,0
2689,54.8,46.38,2809,74,3461,95,1848,11,0
2690,38.2,52.89,1897,51,2271,95,376,9,1
2691,47.5,44.02,2110,60,3347,40,220,13,1
2692,49.5,48.41,782,41,2184,35,4509,2,1
2693,34.2,49.04,1759,40,2280,43,3471,5,1
2694,45.3,48.15,2967,91,3032,46,3787,11,0
2695,48.4,42.55,2934,85,2698,54,4421,7,1
2696,54.6,42.72,811,75,1805,69,4460,13,1
2697,48.6,42.79,2302,73,1393,53,955,4,1
2698,59.9,49.45,2739,46,2680,76,2424,5,1
2699,61.2,43.5,2467,62,1690,93,1342,12,1
2700,32.3,42.43,2130,57,2481,79,621,5,1
2701,56.8,52.86,2741,77,1367,55,4259,12,1
2702,63.1,49.24,2370,92,3288,89,2764,4,1
2703,44.8,43.33,1907,78,1657,32,2872,12,1
2704,64.7,42.53,1699,69,1177,49,3996,6,1
2705,38.9,53.11,2191,49,2269,29,4993,13,1
2706,34.5,44.38,2314,97,802,94,536,14,1
2707,33.3,47.39,1918,85,1878,79,154,6,0
2708,31.2,49,1351,52,2228,64,1879,11,1
2709,59.2,49.37,1339,66,1152,61,1931,6,1
2710,37.3,47.25,2800,64,2051,57,2921,4,0
2711,26.8,42.21,1230,74,1144,56,1143,4,1
2712,46.2,52.93,2766,43,1408,65,3388,12,1
2713,56.3,42.9,1838,50,2298,54,4962,5,1
2714,25.8,47.11,1388,95,849,74,3514,11,1
2715,69.7,53.14,2395,47,812,47,4073,4,1
2716,61.8,50.29,2184,72,1819,30,4320,8,1
2717,37,43.45,2308,77,1468,53,3315,6,1
2718,24.5,51.16,1530,82,1144,80,3254,6,1
2719,38.7,47.45,1114,72,1307,44,3821,10,0
2720,54.7,44.03,1227,59,960,88,298,7,1
2721,60.5,44.45,2828,45,2374,70,4351,1,1
2722,35.1,42.35,2686,70,3214,55,3089,5,1
2723,27.8,52.47,1873,55,2101,58,1945,4,0
2724,29.5,43.81,815,83,971,43,3194,14,1
2725,61.2,43.58,806,63,2328,44,4867,12,1
2726,44.7,51.07,1469,99,2126,26,1714,6,0
2727,20.3,53.98,764,91,2913,55,805,13,0
2728,42.4,43.55,2270,45,2074,44,1241,6,1
2729,45.2,53.04,1468,97,948,21,1645,1,1
2730,33.6,42.28,1964,98,2094,64,2194,13,1
2731,54.5,52.35,2392,52,3181,94,3376,3,1
2732,66.1,50.02,1321,57,3135,27,161,14,1
2733,62,50.71,1783,64,1951,91,3815,9,1
2734,27.3,50.57,1275,46,2736,27,129,3,1
2735,36.4,51.4,1189,45,2454,36,2053,12,1
2736,23.1,47.14,1040,99,2443,65,640,6,0
2737,53,44.52,622,55,2998,44,4561,14,1
2738,65.8,46.96,2407,42,2547,65,3898,13,1
2739,60.1,44.08,1096,75,1581,91,1245,15,1
2740,36,45.19,1954,42,2077,30,444,7,1
2741,36.5,43.04,710,78,1994,43,3741,2,1
2742,31.4,48.45,1890,48,1159,79,833,9,1
2743,53.1,51.2,2702,92,1932,84,339,11,0
2744,69,44.52,1671,71,2785,20,2609,7,1
2745,47,48.84,1781,99,2070,57,2381,2,0
2746,50.7,49.72,2712,66,3406,77,1394,13,0
2747,23.4,45.67,1789,81,3403,65,1785,1,0
2748,47.2,53.52,893,59,2883,69,3991,15,0
2749,39.2,52.14,2821,70,1852,70,3880,10,0
2750,62.2,53.32,2992,58,1962,68,2105,13,1
2751,59.1,44.06,900,51,3228,28,4866,13,1
2752,36.7,51.08,2586,62,1911,93,3665,3,0
2753,65.8,52.8,615,79,1165,20,714,13,1
2754,27.2,50.47,1604,55,838,41,920,10,1
2755,54.6,47.95,2847,74,1652,51,666,14,0
2756,59.3,42.04,2152,60,1111,33,3603,5,1
2757,20.3,42.51,2564,40,2140,24,1372,6,1
2758,64.2,50.84,685,95,2642,27,1277,12,1
2759,56.8,43.32,1745,77,2841,67,4087,9,1
2760,35.1,47.68,1724,57,2029,34,1926,14,0
2761,69.3,45.64,514,78,3236,79,2359,3,1
2762,54.6,47.84,1237,50,2629,25,3644,3,1
2763,44.6,49.15,2864,41,2230,39,2714,12,1
2764,53.1,53.5,1174,82,2599,50,3204,8,0
2765,69.6,45.38,1185,66,3457,24,1347,9,1
2766,48.9,44.49,1785,66,2670,55,2273,6,1
2767,35.7,46.97,2166,64,1785,58,2799,3,0
2768,36.9,45.81,1221,70,3325,49,3300,6,0
2769,37.6,52.07,1284,71,3381,58,2003,3,0
2770,63.4,46.03,2872,80,1919,36,2072,6,1
2771,52.7,47.33,719,51,3316,87,2613,9,1
2772,68.3,50.85,2276,64,812,55,2575,15,1
2773,46.8,48.75,703,86,1975,38,225,6,0
2774,67.3,43.42,2643,76,2711,30,4517,8,1
2775,24.9,42.99,921,53,3407,22,3839,9,1
2776,50.4,43.89,1830,52,2088,84,4869,1,1
2777,47,53.64,862,88,2152,88,4736,15,0
2778,52.3,53.98,1617,71,3420,63,549,1,0
2779,67.3,42.21,1276,80,2744,74,3081,1,1
2780,27.7,47.1,964,75,1706,25,2488,13,0
2781,30.6,51.52,1565,99,2696,94,1502,12,0
2782,40.8,47.3,1941,59,1825,48,4136,12,0
2783,20.6,49.74,678,61,2852,63,1932,14,0
2784,28.7,47.59,1344,100,1753,58,1020,10,0
2785,54.2,51.27,2220,63,2267,79,3863,5,0
2786,57.8,52.72,1497,47,1461,71,3942,4,1
2787,34.4,45.32,1999,88,2384,36,1848,4,0
2788,61.3,50.15,963,87,2780,25,417,13,1
2789,38,53.91,1042,61,839,22,1853,1,1
2790,58.8,46.85,596,44,1895,83,675,11,1
2791,32.4,45.48,1922,58,1578,54,1118,4,0
2792,25.7,50.21,2607,85,1216,60,2388,4,0
2793,58.5,52.84,1786,46,1292,80,1052,7,1
2794,23.6,42.29,1715,96,2250,79,2568,3,1
2795,39.5,49.77,2752,73,2160,44,1090,4,0
2796,32.9,45.5,907,82,807,83,4474,2,1
2797,69.6,53.86,2649,45,2146,87,4208,3,1
2798,26,52.67,2830,88,1640,81,106,13,0
2799,20.9,45.56,1460,91,2844,80,455,14,0
2800,39.7,48.52,1360,42,1717,38,2743,9,1
2801,36.2,43.9,1029,58,1463,29,3027,8,1
2802,22.5,51.58,1067,51,3466,48,841,12,1
2803,47.6,53.88,2711,40,2405,29,4633,3,1
2804,64.4,52.56,1886,65,3327,94,3642,11,1
2805,57.2,53.03,507,74,1608,93,3751,5,1
2806,53.9,44.55,1017,46,2614,68,1812,7,1
2807,64.5,45.65,807,91,2665,49,4761,7,1
2808,25.4,46.39,1668,85,1897,69,3424,8,0
2809,69,45.04,704,41,2667,39,3784,13,1
2810,52.5,51.43,963,53,2925,28,4140,15,1
2811,46.1,51.18,2144,68,2835,24,1253,10,0
2812,35.7,50.11,2445,66,1118,80,989,4,1
2813,25.3,44.89,2391,81,1392,53,3928,4,1
2814,48.7,52.5,1960,41,2882,52,3408,10,1
2815,68.4,52.35,2450,53,2667,29,220,13,1
2816,47.8,42.39,2969,86,2156,85,1179,3,1
2817,38.4,52.94,2190,84,3442,28,1608,1,0
2818,46.7,44.41,1157,43,1515,48,1878,13,1
2819,47.4,47.5,1782,66,2614,83,4503,12,0
2820,59.3,44.31,2703,67,1019,47,2558,1,1
2821,31.3,51.49,1829,57,1689,52,461,1,0
2822,28.6,46.72,558,45,2149,30,611,13,1
2823,23.4,52.72,710,74,3218,53,3866,9,0
2824,37,48.64,1009,69,2017,42,2180,7,0
2825,27.1,51.14,2232,47,2029,29,2114,6,1
2826,37.1,48.7,1346,70,1429,51,2238,14,0
2827,65.1,53.4,2747,77,3440,95,2659,3,1
2828,41.5,52.76,1677,81,1930,37,2388,10,0
2829,51,49.65,2910,89,1346,87,1358,1,0
2830,20.2,42.07,1984,92,1966,21,1758,1,1
2831,37.9,45.25,2276,92,1296,80,3561,8,0
2832,32.7,45.49,901,82,2689,42,3428,6,0
2833,34.5,46.46,2812,61,2439,91,1457,13,0
2834,23.5,42.97,1835,73,1686,50,667,7,1
2835,59.8,53.95,2962,82,912,63,749,6,1
2836,31.1,52.91,1641,91,2275,92,3159,3,0
2837,33.4,50.65,2755,61,1175,55,4742,15,1
2838,56.1,46.11,539,96,2139,58,3655,3,1
2839,50,52.7,1421,90,3446,39,3492,7,0
2840,68.6,42.89,1748,82,2378,24,1269,4,1
2841,32.9,43.17,1328,72,2886,85,4423,5,1
2842,31.1,49.25,924,68,2673,43,3817,15,0
2843,69.4,44.63,711,100,892,44,632,12,1
2844,43.8,50.31,683,58,1098,95,3822,11,1
2845,32.5,53.12,1844,76,3018,71,1864,1,0
2846,58.2,46.63,2263,57,2772,75,4374,4,1
2847,35.5,49.42,1397,98,950,58,1593,4,1
2848,50.4,42.9,1347,81,2721,48,2657,3,1
2849,31.2,49.62,2802,44,1183,41,3776,15,1
2850,37.8,50.36,1389,73,2291,73,4076,6,0
2851,64.9,43.55,2104,97,1792,77,1226,14,1
2852,45.2,46.14,2872,73,1897,79,2496,6,0
2853,52.8,46.31,1116,45,3492,70,1094,1,1
2854,21.2,50.76,2338,87,2684,85,4580,2,0
2855,54.7,46.92,2525,94,2630,55,408,9,0
2856,22.2,44.47,2513,97,1605,57,598,6,1
2857,25.2,50.54,2771,45,1210,65,1460,8,1
2858,56.2,45.13,1101,60,1999,82,3304,11,1
2859,34.8,47.74,567,66,2675,30,3253,7,0
2860,29.8,42.63,1088,71,1615,74,339,6,1
2861,47.9,46.65,536,62,1141,83,3501,3,1
2862,22.1,46.34,991,76,2196,63,563,1,0
2863,58.3,49.92,1968,86,1663,63,4280,13,1
2864,63.8,43.62,872,47,2466,77,2614,11,1
2865,68.2,47.68,776,86,898,79,3161,4,1
2866,54.9,43.69,2232,80,2013,20,3832,2,1
2867,29.1,53.91,2124,85,967,93,1756,5,1
2868,59.1,44.48,1011,44,2957,79,4346,3,1
2869,40.1,43.09,1053,63,2973,48,1257,15,1
2870,62.8,53.56,2339,50,3179,45,1850,10,1
2871,50.3,50.23,869,88,3019,87,143,13,0
2872,30.5,45.13,537,86,1935,63,2993,1,0
2873,20.5,49.56,815,72,1278,37,2411,15,0
2874,57.4,47.13,2994,78,2134,59,4242,9,1
2875,33.5,52.86,2113,90,2768,69,924,6,0
2876,57.9,43.18,1076,52,1228,54,2105,11,1
2877,31.4,42.13,2006,55,1647,47,3718,4,1
2878,52.9,45.4,1267,90,2495,75,1624,6,0
2879,39.1,46.38,1787,41,2113,62,3600,5,1
2880,31.9,53.14,2146,42,854,26,3460,4,1
2881,55.1,42.28,2630,53,904,90,3158,3,1
2882,60.3,45.73,1645,66,1845,23,1233,2,1
2883,55,43.69,2396,64,1614,38,640,14,1
2884,66.6,45.35,1632,51,2673,71,2066,6,1
2885,69.4,44.25,1332,63,3025,77,2937,2,1
2886,55.8,42.22,562,51,2302,26,4014,1,1
2887,39.9,52.9,1961,98,2089,21,2016,3,0
2888,58.7,46.21,2095,62,1035,21,4978,4,1
2889,20.9,44.83,1507,54,2039,81,491,3,1
2890,55.7,53.66,1107,65,2440,47,1026,13,1
2891,23.7,46.86,541,91,2867,32,4663,15,0
2892,41.4,50.59,2436,53,2298,57,3369,6,1
2893,60.9,45.45,2230,70,1615,75,4212,7,1
2894,33.7,50.24,2328,99,1020,48,2284,13,1
2895,55.2,51.65,2540,52,2678,31,1325,5,1
2896,46.7,44.1,2572,57,2164,91,468,3,1
2897,62,45.2,2707,68,3249,95,2158,12,1
2898,27,42.11,1486,49,1828,58,2425,13,1
2899,46.9,49.23,2075,85,3263,24,2459,10,0
2900,40.6,52.18,2414,55,1782,53,4882,5,0
2901,56.5,44.05,595,48,3217,61,2432,10,1
2902,61.1,50.94,2188,59,3435,56,1824,3,1
2903,38.8,51.08,580,57,3438,72,3718,11,0
2904,56.2,50.74,1106,78,3412,25,3695,9,1
2905,49.5,44.81,652,47,1773,91,4222,6,1
2906,21.9,52.11,2157,86,1013,67,2974,8,1
2907,20.8,51.55,2988,93,1352,65,1271,10,0
2908,64.4,43.77,1633,95,2376,82,2632,9,1
2909,63.7,47.08,2450,40,970,90,1338,9,1
2910,37.2,49.79,1810,75,2634,72,3100,6,0
2911,42.1,50.64,1724,43,2406,64,137,4,1
2912,50.7,52.96,1179,74,831,30,1272,7,1
2913,36,52.55,1622,82,844,93,740,12,1
2914,45.3,44.92,1110,81,2500,93,1421,5,1
2915,46.5,45.96,2428,53,2868,89,2479,6,1
2916,48.2,46.04,2414,75,1019,45,274,7,1
2917,54,49.32,1035,100,2221,93,892,14,0
2918,22.3,52.87,1808,46,3236,35,2392,4,1
2919,36.8,52.51,1447,41,3462,95,3286,9,1
2920,37.6,52.45,689,77,899,29,2707,8,1
2921,33.6,53.64,1970,79,1840,43,2759,10,0
2922,33.9,50.03,2023,89,2040,61,1183,4,0
2923,47,44.81,1890,60,2600,47,3972,12,1
2924,46.1,48.41,2628,83,1288,34,2474,12,0
2925,45.9,52.25,773,81,3379,63,1984,9,0
2926,22.8,43.64,2154,42,2774,25,4694,8,1
2927,69.9,45.28,1373,41,1041,75,2508,11,1
2928,33.1,45.76,1703,75,3357,20,4171,15,0
2929,23.8,48,1254,79,3273,31,3919,4,0
2930,56.2,42.71,1854,85,1162,67,3222,14,1
2931,67.5,53,2954,68,2437,90,4325,13,1
2932,36.4,49.4,657,91,809,93,4602,13,1
2933,23,46.67,2206,88,1580,24,4275,15,0
2934,44.9,46.92,972,72,2902,44,2962,4,0
2935,51.2,50.78,1419,64,2770,23,4424,3,0
2936,67.2,45.11,627,85,1746,43,2463,13,1
2937,20.5,46.06,2956,50,1639,29,449,1,1
2938,53.4,42.22,827,82,2678,23,4507,4,1
2939,32.9,43.04,2992,40,1496,59,2970,12,1
2940,35.6,46.75,2261,100,2357,95,3449,12,0
2941,41.5,50.73,2387,70,2573,60,2210,15,0
2942,38.8,48.18,710,81,2230,63,4911,10,0
2943,21,49.65,1972,77,3343,42,3330,3,0
2944,50.4,50.8,1680,41,1416,87,2097,8,1
2945,60.8,48.78,1859,68,2665,40,3045,2,1
2946,22.8,47.34,1661,80,1558,41,4093,4,0
2947,66.8,44.72,2627,83,3048,81,3234,12,1
2948,30,49.07,887,41,2720,70,819,3,1
2949,52.9,52.96,1106,86,1421,28,1650,6,0
2950,59.1,42.08,2817,83,2298,23,4516,14,1
2951,64.3,43.33,821,86,3364,73,1528,5,1
2952,58,42.97,2492,42,2652,90,2734,9,1
2953,50,53.88,2763,70,3376,30,4717,14,0
2954,32.2,51.36,1423,44,2856,28,2674,4,1
2955,21,42.9,2487,87,3321,76,484,13,1
2956,49.2,49.03,1911,40,1540,50,4969,14,1
2957,38.9,49.74,1883,53,1866,40,3367,2,1
2958,33.5,43.94,622,99,842,33,2848,4,1
2959,60.7,46.68,1467,94,1469,44,1951,10,1
2960,44.3,50.04,1242,44,1291,53,2247,2,1
2961,58.6,44.96,2969,88,2175,27,4943,9,1
2962,30,44.87,1335,48,815,29,4098,8,1
2963,51,52.93,1072,58,1997,48,3504,11,0
2964,59.3,46.23,1162,56,1638,39,4645,5,1
2965,20.5,42.43,1059,88,3167,59,2424,7,1
2966,29,45.96,518,66,1816,25,4839,7,0
2967,40.9,46.89,2129,89,2366,45,2959,11,0
2968,33.4,53.78,2658,75,3110,66,1219,1,0
2969,61.1,47.52,2840,87,3398,22,2440,9,1
2970,57.3,53.35,804,71,2672,50,547,8,1
2971,61.1,45.29,2621,69,1245,82,3640,12,1
2972,37.1,45.45,2345,44,2115,77,1503,8,1
2973,67.9,50,2175,45,2061,86,3232,1,1
2974,48.8,52.27,988,90,2889,51,1270,2,0
2975,67.4,53.13,1584,61,1165,21,4844,8,1
2976,23.4,42.95,692,83,2869,74,3511,13,1
2977,33.2,51.5,1553,92,807,72,3099,13,1
2978,22.5,48.95,1224,43,819,84,4101,15,1
2979,32.1,50.18,1198,64,2881,74,381,3,0
2980,31.1,44.38,1116,40,1796,27,1674,8,1
2981,27.8,43.56,1647,47,1158,95,4752,13,1
2982,39.6,47.87,1179,70,1108,25,986,15,1
2983,52.6,45.51,2343,53,1618,93,433,13,1
2984,34.8,45.95,2854,77,3305,48,1271,6,0
2985,31.7,51.88,2003,96,2989,83,1562,13,0
2986,27.9,53.07,1106,61,3076,94,2242,15,0
2987,60.5,45.69,577,60,1725,58,804,6,1
2988,38.3,42.23,1366,41,941,93,3257,12,1
2989,64.3,51.75,1577,74,1177,64,2242,11,1
2990,64.4,48.56,1970,47,814,80,3546,9,1
2991,48.4,42.68,766,92,1897,50,3141,9,1
2992,64.1,46.5,1127,54,2732,78,2820,15,1
2993,46.4,43.38,1536,71,3310,24,2331,10,1
2994,43.2,42.31,2020,40,2213,74,4077,13,1
2995,61.7,49.09,1446,84,2117,26,1661,8,1
2996,46.2,43.86,2617,75,1260,31,2972,3,1
2997,26.5,47.7,1685,94,3211,55,1365,11,0
2998,21.7,42.23,787,58,3323,21,2558,5,1
2999,44.6,45.23,2816,50,2572,74,3576,5,1
3000,56.1,42.05,2984,95,2973,41,4618,1,1
3001,43.5,44.14,2476,46,1464,67,2932,10,1
3002,60.4,43.37,2916,61,2015,64,1236,14,1
3003,55.1,44.24,2639,84,3146,77,463,8,1
3004,20,51.6,2763,85,2282,20,2120,15,0
3005,58.5,44.65,930,54,2799,64,3247,10,1
3006,42.6,42.02,1046,57,2410,58,1154,9,1
3007,35.4,51.99,927,74,2180,59,293,3,0
3008,50.9,47.94,1011,82,2743,37,1940,12,0
3009,23.3,46.97,1149,77,1588,90,4482,11,0
3010,62.1,42.48,849,76,2617,38,2132,6,1
3011,28.5,46.73,2623,42,2911,66,1010,12,1
3012,36.5,42.97,2501,88,3108,23,421,13,1
3013,37.1,47.23,1261,46,2436,83,4486,4,1
3014,57.4,50.07,1083,58,3438,71,1966,6,1
3015,53.6,47.53,2816,90,3459,53,3431,12,0
3016,62.4,43.77,2003,52,2274,74,2753,14,1
3017,33,42.29,2705,86,3354,78,3992,5,1
3018,66.1,53.98,1456,92,2794,91,2154,10,1
3019,22.7,52.06,1373,44,1091,77,3465,5,1
3020,50.2,52.92,2234,49,1372,53,3827,8,1
3021,21.6,43.45,1668,62,3375,41,4220,11,1
3022,32.1,43.77,1463,55,920,25,4159,11,1
3023,50.5,46.37,1490,40,3131,52,3995,15,1
3024,27,53.42,2244,45,2864,28,3920,10,1
3025,23.1,43.73,2504,42,2287,83,2791,14,1
3026,62.6,49.65,2522,92,1477,37,2006,2,1
3027,50.2,50.87,2369,65,1121,87,3589,9,1
3028,68.3,44.56,2455,97,2791,29,739,13,1
3029,36.1,46,2963,81,2843,32,2109,5,0
3030,24.4,52.01,1097,81,3095,48,1484,11,0
3031,68.8,44.43,1401,49,1966,27,4514,10,1
3032,69.9,46.12,2295,90,2730,53,139,1,1
3033,32.4,45.85,2229,86,1911,23,4341,9,0
3034,60.8,50.05,2680,52,2789,64,957,3,1
3035,30.2,53.18,2862,47,1680,27,1611,11,1
3036,68.7,51.13,2424,99,2537,64,1582,10,1
3037,43.2,51.47,1837,52,1864,69,4324,13,1
3038,68,50.21,1992,55,2065,52,3161,6,1
3039,33.6,49.16,2918,97,1137,24,3952,9,1
3040,65,42.67,1786,63,1406,75,2742,4,1
3041,20.4,47.88,2977,90,3361,22,1592,7,0
3042,24.6,52.47,2189,62,2722,61,4011,3,0
3043,38.8,42.24,1473,66,1575,34,4090,10,1
3044,21.2,51.65,2266,83,2137,94,641,8,0
3045,69.2,42.27,2387,79,1162,53,1712,12,1
3046,55.8,42.4,1357,83,902,71,2306,6,1
3047,39.1,52,606,79,928,40,4697,1,1
3048,68.2,47.21,728,46,1789,85,118,6,1
3049,62.3,47.96,899,62,837,55,2259,8,1
3050,46.5,43.71,2117,41,1393,31,2097,13,1
3051,53,52.99,1815,74,1905,45,1628,10,0
3052,49,49.06,2115,99,1969,48,1544,10,0
3053,28.7,45.06,1575,81,1071,90,364,14,1
3054,34.9,44.43,767,47,3039,62,963,8,1
3055,47,50.92,889,88,1873,20,3829,4,0
3056,33.4,48.2,2883,99,2670,58,4908,10,0
3057,41.3,48.05,2978,62,2977,87,849,8,0
3058,39.8,53.95,1627,87,3021,26,791,10,0
3059,68.2,47.94,1914,94,2943,75,2906,11,1
3060,55,48.71,2304,54,1499,83,4336,14,1
3061,62.5,45.87,1344,92,1777,35,606,9,1
3062,56,53.97,855,54,2967,46,4349,2,1
3063,31,43.7,1416,81,810,94,3491,13,1
3064,61.8,53.74,2630,83,1524,91,801,3,1
3065,29.3,51.72,2473,68,922,66,3018,6,1
3066,39.6,42.89,2768,91,2969,34,910,12,1
3067,48.5,44.05,2854,95,2402,23,2183,11,1
3068,57.6,50.43,626,62,2561,31,1490,7,1
3069,24,44.11,2191,99,2937,47,2465,15,1
3070,62,51.2,1620,60,1163,20,3889,13,1
3071,57.4,49.36,1769,77,1559,46,445,12,1
3072,26.7,53.1,1771,78,1600,55,4141,6,0
3073,33.3,45.66,2065,89,1958,82,4723,10,0
3074,24.9,43.89,1293,62,1302,58,322,13,1
3075,29,42.18,2111,81,1842,52,4128,15,1
3076,62.6,51.71,1427,48,1475,76,3605,11,1
3077,63.7,42.37,2217,46,2343,38,4611,5,1
3078,26.2,46.44,2082,41,3187,58,4935,9,1
3079,26,43.1,2154,80,934,37,4953,15,1
3080,25.6,43.43,969,85,3066,41,2984,6,1
3081,53.8,44.84,1931,52,1331,40,1547,13,1
3082,21.9,42.63,2463,65,1970,34,4942,3,1
3083,69,43.01,1186,82,2175,40,911,6,1
3084,29.8,52.67,1308,40,1459,80,1627,3,1
3085,22.7,44.3,1403,63,1969,28,3054,10,1
3086,28.6,44.27,678,47,2804,33,1056,14,1
3087,45.7,45.74,711,59,1482,65,804,7,0
3088,69,53.51,1933,82,2092,20,3909,10,1
3089,25.8,46.63,2531,50,2703,65,4276,9,1
3090,37.7,51.2,629,67,1154,86,872,3,1
3091,28.3,52.47,1247,92,1045,52,1267,3,1
3092,21,49.31,1056,45,2968,52,781,15,1
3093,49.5,45.43,2725,94,1950,32,1577,10,0
3094,35.4,42.96,2898,78,2382,71,2707,1,1
3095,26.3,47.82,2018,79,2722,68,1460,11,0
3096,54.4,46,545,72,3380,84,1992,14,0
3097,64,51.08,1874,87,2651,40,1059,13,1
3098,51.7,43.49,1781,88,1337,79,4853,14,1
3099,23.3,52.25,542,88,2270,65,3790,14,0
3100,61.2,51.6,2428,43,1303,67,4318,11,1
3101,27.1,45.83,1175,69,2003,57,1646,7,0
3102,33.4,42.48,607,92,3161,34,2746,3,1
3103,43.1,48.62,1881,70,3136,25,2677,7,0
3104,67,44.63,2808,96,2383,83,3199,2,1
3105,37.5,44.55,2439,78,2516,24,3441,5,1
3106,37,50.28,2606,83,3218,49,4934,10,0
3107,22.3,53.8,1434,72,2048,94,544,11,0
3108,33.9,53.42,2970,75,960,32,1513,12,1
3109,67.1,45.15,1024,73,2062,90,2917,4,1
3110,30.4,51.27,1373,62,1667,81,3440,10,0
3111,66,53.61,2089,74,3227,36,3496,7,1
3112,59.5,47.4,686,78,3391,39,4499,15,1
3113,28.7,48.18,537,99,1707,62,791,15,0
3114,59.1,47.66,1471,43,2542,83,686,12,1
3115,66.6,45.04,1237,50,3339,70,3137,13,1
3116,47.4,48.2,2776,91,2572,66,2180,14,0
3117,52.2,47.73,2893,83,1744,88,1097,3,0
3118,21.2,47.29,1199,71,1084,60,2739,9,1
3119,39.7,52.92,1594,88,3180,72,1190,6,0
3120,42,44.48,1126,54,2114,35,1065,2,1
3121,60.4,48.36,792,40,1704,74,3937,10,1
3122,64.7,44.69,1557,61,3243,20,1069,6,1
3123,45.9,44.4,1685,86,1686,35,918,13,1
3124,51.4,48.79,993,90,933,39,3448,8,1
3125,47.3,52.78,1077,63,2047,82,2679,5,0
3126,60.6,42.13,1262,64,2279,62,251,2,1
3127,68.1,45.99,1758,64,1476,74,451,7,1
3128,39.4,51.51,2725,100,2740,28,1051,3,0
3129,23,44.72,1165,93,2712,93,1579,13,1
3130,66.8,48.22,2242,96,2560,80,218,13,1
3131,48.4,48.31,2601,73,2638,64,736,3,0
3132,34.8,49.51,1709,92,2165,62,568,5,0
3133,38.9,51.66,1672,54,1843,44,2052,6,1
3134,46.8,48.22,1150,43,2539,30,1606,10,1
3135,24.3,45.35,1796,74,2399,60,987,11,0
3136,33.3,44.24,616,51,1547,76,2819,3,1
3137,65.9,49.04,1330,62,3100,39,3183,5,1
3138,36.4,48.18,1437,84,2288,27,3774,8,0
3139,25.3,42.17,737,46,2045,32,3301,6,1
3140,25.6,47.09,633,97,2848,84,2355,8,0
3141,50.8,46.21,1813,60,1443,22,966,12,0
3142,41.9,46.41,734,45,2810,37,2338,12,1
3143,60.4,42.58,2086,80,2682,72,3821,7,1
3144,38.5,46.04,1552,73,1418,62,1629,15,0
3145,45.3,46.61,2939,75,2097,84,3663,14,0
3146,29,52.69,1989,91,2192,34,1245,8,0
3147,31.6,44.27,2852,78,1824,84,4160,12,1
3148,59.4,52.08,1776,52,2421,80,1359,10,1
3149,32.1,47.86,2540,70,2085,77,3558,13,0
3150,41.3,47.33,1822,84,2315,52,3864,1,0
3151,45.1,52.86,1062,50,913,84,3843,5,1
3152,64.7,53.48,2080,84,3274,45,2320,3,1
3153,28.1,46.88,1470,83,2611,85,3926,9,0
3154,33.2,42.66,1087,82,2812,88,946,1,1
3155,66.3,44.65,962,64,2011,53,4507,10,1
3156,27.8,43.5,1468,72,3382,95,2724,4,1
3157,43.9,53.57,877,80,1732,75,1662,6,0
3158,39.2,49.07,2913,87,1292,68,517,3,0
3159,39.2,52.61,2414,60,912,75,3330,4,1
3160,22.5,44.85,1233,97,1144,67,3830,2,1
3161,28.6,43.63,2048,75,881,51,3751,14,1
3162,60.4,49.38,1006,60,2919,59,1792,11,1
3163,40.2,50.61,1659,94,1532,93,3367,11,0
3164,20,48.29,2508,48,3270,23,1104,2,1
3165,40.3,44.55,1094,75,1952,89,2423,1,1
3166,36.4,49.39,1959,74,2949,21,2605,2,0
3167,33.6,53.36,1739,66,1215,59,4685,13,0
3168,67.4,42.07,1339,81,1660,67,3950,3,1
3169,29.4,42.42,1115,83,1386,24,359,3,1
3170,69.3,42.52,2000,89,3402,58,2704,13,1
3171,30.3,49.54,1429,46,1524,51,1503,11,1
3172,60.4,49.97,526,69,1795,83,274,5,1
3173,36.3,50.83,714,59,945,25,4855,5,1
3174,33.1,43.62,2904,44,1197,53,4891,7,1
3175,24.6,47.99,1035,73,2358,90,2469,12,0
3176,30.9,50.05,949,93,2338,45,506,11,0
3177,52.9,50.51,929,83,2811,60,1387,9,0
3178,21.9,42,2887,42,1630,34,4755,14,1
3179,26.7,53.74,1100,77,3008,93,1788,8,0
3180,47.5,53.39,1621,56,1446,52,425,2,0
3181,24.5,42.73,1447,47,2113,51,1076,3,1
3182,57.4,44.25,2120,71,1223,22,2652,11,1
3183,24.2,46.41,2638,57,3462,37,318,10,0
3184,65.2,52.6,2473,89,2335,28,698,15,1
3185,64.4,51.75,1340,44,1524,79,2551,10,1
3186,34.4,43.82,958,70,2058,88,2961,2,1
3187,55.9,50.69,1638,99,1795,42,552,5,1
3188,38,42.12,2061,70,1001,49,2154,11,1
3189,50,47.12,1812,58,1584,66,907,8,0
3190,55.6,42.67,2580,63,2507,63,741,11,1
3191,20.4,52.63,2145,69,2167,41,3873,7,0
3192,46.1,46.03,844,66,1727,55,2686,4,0
3193,32.8,45.1,1876,83,1519,30,595,9,0
3194,51.1,42.93,2941,56,2984,27,1130,10,1
3195,67.3,49.12,2768,56,2088,52,4804,12,1
3196,43.9,49,2225,87,2358,59,291,5,0
3197,29.3,47.35,2772,66,2369,63,3454,8,0
3198,50.3,47.94,2199,64,1890,69,123,13,0
3199,69.2,47.87,640,42,2536,20,4732,10,1
3200,32.6,50.47,2224,61,1842,82,1909,9,0
3201,30.6,53.56,2552,83,2052,85,4311,12,0
3202,28.1,42.25,2623,48,2371,75,2674,15,1
3203,57.7,47.25,855,65,2275,70,1740,3,1
3204,31.9,52.67,1428,63,2314,31,4440,13,0
3205,61.1,53.67,1985,59,2986,30,4390,15,1
3206,43.2,49.5,2914,60,1354,42,1895,2,0
3207,49,52.8,1342,61,2714,68,3952,2,0
3208,58.4,44.89,2365,100,2929,67,4423,15,1
3209,42.4,52.35,2205,49,1858,74,2286,5,1
3210,30.5,48.72,2252,84,2041,84,2740,8,0
3211,69,46.27,2413,53,2674,81,102,7,1
3212,31.1,48.24,2906,90,2579,62,2662,6,0
3213,68.4,45.32,2454,56,3469,48,2841,2,1
3214,28,48.35,1364,57,2860,29,4069,7,0
3215,23.6,47.21,651,94,1547,22,4903,10,0
3216,20.7,47.28,2979,86,1748,56,4596,15,0
3217,52.6,43.62,2854,73,2621,55,4387,14,1
3218,53.6,53.11,2131,85,2552,89,3578,9,0
3219,67.3,42.48,2930,42,3060,66,1518,3,1
3220,69.9,47.59,618,92,1689,40,2868,11,1
3221,41.7,53.19,2000,46,3377,47,2634,1,1
3222,25,50.52,2348,46,2037,23,2192,3,1
3223,40,46.95,2754,52,1146,54,529,14,1
3224,67.5,50.33,2706,45,3420,50,1354,15,1
3225,48.9,42.1,631,91,1984,74,3703,9,1
3226,24.3,53.36,2894,49,3498,51,1335,7,1
3227,28.5,42.96,2062,47,2869,67,859,14,1
3228,40.9,47.03,2467,71,3220,23,3644,10,0
3229,46.1,44.67,2501,40,1276,72,4040,4,1
3230,36,45.93,1877,83,998,42,4950,2,1
3231,58.6,49.35,1653,75,1117,36,2554,1,1
3232,34.4,51.54,2282,65,911,95,1047,1,1
3233,43.3,44.38,2120,55,2060,93,3135,5,1
3234,22.4,47.49,2693,41,2226,25,2194,15,1
3235,68.4,43.04,2849,82,1963,78,4168,3,1
3236,22,52.81,2259,92,1400,58,301,8,0
3237,44.8,53.48,2549,49,2043,90,694,1,1
3238,64.2,42.88,1630,47,2763,59,3480,6,1
3239,28.6,42.52,1658,77,2001,94,886,2,1
3240,29.1,47.03,912,67,1924,88,1329,2,0
3241,33.2,50.73,844,51,1904,69,401,1,1
3242,57.4,53.97,883,45,1126,78,4343,9,1
3243,46.4,47.91,2326,49,1680,33,3806,3,1
3244,30.2,42.54,2781,40,2667,68,4678,3,1
3245,53,50.29,1164,51,2977,63,2190,14,1
3246,39.3,43.63,2288,94,2946,23,4259,7,1
3247,23.5,51.11,2292,55,1630,49,2989,4,0
3248,65.8,51.78,1223,49,1572,89,2812,5,1
3249,60.8,50.43,1956,40,1340,64,1167,13,1
3250,42.4,44.17,1172,48,1347,59,1122,9,1
3251,49.4,46.53,1594,88,3261,51,3561,3,0
3252,36.4,47.8,666,90,823,52,1106,15,1
3253,50.1,53.71,1734,87,834,21,4495,10,1
3254,22.6,48.62,2405,76,3247,71,1407,3,0
3255,41.6,43.71,2579,86,3326,33,3912,14,1
3256,30.5,49.21,1355,43,2855,24,4458,2,1
3257,55.1,44.39,1523,40,927,42,102,8,1
3258,35,49.71,703,94,2998,24,2044,14,0
3259,42.5,45.3,2486,85,1657,80,3441,13,0
3260,42.9,48.91,2233,85,1319,85,4067,10,0
3261,58.1,44.12,2985,78,941,47,2593,12,1
3262,45.2,52.5,1694,40,3316,58,3846,2,1
3263,40.9,43.73,2590,80,2015,55,4722,11,1
3264,32.4,52.29,2070,79,1654,47,4698,8,0
3265,37.8,48.9,1052,62,1102,73,3844,12,1
3266,64.8,43,884,66,3293,54,1363,11,1
3267,34.2,50.35,2856,73,2667,87,483,4,0
3268,66.9,53.02,1498,50,1938,56,891,8,1
3269,28.9,51.71,1778,54,1806,28,4331,9,1
3270,45,42.36,2981,54,2381,66,3102,9,1
3271,61.8,50.72,1498,47,2764,72,367,3,1
3272,56.4,46.63,2594,68,3399,69,4531,7,1
3273,60.6,42.01,641,50,2313,95,708,14,1
3274,44.6,48.38,2940,63,2105,30,2119,3,0
3275,24.4,43.7,2723,59,903,39,1972,13,1
3276,41.8,53.23,704,64,883,80,1390,5,1
3277,39,47.36,1949,56,2524,65,3960,6,0
3278,64.7,44.45,1577,61,1942,33,2168,2,1
3279,41.8,49.18,2193,93,2138,93,4822,11,0
3280,37.8,42.63,993,86,3122,54,3004,14,1
3281,34.9,53.67,685,65,1461,74,218,5,0
3282,58.9,47.29,2826,85,2141,43,1534,13,1
3283,41.7,50.7,2399,56,3200,74,4739,12,0
3284,69.5,51.98,2489,89,3031,29,1187,8,1
3285,53.1,47.69,876,41,2648,88,4993,5,1
3286,49.8,50.66,1846,69,2626,36,903,14,0
3287,22,46.09,1789,77,2365,56,458,13,0
3288,45.8,44.23,1293,71,1881,81,3068,4,1
3289,46.1,52.69,1391,51,1366,83,2104,9,1
3290,37,44.82,2972,99,2352,84,4945,12,1
3291,46.4,47.76,1710,99,2040,21,568,2,0
3292,22.2,44.89,1659,74,3237,47,3781,8,1
3293,57.8,42.06,2298,81,3373,79,1388,1,1
3294,60.1,53.94,2097,86,2313,60,4003,4,1
3295,56,52.07,1441,52,2170,75,1930,13,1
3296,65.2,52.82,2882,44,856,73,4669,14,1
3297,44.8,43.38,1221,88,3379,55,3866,11,1
3298,50.1,42.86,614,99,1463,36,3556,7,1
3299,35.3,50.48,1685,62,1169,78,1688,10,1
3300,29.8,48.14,956,77,1375,88,4610,12,0
3301,47.5,49.61,556,45,1768,92,2219,15,1
3302,49.9,47.21,2270,68,2670,49,2895,13,0
3303,22.7,46.47,2484,61,2874,44,2490,3,0
3304,37.6,46.61,831,81,1899,43,3450,15,0
3305,59.8,45.78,1514,95,2317,77,3264,2,1
3306,61.7,51.62,2703,42,1180,75,2549,3,1
3307,51.8,52.86,1071,47,3270,79,3475,11,1
3308,63.8,51.77,2544,45,3412,24,1641,11,1
3309,22.3,45.98,1664,52,2538,87,1339,6,1
3310,41.3,45.15,2932,84,3493,30,4464,11,0
3311,55.8,43.02,2465,93,3009,62,1826,1,1
3312,39.8,43.01,793,81,2257,47,1437,15,1
3313,42.5,53.29,1423,72,1879,53,3485,14,0
3314,31.8,46.57,2070,72,3192,37,3579,4,0
3315,65.9,52.33,1346,99,2633,55,3026,3,1
3316,23.5,52.41,2414,41,2331,29,3175,4,1
3317,69,48.43,2584,50,1373,52,1146,14,1
3318,46.2,52.47,2280,86,3392,80,2269,6,0
3319,57.9,53.57,2456,57,2995,52,4520,7,1
3320,32.6,52.04,2438,78,2026,33,2868,10,0
3321,29,43.65,2141,43,2446,35,222,3,1
3322,35.4,52.53,2128,96,3177,37,1670,14,0
3323,24.3,42.11,2534,88,1446,42,3047,15,1
3324,50.3,53.46,652,55,2847,43,4503,4,0
3325,23.8,50.34,1145,56,1393,81,4671,10,0
3326,42.5,47.31,617,41,1302,42,3755,2,1
3327,65.5,49.9,1299,77,823,40,2552,12,1
3328,32.2,52.47,2277,45,2692,45,4142,7,1
3329,23.8,45.92,2574,40,1755,83,3528,10,1
3330,69.9,46.65,2890,74,2369,68,1568,14,1
3331,35.2,42.34,1537,67,3487,86,2487,6,1
3332,35.7,44.76,2837,71,2833,34,4479,7,1
3333,30.7,43.09,1109,100,1428,76,3578,8,1
3334,61.7,47.46,770,67,3295,44,143,12,1
3335,29.9,44.59,2623,93,1825,21,1835,9,1
3336,58.4,43.12,1590,48,2786,36,1935,2,1
3337,47.2,43.11,612,67,2608,44,2462,1,1
3338,59.3,43.06,1112,69,1833,81,4500,11,1
3339,60,42.32,2420,83,2269,38,1600,13,1
3340,32.1,51.79,2427,86,3358,56,4912,9,0
3341,31.9,43.24,1409,51,2766,59,1926,14,1
3342,55.5,44.64,1705,78,2953,56,4206,1,1
3343,35,52.85,1247,65,2303,40,571,5,0
3344,63.5,53.19,1106,70,2667,68,1209,15,1
3345,63.7,45.57,2010,71,3396,64,1197,4,1
3346,44.2,46.87,1822,92,3205,86,450,1,0
3347,24.1,52.1,567,75,1788,60,131,6,0
3348,68,51.11,1963,51,1986,75,4096,8,1
3349,35.5,53.88,2867,85,1739,72,2040,3,0
3350,39.7,43.41,1416,93,1641,79,560,4,1
3351,27.9,42.72,2227,99,942,55,981,8,1
3352,23.6,42.78,1275,100,1262,81,349,3,1
3353,62.5,46.65,549,60,1321,47,818,6,1
3354,40.1,50.36,2859,95,3239,23,4390,6,0
3355,62.1,50.04,2763,44,1230,21,2932,15,1
3356,33.1,51.5,1478,59,1487,56,4909,11,0
3357,44.8,44.69,1850,86,2666,39,3701,14,1
3358,56.2,44.77,1584,77,2451,73,4455,15,1
3359,60.8,50.54,2695,85,2509,38,2150,2,1
3360,44.4,51.38,1835,91,1009,84,4143,6,1
3361,31.5,45.69,1656,95,2642,75,1007,1,0
3362,24.2,42.1,1665,54,945,24,924,14,1
3363,41.8,47.02,1438,73,3366,24,4590,10,0
3364,52.1,52.35,2884,44,3115,74,3370,4,1
3365,45,44.55,2412,44,2309,47,1854,2,1
3366,42.9,52.46,1534,66,3248,79,4615,4,0
3367,31.4,47.29,2224,77,1035,63,2084,7,1
3368,64.7,52.27,1860,89,921,80,4411,1,1
3369,58.7,48.51,2148,95,979,37,4245,7,1
3370,40.5,53.22,1297,93,1217,49,2058,3,0
3371,45,42.3,2300,70,2906,21,1112,2,1
3372,56.7,49.33,2584,42,1704,79,4818,6,1
3373,45.5,53.3,1447,51,1017,70,388,13,1
3374,25.8,47.93,974,70,2004,25,4594,8,0
3375,48.7,52.44,2739,73,1201,35,511,2,0
3376,36.5,52.3,2272,58,1062,80,894,1,1
3377,28.7,52.87,659,90,2864,69,3650,10,0
3378,43.3,42.76,833,87,2274,57,4236,7,1
3379,23.6,45.03,955,50,1034,76,1137,4,1
3380,45.2,48.06,2796,83,1396,74,1491,11,0
3381,23.2,46.42,517,44,1298,29,1877,4,1
3382,24.7,46.88,2893,80,2776,34,2233,2,0
3383,40.2,44.38,2073,71,1528,93,3737,2,1
3384,57.9,43.78,2196,54,2805,29,4718,8,1
3385,22.1,47.03,2323,40,1820,57,1546,9,1
3386,33.1,45.27,2958,78,1367,73,1061,1,0
3387,21.5,47.17,985,91,922,89,2944,10,1
3388,58.8,42.84,2068,63,3486,65,2760,2,1
3389,36.1,43.86,2207,96,3021,37,4829,4,1
3390,63.2,45.96,1811,67,1901,91,4744,13,1
3391,55.6,51.01,2665,81,2428,26,320,10,1
3392,68.8,45.52,2557,88,997,70,336,8,1
3393,25.6,52.96,974,90,2167,51,1368,14,0
3394,57.3,44.32,777,78,1026,91,3246,12,1
3395,46.2,52.99,2412,42,1054,60,3813,9,1
3396,34.3,44.51,1946,100,3387,78,1264,4,1
3397,58.9,43.99,1261,73,1449,67,4517,7,1
3398,60.5,49.83,2176,48,1196,57,2709,1,1
3399,40.4,42.61,863,100,1907,23,4357,9,1
3400,56.1,43.84,2995,63,1389,31,4148,6,1
3401,63.8,51.83,1664,64,1306,73,1733,2,1
3402,60.3,43.37,2996,90,896,46,2899,15,1
3403,65.5,51.45,2219,77,2279,61,2787,12,1
3404,48.6,51.38,1524,64,1358,80,1886,15,0
3405,22.2,47.42,2338,95,1253,71,1888,2,0
3406,34.3,51.25,1294,66,911,56,642,3,1
3407,54.5,48.73,2531,89,2634,87,4403,7,0
3408,20.2,51.22,2681,89,1600,59,1873,3,0
3409,39.3,53.63,1030,88,2756,67,4933,14,0
3410,31.2,47.67,2937,62,1206,37,1463,7,0
3411,50,45.62,2612,51,3263,61,4696,4,1
3412,31,44.04,1717,95,964,74,1133,7,1
3413,68.9,50.95,1825,96,1022,86,2607,2,1
3414,33.8,47.51,2742,69,2320,47,414,2,0
3415,61.6,51.21,907,86,1191,36,3211,5,1
3416,33.2,42.08,1348,41,1129,68,1366,15,1
3417,20.5,48.7,2381,61,2843,50,4064,15,0
3418,23.5,47.49,1822,71,3099,74,4196,2,0
3419,36,42.81,2296,42,1141,67,4910,7,1
3420,51,44.6,2548,75,2579,66,1845,5,1
3421,47.2,52.61,537,100,1025,24,4128,4,1
3422,41.7,53.82,2145,92,1913,86,3074,15,0
3423,37.1,44.78,2009,79,1511,49,2743,4,1
3424,66.4,50.44,816,57,3038,83,2330,5,1
3425,58.5,50.88,2507,76,3146,92,2748,11,1
3426,35.7,42.73,1747,96,1061,22,3888,14,1
3427,30.2,45.54,2123,68,2902,93,4171,14,0
3428,43.7,45.1,1184,76,1470,57,4597,2,0
3429,40.5,53.46,715,54,2586,26,3163,9,1
3430,65.8,48.74,2663,64,3008,71,4491,13,1
3431,37,48.49,884,48,2453,35,2790,5,1
3432,56.2,47.91,2120,42,1052,84,1042,13,1
3433,63.3,47.59,2279,64,2319,60,2293,7,1
3434,25.2,50.49,683,43,1965,81,4875,6,1
3435,46.8,46.14,2690,63,1883,29,3982,2,0
3436,57.5,51.34,1552,40,2805,43,412,8,1
3437,57.3,53.86,640,92,892,67,4572,12,1
3438,45.5,42.66,1161,89,929,25,2060,3,1
3439,28.1,44.98,1148,64,889,47,863,9,1
3440,29.1,48.63,1077,68,2375,54,1120,15,0
3441,64.6,46.52,790,51,1963,71,2179,13,1
3442,64.1,46.51,1373,40,1949,89,4902,5,1
3443,51.4,49.87,507,76,2174,61,4390,9,0
3444,38.7,43.22,1882,49,2447,71,2447,14,1
3445,47,53.56,1204,99,3354,53,1007,12,0
3446,60.1,43.08,2486,80,1557,65,217,3,1
3447,35.1,48.64,2569,70,1941,81,568,1,0
3448,57.4,52.04,1505,68,1279,94,1871,10,1
3449,40.7,52.68,1849,94,3201,31,2347,5,0
3450,60.5,51.14,687,84,2550,65,1679,1,1
3451,50.4,45.35,601,66,1768,25,561,13,0
3452,47,45.99,2775,96,1008,80,2833,5,1
3453,37.3,47.32,2220,95,1414,61,2579,9,0
3454,68.3,47.63,1553,88,3161,22,3557,1,1
3455,62.4,45.24,2431,69,3361,75,2787,6,1
3456,30.1,45.66,2024,90,1288,83,2714,3,0
3457,53.5,49.62,2943,74,851,32,3181,13,1
3458,21.2,42.88,2652,54,1145,46,161,15,1
3459,61.5,42.65,2333,40,1483,69,2692,11,1
3460,21.5,42.9,557,73,2375,94,2213,10,1
3461,20.1,48.73,2116,48,2067,88,2607,7,1
3462,36.3,45.98,2064,78,2336,90,3161,9,0
3463,34.3,44.52,2998,64,3163,83,756,7,1
3464,59.4,42.89,732,98,3225,92,1530,8,1
3465,54,44.71,588,59,881,93,3800,8,1
3466,30.1,47.86,1605,73,3492,72,4151,10,0
3467,53.7,50.74,2378,68,2757,31,224,7,0
3468,45.9,53.14,1803,67,2312,54,261,13,0
3469,41.1,52.53,1779,80,1541,82,4348,4,0
3470,45.7,52.4,1798,54,2022,42,2453,2,1
3471,33.7,51.04,529,87,2096,33,1947,5,0
3472,29.3,53.86,1205,56,2021,70,3594,14,0
3473,31.7,51.05,1123,92,1071,82,1881,14,1
3474,48.7,49.33,1406,57,1631,33,1459,8,0
3475,64.1,51.13,1580,83,1236,42,524,11,1
3476,52.5,48.21,1868,74,2682,69,4747,14,0
3477,20.6,51.23,2955,87,3301,28,4854,12,0
3478,20.9,47.93,1583,97,2184,27,2339,4,0
3479,30.7,50.35,644,41,971,70,4767,8,1
3480,30.7,43.03,1027,41,3377,67,2591,9,1
3481,49.2,43.02,2924,61,2232,92,165,12,1
3482,46.1,53.02,568,77,3361,48,977,12,0
3483,62.1,45.75,512,84,942,43,2440,15,1
3484,45.6,49.25,655,42,2315,59,3173,14,1
3485,40.2,53.9,2993,59,884,38,4665,10,1
3486,32.1,50.18,671,61,1115,51,416,2,1
3487,69.1,49.67,1312,47,2575,90,1435,12,1
3488,55.4,46.81,2501,46,1089,84,990,2,1
3489,46.6,42.02,2999,71,3105,30,3313,8,1
3490,50.7,47.42,2167,62,2758,90,1905,12,0
3491,67.4,43.91,613,43,2133,30,206,2,1
3492,60.3,47.97,2790,49,2315,45,4162,2,1
3493,21.6,42.75,1715,50,2696,92,428,3,1
3494,30.5,50.96,1159,46,1818,52,2269,7,1
3495,57.6,48.97,1426,78,1652,79,2232,10,1
3496,27,44.85,1011,76,1363,73,133,15,1
3497,25.7,50.51,1381,97,3279,58,2204,10,0
3498,29.8,47.2,2178,83,1648,33,465,9,0
3499,44.2,46.2,751,86,1809,26,2694,5,0
3500,38.4,49.38,2522,42,3111,83,2095,4,1
3501,38.4,43.08,2102,86,1770,67,4225,10,1
3502,49.4,48.24,1970,78,2830,41,717,10,0
3503,30.1,47.18,1216,52,2563,64,4799,12,1
3504,28.4,52.21,1569,79,3246,35,1388,11,0
3505,26,42.84,1771,84,1334,54,1256,7,1
3506,65.6,51.49,2899,55,1409,28,3841,10,1
3507,52.5,45.7,1993,64,1198,90,1155,5,1
3508,47.4,44.55,2737,90,2051,47,4116,9,1
3509,45.8,49.27,2236,97,3456,70,3623,8,0
3510,54.7,52.14,2016,60,1507,30,3859,5,0
3511,48.3,47.04,1651,65,857,82,4528,10,1
3512,63.1,42.26,1792,63,1289,66,190,13,1
3513,56.1,52.85,1132,49,3194,90,2397,1,1
3514,46.1,46.5,976,67,1602,30,1559,12,0
3515,48.5,49.3,1452,84,3477,70,1668,10,0
3516,57.2,47.52,2086,67,1285,67,249,10,1
3517,44.4,42.76,1223,80,1606,82,2224,2,1
3518,43.8,50.3,1342,89,1827,20,989,6,0
3519,36.4,45.54,1276,82,3308,38,833,13,0
3520,69.6,45.83,2868,71,1862,38,126,9,1
3521,57.7,45.65,1742,66,2110,86,1594,15,1
3522,44.9,46.73,2587,64,3037,51,2374,3,0
3523,27.8,47.36,1741,52,3248,73,3479,3,1
3524,30,45.1,1289,48,2671,57,3736,1,1
3525,54,45.52,2999,100,1658,35,2443,8,0
3526,26.6,43.34,1228,45,835,26,1849,4,1
3527,32.7,45.1,568,40,898,76,1003,11,1
3528,65.4,49.12,2129,95,2579,89,488,9,1
3529,37.2,48.74,1866,49,1328,41,326,1,1
3530,67.2,49.12,2700,69,2287,22,862,15,1
3531,57.1,48.75,1038,78,2773,57,897,1,1
3532,28.7,48.84,1087,57,3495,45,3723,3,0
3533,33.5,45.48,2007,57,2544,35,2398,13,0
3534,69.3,42.49,1372,63,1018,43,4914,8,1
3535,20.4,49.32,2664,89,3344,41,4626,5,0
3536,56.3,52.45,880,40,3246,62,3469,6,1
3537,26.6,51.49,1111,43,2428,43,2409,9,1
3538,48.4,45.73,1391,97,1065,62,4478,13,1
3539,41.3,44.91,1044,80,816,85,2856,3,1
3540,21.5,50.92,2331,89,2753,89,3495,14,0
3541,37.3,53.97,1280,94,1754,72,1550,15,0
3542,33.3,42.69,750,41,823,66,982,13,1
3543,20.7,45.72,2263,50,2576,95,3940,15,1
3544,20.2,44.88,532,95,2690,22,3119,4,1
3545,21.1,48.28,2713,83,2904,87,2676,11,0
3546,33.2,47.92,1432,85,1354,67,2986,2,0
3547,68.9,49.37,644,72,3459,57,220,13,1
3548,61.9,53.87,2947,47,1429,40,4639,12,1
3549,25,48.38,899,71,2102,44,1367,11,0
3550,43,44.65,2373,88,1300,44,168,8,1
3551,57.7,49.12,521,68,2914,43,2734,6,1
3552,58.3,47.5,1403,97,2265,59,4321,10,1
3553,35.3,45.37,1851,54,897,37,2239,9,1
3554,58.1,53.11,2911,91,3106,42,4391,2,1
3555,30.9,45.35,2031,80,3357,93,2464,2,0
3556,34.3,44.83,2737,50,1614,45,1054,11,1
3557,57,51.92,1168,90,1638,22,2034,13,1
3558,32.1,44.49,1373,88,2175,61,1697,12,1
3559,24.2,43.69,2548,53,3126,78,2571,13,1
3560,31.3,50.37,2836,86,1373,41,4029,5,0
3561,65.9,52.15,1402,98,2988,91,2532,12,1
3562,22.8,53.99,1793,87,2148,60,4835,14,0
3563,30.3,43.66,2906,99,1034,88,129,7,1
3564,24.5,52.16,945,54,3165,43,2513,12,1
3565,66.1,44.83,2599,59,1113,33,1075,3,1
3566,49.3,46.08,2701,80,3335,23,4023,3,0
3567,63.6,48.46,2949,66,3145,39,2969,15,1
3568,60.7,52.44,2389,78,2287,89,4725,2,1
3569,54.7,50.96,1486,44,1001,48,4162,8,1
3570,33.2,50.35,1046,98,1625,37,3480,9,0
3571,62,43.19,937,74,2999,30,2929,8,1
3572,50.2,51.02,2201,56,2938,21,522,3,0
3573,46.6,45.85,2056,56,2798,93,2355,5,0
3574,38.2,53.07,501,63,2619,56,2762,4,0
3575,21,50.03,1149,41,889,28,333,8,1
3576,65.6,52.94,1908,98,2625,67,3845,4,1
3577,25.2,44.17,1075,65,1005,29,3845,2,1
3578,32.7,51.13,707,44,1787,93,3370,15,1
3579,21.1,43.06,2653,95,1950,80,380,7,1
3580,60.1,53.72,1608,62,1896,52,3133,7,1
3581,58.4,52.43,1331,95,2866,32,2041,14,1
3582,57.4,46.84,1688,46,3090,55,3551,9,1
3583,67.2,42.51,2852,64,3495,46,4950,2,1
3584,60.5,44.37,2287,48,2879,43,2980,2,1
3585,35.3,53.9,727,50,1650,90,1246,5,1
3586,48.5,50.23,1735,67,1673,70,2366,14,0
3587,46.3,48.87,631,91,1028,32,1184,1,1
3588,45.7,53.09,1096,48,2958,86,2466,2,1
3589,55.9,51.32,867,82,1240,57,2011,6,1
3590,52.4,45.31,1480,68,2261,21,1696,10,0
3591,31.6,46.56,2729,44,1267,52,1309,12,1
3592,69,45.42,912,54,2168,83,2229,2,1
3593,53,44.13,694,45,1130,89,3619,11,1
3594,50,51.75,501,54,1936,33,3602,4,1
3595,54.3,46.11,1009,63,827,31,3456,10,1
3596,34.1,43.5,703,46,1790,53,4866,4,1
3597,50,48.02,1420,83,3484,70,2440,12,0
3598,64,45.44,2180,50,2727,93,3419,13,1
3599,57.1,46.46,2860,98,2473,40,3227,5,1
3600,27.4,53.63,1011,41,2763,78,2756,13,1
3601,32.1,45.38,1505,79,3015,91,3574,7,0
3602,46,50.62,2892,96,1828,84,2934,13,0
3603,46.6,42.43,672,86,3158,67,1836,3,1
3604,39.1,50.33,1264,73,2076,73,4004,1,0
3605,47.4,48.32,734,79,2584,59,3816,5,0
3606,50.6,50.43,2896,84,1458,62,4868,15,0
3607,24.7,46.56,846,92,1805,83,4397,3,0
3608,34.3,44.48,753,92,1971,89,1222,10,1
3609,33.6,48.63,1850,100,3310,48,2542,14,0
3610,50.1,53.67,854,83,2056,50,4398,8,0
3611,37.2,42.78,1445,73,1708,77,2154,1,1
3612,20.4,43.54,2300,89,2206,48,1397,11,1
3613,60,46.01,2286,91,3241,68,1684,3,1
3614,68,43.65,525,80,1846,68,3424,12,1
3615,53.8,43.47,739,93,2097,57,1497,8,1
3616,54.4,52.92,1627,81,2187,23,2904,2,0
3617,24,49.58,1798,76,2524,74,4259,13,0
3618,65.5,45.9,2958,81,2982,53,895,13,1
3619,53.2,45.27,2997,100,923,88,4813,4,1
3620,54,52.59,1380,74,3500,68,554,3,0
3621,52.2,45.69,2297,49,1970,75,1022,2,1
3622,39.3,53.69,1133,45,2066,68,2232,6,1
3623,56.7,50.21,2081,45,2600,35,3327,9,1
3624,50.9,45.23,2303,61,1082,24,1840,6,1
3625,31.4,46.58,947,75,1328,95,4971,12,0
3626,40.3,52.62,1919,59,1318,70,4773,5,0
3627,34.1,48.9,1185,49,1055,89,3802,2,1
3628,42.8,50.21,2481,79,1930,33,3606,14,0
3629,50.8,53.39,1628,46,1451,35,2294,4,1
3630,65.7,42.96,1425,51,1486,39,3276,2,1
3631,48,45.64,1507,72,2989,69,705,13,0
3632,21,53.68,2451,42,3060,76,4785,3,1
3633,36,42.23,1626,100,992,79,2793,5,1
3634,44.2,43.14,2185,96,1742,20,2396,12,1
3635,64.8,43.5,1887,94,2163,45,1911,4,1
3636,55.1,48.28,1100,52,849,51,362,13,1
3637,43.3,51.85,1330,100,3379,73,1321,13,0
3638,48.8,51.57,2715,61,2456,63,4580,4,0
3639,29.6,44.05,2404,65,913,95,3541,6,1
3640,50.2,49.4,2064,47,2984,90,162,6,1
3641,51.4,47.9,2469,78,1259,53,2698,6,0
3642,69,49.78,2881,77,2271,94,2820,5,1
3643,38.9,42.08,1031,44,1194,40,3782,2,1
3644,47.2,50.59,937,44,3251,29,2951,2,1
3645,69.2,48.16,2108,66,3211,55,2299,4,1
3646,50.9,45.2,2430,55,1898,79,3780,6,0
3647,40.8,42.57,2679,46,3405,58,4866,9,1
3648,56.5,52.89,2990,82,1950,45,3572,13,1
3649,21.4,46.98,1527,56,2402,65,4735,10,0
3650,49.1,43.15,2151,70,3142,34,3061,11,1
3651,57,44.43,2782,91,1736,44,4038,5,1
3652,54.7,44.49,1262,99,933,92,3225,7,1
3653,25.5,53.71,2957,44,2714,70,2688,12,1
3654,56.2,46.94,540,51,898,30,2080,1,1
3655,43,42.65,942,52,3445,46,1928,5,1
3656,22.8,51.54,2292,80,983,81,673,12,1
3657,37.2,51.26,1226,69,3478,25,4120,2,0
3658,59.8,50.72,1576,66,1722,52,4556,15,1
3659,26,51.09,2619,83,2589,30,2472,6,0
3660,29.6,44.43,2277,68,1912,90,1876,1,1
3661,67.5,53.07,2730,57,819,56,3405,1,1
3662,68.6,50.07,2927,55,3253,86,2275,1,1
3663,67.4,43.56,1334,95,1546,72,262,11,1
3664,31.4,48.19,899,79,2663,63,365,6,0
3665,33.5,49.36,959,83,2695,85,2289,3,0
3666,32.8,50.67,1318,85,3262,82,3729,14,0
3667,20.7,44.13,904,87,1202,77,4450,11,1
3668,53.8,47.5,1968,75,2694,32,4567,10,0
3669,43.4,43.58,920,52,2015,60,443,3,1
3670,43.7,43.14,1275,82,1388,29,3295,12,1
3671,31.9,42.61,632,74,3472,52,3887,10,1
3672,43,48.15,1175,40,1290,28,3343,13,1
3673,49.7,42.06,2848,88,1053,54,3106,8,1
3674,69.3,45.53,1140,76,1167,45,1405,15,1
3675,31.7,50.43,2189,54,2397,95,2670,5,1
3676,58.1,48.7,1357,88,1588,54,2236,14,1
3677,22.3,52.25,1365,71,2748,59,1743,8,0
3678,64.6,47.66,1370,59,2069,71,3053,9,1
3679,29.2,51.74,606,58,2945,51,4188,3,0
3680,47.3,51.05,646,85,2298,65,4626,3,0
3681,47.1,45.93,1410,90,2282,28,184,3,0
3682,27.1,53.2,2246,79,893,51,162,3,1
3683,32.7,47.46,2175,48,2638,62,3316,13,1
3684,68.8,44.37,899,58,1672,38,1658,5,1
3685,25.5,52.68,2185,74,3337,89,513,2,0
3686,29,48.06,1821,64,2887,66,3999,12,0
3687,40.4,45.17,1511,72,935,67,1814,10,1
3688,42.9,42.03,2460,72,3463,70,3949,2,1
3689,28.6,50.75,1826,59,3042,30,1959,4,0
3690,22.6,49.59,2861,96,1402,73,4752,14,0
3691,40.3,44.03,2432,75,3149,29,4424,10,1
3692,21.2,50.52,1941,97,2255,21,1480,7,0
3693,49.1,42.85,1597,54,1100,53,3474,13,1
3694,51.2,50.58,2204,90,3087,56,4178,1,0
3695,37.1,47.02,1287,77,1531,91,1079,7,0
3696,48.9,43.25,2428,87,2122,25,1786,10,1
3697,55.1,52.98,913,99,1909,36,983,1,1
3698,36.5,51.04,1971,52,1948,86,2346,12,1
3699,51.8,48.03,2927,53,3445,30,1274,15,1
3700,32.7,49.77,2310,70,2389,79,442,1,0
3701,49.8,42.64,735,58,1454,84,1384,11,1
3702,40.7,49.67,2118,70,954,77,662,1,1
3703,54.7,47.01,1662,51,3223,54,1572,2,1
3704,20.6,44.16,2861,42,1870,41,1307,1,1
3705,23.3,43.46,1370,94,2106,90,3149,15,1
3706,32.1,53.01,1472,58,3379,38,4245,7,0
3707,50.6,43.01,2365,85,1408,81,462,6,1
3708,33,51.21,563,57,1177,52,1727,7,1
3709,31.2,53.04,1726,41,2400,36,1736,4,1
3710,32.1,50.83,2780,76,2787,52,2455,13,0
3711,35.8,49.29,2034,64,1059,48,4455,2,1
3712,41,46.29,862,48,3272,95,3836,2,1
3713,25.2,53.51,787,53,1804,20,3710,8,1
3714,25.2,53.62,1242,54,3295,44,2351,14,1
3715,30.7,49.76,1673,46,2626,37,3368,12,1
3716,25.3,49.56,2691,41,1840,60,4712,6,1
3717,69.7,47.32,2161,99,3459,54,2057,10,1
3718,35,53.01,1669,71,2499,89,896,14,0
3719,67.2,42.39,2436,64,1290,38,716,15,1
3720,46.5,44.44,640,80,2943,70,2913,2,1
3721,64.6,46.62,1429,100,1353,54,3285,1,1
3722,55.5,51.32,591,87,1588,53,2137,6,1
3723,66.8,44.15,2187,60,3317,83,1066,2,1
3724,31.4,42.1,1403,80,1121,32,4066,12,1
3725,23.5,42.47,1341,42,2418,33,3955,4,1
3726,59,52.61,2904,54,2810,41,277,8,1
3727,69,46,550,60,2259,54,686,11,1
3728,22.6,46.36,640,78,2841,80,653,3,0
3729,21.9,48.81,1103,89,2949,29,3018,14,0
3730,69.2,44.57,2669,89,816,80,163,2,1
3731,48.6,48.44,2704,83,3353,63,3984,8,0
3732,24.3,44.22,1430,74,2848,38,3561,1,1
3733,27.9,49.64,2133,46,1001,71,3317,6,1
3734,21,52.79,1449,56,1107,93,4883,15,1
3735,56.4,42.5,2845,44,1994,47,2973,8,1
3736,45.8,49.09,865,71,2572,81,3173,6,0
3737,44.4,49.34,763,52,3273,88,3924,11,1
3738,23.4,45.93,1251,66,1282,83,558,2,0
3739,40.4,48.98,2239,97,993,41,1561,12,1
3740,51.5,49.45,2454,67,1024,32,4667,13,1
3741,26.7,44.46,1556,95,1892,64,626,3,1
3742,28.5,50.42,951,48,1310,54,3743,3,1
3743,33,48.66,1409,91,1593,49,973,8,0
3744,28.9,46.85,2999,87,3203,70,3092,3,0
3745,44.6,45.23,2574,70,1577,90,2522,5,0
3746,35.4,43.18,1587,90,1279,77,1294,13,1
3747,23.6,49.98,1129,52,3184,29,3564,8,1
3748,61.1,45.66,2914,45,1472,31,4532,8,1
3749,51.2,53.2,1227,45,2723,30,1488,15,1
3750,59.2,43.31,2942,86,2053,33,3762,12,1
3751,60.5,47.45,740,61,1722,43,1523,12,1
3752,64,46.71,654,76,3252,25,2040,13,1
3753,45.2,42.63,2501,87,2364,44,3250,2,1
3754,37.8,50.23,1552,60,900,65,1019,9,1
3755,28.5,43.5,1090,97,2283,50,4156,1,1
3756,39.8,51.84,1549,64,2839,71,154,4,0
3757,68.9,50.83,1241,76,3489,39,2259,9,1
3758,41.2,42.21,1243,70,3272,43,2378,3,1
3759,47.6,49.55,2009,53,1782,25,1946,7,1
3760,22,42.85,611,52,2986,73,1521,4,1
3761,26.7,42.94,2420,41,1208,84,1744,15,1
3762,65.7,44.94,1085,72,3108,54,2114,3,1
3763,28.8,45.28,583,61,1335,52,792,13,0
3764,52.2,52.77,1674,72,1403,74,1722,9,0
3765,35.5,45.08,816,52,3348,76,4730,8,1
3766,34.4,46.14,727,73,2131,85,1665,3,0
3767,57.4,44.82,922,88,2354,89,2440,7,1
3768,48.2,53.97,887,44,1731,84,2466,8,1
3769,51.7,49.94,1440,55,1462,89,1676,15,0
3770,23.8,51.15,2840,68,815,48,2221,9,1
3771,49.1,45.33,1323,67,3392,80,2630,6,0
3772,65.6,48.57,1813,69,2547,39,223,14,1
3773,43,53.79,2294,45,1799,93,3531,11,1
3774,60.5,50.7,1765,54,2530,28,3153,8,1
3775,39.7,44.65,1939,73,2285,69,2012,10,1
3776,46.8,44.76,1986,69,3268,61,2491,2,1
3777,51.7,49.55,2327,71,2773,26,4499,12,0
3778,45.6,46.34,1398,74,1829,67,551,6,0
3779,62.5,51.95,2150,71,2734,77,4555,4,1
3780,34.7,51.02,2808,77,2257,87,963,10,0
3781,48.2,48.89,2642,85,3388,23,159,12,0
3782,31.8,43.41,2204,95,1139,34,2635,14,1
3783,38.9,48.08,2008,54,1408,37,3153,14,1
3784,29.2,45.67,1295,62,3063,26,4766,8,0
3785,59.1,47.32,1717,87,2929,68,1399,3,1
3786,48.2,53.29,1742,65,3343,94,3030,13,0
3787,45.3,48.59,1040,81,3220,74,3456,5,0
3788,32,46.61,512,96,3002,35,1401,6,0
3789,28.5,46.92,1964,89,2072,34,1775,10,0
3790,58,47.06,2919,77,1594,26,2492,12,1
3791,65.7,44.91,2253,74,3261,41,1203,15,1
3792,60.1,52.76,2115,55,2353,36,2900,11,1
3793,40.3,52.78,1441,40,2995,78,191,8,1
3794,21.7,53.4,530,99,3346,80,3865,3,0
3795,47.8,50.68,2659,59,2289,59,1222,4,0
3796,55.6,53.28,1097,72,2301,57,348,5,1
3797,52.6,50.71,771,85,2405,77,1958,3,0
3798,56.8,50.61,1315,47,1036,88,4106,10,1
3799,42.8,49.63,1131,47,859,32,4204,6,1
3800,32.4,42.44,1273,59,1349,47,2355,10,1
3801,47.6,46.24,1756,100,3456,80,4963,9,0
3802,20.2,50.22,926,65,2356,49,1642,14,0
3803,21.7,44.25,1973,96,958,83,4548,6,1
3804,53.5,47.74,2773,70,3308,82,2913,14,0
3805,28.6,46.73,2229,98,2044,81,1425,15,0
3806,41.7,51.89,770,91,3315,54,3890,5,0
3807,28.2,53.99,1174,54,2945,35,1960,10,1
3808,25.5,53.04,568,50,1974,45,3589,15,1
3809,68.8,44.39,1072,90,1037,63,1016,2,1
3810,64.2,53.95,1028,97,2561,34,3065,5,1
3811,57.3,49.16,1514,52,3425,40,794,9,1
3812,20.4,43.65,2640,87,2929,78,1810,6,1
3813,68,42.12,864,73,3164,66,1698,8,1
3814,34.3,48.9,2196,50,2580,37,4916,5,1
3815,30.6,42.63,1586,63,1383,92,1564,6,1
3816,49.1,45.23,1253,84,930,45,876,10,1
3817,33.3,42.37,1308,96,1464,73,3113,5,1
3818,69.5,42.82,1678,71,3310,53,1525,13,1
3819,55.6,45.8,562,69,2614,40,1706,6,1
3820,20.2,50.7,722,89,2619,78,3831,9,0
3821,29.9,46.95,1251,76,1137,34,1057,10,1
3822,54,47.02,1775,83,2783,62,1543,1,0
3823,36.5,52.08,2850,66,2563,79,859,2,0
3824,27,49.1,692,73,3068,78,3235,4,0
3825,37.4,52.29,1772,92,1404,63,4915,8,0
3826,69.8,50.81,1312,52,3320,86,3716,1,1
3827,56.7,52.95,765,62,1911,22,2810,4,1
3828,27,43.32,993,66,3042,54,2750,5,1
3829,63.4,44.16,2806,54,2225,45,4999,1,1
3830,40.8,47.2,1401,47,2768,25,1712,3,1
3831,61.4,46.39,2673,64,2419,20,3518,5,1
3832,56.6,43.67,2224,89,2353,26,2821,6,1
3833,53.8,53.76,830,100,1793,41,1051,10,0
3834,54.7,42.8,1809,63,2550,84,858,15,1
3835,52.6,46.78,640,85,2414,84,1143,9,0
3836,55.9,49.68,1603,40,1208,29,3080,2,1
3837,44.2,43.13,2915,94,2083,33,879,7,1
3838,58.9,50,2197,52,1230,30,1849,4,1
3839,21.2,50.7,1149,41,2527,63,1006,14,1
3840,45,48.1,2922,75,1357,24,2450,8,0
3841,32.3,46.23,1997,68,3019,47,3635,4,0
3842,28.9,47.96,2166,96,2644,90,4517,5,0
3843,67.4,48.88,2025,44,1120,64,1199,12,1
3844,61.4,48.18,2041,85,1727,67,260,9,1
3845,21.9,49.35,2755,74,848,64,2706,2,1
3846,39.5,53.95,792,86,3262,78,2221,14,0
3847,36.1,42.05,1327,72,936,94,4932,9,1
3848,25.7,44.42,1232,83,3091,57,2681,14,1
3849,59.5,50.47,1478,62,944,62,2974,5,1
3850,63.2,44.49,1427,95,3361,88,2334,9,1
3851,30.2,48.88,1537,43,1858,73,4691,2,1
3852,30.9,49.53,2305,52,3368,44,3910,8,1
3853,69,50.2,502,78,2505,47,4528,1,1
3854,40.7,53.45,1840,78,2141,65,4190,13,0
3855,28.7,52.04,2810,82,1295,73,3787,6,0
3856,47.3,49.44,1232,40,2986,58,3801,12,1
3857,40.9,45.81,2930,57,2282,72,705,11,0
3858,44.6,42.28,1732,72,2513,55,2786,14,1
3859,28.5,44.48,593,95,1011,90,2844,6,1
3860,31.1,53.56,2466,92,2322,86,1603,15,0
3861,51.3,47.4,2666,100,2432,75,799,2,0
3862,63.3,44.43,979,43,2356,86,975,7,1
3863,31.9,50.06,844,96,3074,37,1184,15,0
3864,51.3,49.72,1529,87,3304,52,3884,12,0
3865,24.7,51.42,1500,64,3258,64,850,6,0
3866,35.4,43.81,1592,69,1126,58,316,2,1
3867,28.3,46.64,2727,64,1791,46,2915,1,0
3868,49.7,52.44,1319,59,2296,34,132,2,0
3869,55.2,43.31,2343,60,920,61,4209,7,1
3870,33.3,51.71,2021,46,2120,93,4853,1,1
3871,66.5,52.76,2313,84,3323,65,585,14,1
3872,25.6,43.64,2995,64,2858,33,697,1,1
3873,64.2,47.8,1606,41,3491,92,4490,8,1
3874,34,42.97,2591,64,2528,28,628,6,1
3875,23.7,49.43,1836,48,3377,64,3268,6,1
3876,62.3,44.36,1462,73,2575,43,2204,6,1
3877,54.4,52.96,1203,68,3337,56,874,13,0
3878,39.9,53.99,1014,52,1112,80,4011,2,1
3879,58.9,42.23,2179,78,1219,85,3595,3,1
3880,56.2,48.93,1088,49,2681,66,4680,7,1
3881,27.2,52.51,1206,71,907,41,4586,12,1
3882,52.9,47.74,2958,72,3136,68,4202,4,0
3883,67.4,42.54,2032,57,1994,87,3379,7,1
3884,26.1,46.85,1181,74,1571,81,4186,8,0
3885,41.3,48.33,1378,48,1231,49,1972,9,1
3886,64.5,49.46,2411,45,1410,88,767,10,1
3887,59.5,48.31,660,52,2645,91,3833,3,1
3888,58,51.44,2377,70,2618,57,1708,15,1
3889,25,51.61,1782,52,1855,82,3266,11,1
3890,45.1,42.23,1120,64,1569,35,469,5,1
3891,33.2,53.9,1974,46,1813,36,1796,3,1
3892,45.7,44.44,1753,50,3139,34,3790,4,1
3893,59.8,44.21,607,75,1171,41,4419,10,1
3894,66.4,51.84,1457,51,2061,43,3406,1,1
3895,61.8,43.01,822,99,2920,25,1624,15,1
3896,69.8,47.57,2423,79,838,36,2902,14,1
3897,56.1,50.2,1106,48,1156,56,3421,11,1
3898,31.1,48.13,1877,59,3105,88,4516,4,0
3899,53.4,52.69,2695,79,1561,21,3535,12,0
3900,28.6,51.2,693,95,1581,20,4741,9,0
3901,37.9,44.52,1242,78,1783,78,3085,2,1
3902,55.3,42.84,974,86,2428,80,636,9,1
3903,31.8,52.62,756,86,1039,22,745,15,1
3904,34.5,49.17,2724,95,1518,43,4528,5,0
3905,43.9,49.83,1554,74,2472,91,1417,9,0
3906,64.4,45.55,1583,47,1851,36,4905,11,1
3907,60.6,44.44,1238,100,885,63,3985,4,1
3908,36.4,45.9,1185,93,2565,21,4447,10,0
3909,60,43.39,651,87,3259,32,2887,4,1
3910,41,43.53,2476,86,3442,94,887,15,1
3911,60.2,48.05,1176,46,2541,52,3511,10,1
3912,47.9,42.53,1299,44,1820,58,4393,15,1
3913,60,48.62,2078,75,2601,58,1244,12,1
3914,37.1,45.56,1699,68,2845,24,1642,4,0
3915,56.7,53.67,961,78,2152,71,971,4,1
3916,22.3,53.1,2487,95,1766,80,3900,4,0
3917,65.9,51.76,575,90,1094,26,4330,12,1
3918,27.8,45.85,1850,83,3464,75,3107,12,0
3919,67.7,43.73,1964,43,2458,31,4333,5,1
3920,33.6,45.96,2368,64,2702,78,2221,8,0
3921,65.7,46.68,968,70,903,66,638,1,1
3922,45,45.61,1706,51,1783,59,4393,3,1
3923,58.5,48.79,2192,96,3053,57,175,14,1
3924,43.7,53.08,2881,47,945,52,3000,13,1
3925,27.9,43.1,2609,43,1851,86,4491,11,1
3926,52.8,53.59,2219,91,2270,57,2290,11,0
3927,25.3,51.07,1207,48,2600,89,1059,12,1
3928,25.5,46.53,1397,58,3297,34,725,12,0
3929,49.3,49.91,2799,66,2952,94,4599,6,0
3930,45.7,42.77,1831,55,2687,23,698,11,1
3931,36.6,45.92,2748,48,3181,50,3062,8,1
3932,26.7,45.53,1134,98,2930,73,2779,14,0
3933,31.7,46.2,2692,48,2883,46,2343,7,1
3934,51.3,51.17,2459,60,2526,84,1539,14,0
3935,45.5,43.35,967,68,1280,90,4756,5,1
3936,56.2,46.39,2839,77,2007,31,3124,11,1
3937,30.2,52.21,2243,40,1116,38,2838,1,1
3938,34.4,42.11,1598,48,1923,50,4799,8,1
3939,26.9,52.32,2810,48,2752,25,2178,1,1
3940,43.4,50.9,2112,86,1429,92,3310,10,0
3941,44.3,50.2,729,55,2633,20,4863,2,0
3942,62.6,42.55,680,67,959,88,389,8,1
3943,22.4,53,1515,52,1571,87,2878,2,1
3944,58.8,47.36,1884,85,3181,53,3370,13,1
3945,59.4,48.89,1092,77,2495,82,817,12,1
3946,25.9,53.55,2512,44,3420,73,4115,3,1
3947,35.2,45.72,1763,63,2813,94,288,3,0
3948,54.1,44.12,564,52,1594,49,4981,12,1
3949,58.3,45.3,2241,77,2196,55,2102,3,1
3950,43.6,52.3,1273,86,1183,68,3653,14,1
3951,41.7,50.35,1818,71,2260,79,2885,10,0
3952,35.2,51.59,1775,73,1940,45,4874,15,0
3953,38.2,47.97,1248,80,1803,50,115,13,0
3954,46.9,42.81,2718,68,1997,30,2954,7,1
3955,27.3,48.56,1836,84,3288,68,4554,10,0
3956,51,45.59,2586,83,2999,87,891,13,0
3957,42.8,53.09,2511,97,1838,72,1601,9,0
3958,36.5,53.13,1074,96,1119,28,493,14,1
3959,35.1,51.49,1240,89,2687,59,1368,10,0
3960,50.2,49.96,2704,58,2224,38,2914,5,0
3961,52.9,43.13,1964,72,1167,59,429,9,1
3962,46.9,51.1,1378,93,802,46,2575,12,1
3963,40.6,46.44,2443,88,2625,65,3322,10,0
3964,35.6,52.54,654,44,3181,29,2460,15,1
3965,50.3,43.18,1070,96,3352,92,2186,8,1
3966,57.6,45.1,2801,64,2973,73,2985,8,1
3967,25.7,46.45,2011,40,1039,43,2021,15,1
3968,38.7,44.34,2865,48,2957,22,1890,2,1
3969,48.7,46.04,2197,54,1057,64,1792,3,1
3970,31.1,49.53,1621,48,1722,40,4469,8,1
3971,68.6,52.47,2245,60,2119,85,4449,10,1
3972,45.2,50.23,2504,79,2631,39,3481,7,0
3973,56,53.99,709,67,1079,74,1861,1,1
3974,62.7,43.37,2118,79,1081,65,3498,6,1
3975,24.4,53.79,1038,50,1239,30,1486,11,1
3976,54.4,42.7,1421,47,2532,54,2855,1,1
3977,54.2,43.85,2933,70,2867,21,790,4,1
3978,68.6,50.02,2180,76,1153,53,3555,5,1
3979,63,50.83,2726,40,2721,93,1747,12,1
3980,62.1,51.74,817,41,2750,31,3413,8,1
3981,32.3,45.69,2579,41,1790,52,4985,11,1
3982,44.7,46.27,2039,40,2340,61,3440,3,1
3983,67.2,50.62,1561,46,3052,66,743,9,1
3984,65,42.61,2759,50,2026,66,2505,8,1
3985,27.2,44.34,1110,42,2900,83,3739,14,1
3986,60.9,44.22,2463,92,3311,40,1285,7,1
3987,31,51.35,2011,45,1886,94,3723,6,1
3988,68.3,53.93,1073,90,1494,26,3734,8,1
3989,24.4,50.86,878,50,2644,90,4494,1,1
3990,55.2,43.89,1872,76,2860,20,4938,7,1
3991,69.8,48.29,2848,77,1571,68,3772,14,1
3992,31.9,51.45,2707,74,2305,60,206,4,0
3993,55.5,49.09,2334,89,1700,27,1577,13,1
3994,30.2,51,1310,60,897,34,2878,9,1
3995,34.1,46.86,1486,46,2062,35,4964,8,1
3996,33.1,49.19,1409,54,1249,89,893,8,1
3997,38.9,42.05,2438,76,1570,58,1152,4,1
3998,55.3,44.7,2401,93,2141,29,3082,9,1
3999,33.4,51.46,2673,80,876,66,1772,5,1
4000,22.8,46.99,2529,56,1935,67,4654,12,0
4001,47.2,51.44,1597,49,2110,88,3888,10,1
4002,47.4,53.15,1448,89,2335,24,2747,9,0
4003,26.3,46.65,2199,40,2668,70,4064,11,1
4004,59.7,46.35,821,82,1432,63,716,8,1
4005,52.3,49.24,901,78,3487,20,4541,6,0
4006,69.5,42.89,1066,53,2533,58,2566,3,1
4007,22.9,52.96,989,50,2047,58,1329,4,1
4008,29.1,52.7,2244,78,2046,48,2859,11,0
4009,44,46.21,906,54,2054,55,4471,8,1
4010,40.4,42.08,1261,49,3210,76,642,12,1
4011,22.2,42.28,885,99,3443,22,2849,9,1
4012,55.1,50.61,557,64,3196,59,763,4,1
4013,38.8,43.21,2377,82,1887,32,356,4,1
4014,53.4,53.22,2624,92,3181,59,3202,10,0
4015,62.9,45.48,2929,87,2849,76,3375,12,1
4016,30.4,50.95,581,99,2294,21,561,1,0
4017,45.3,43.19,2100,94,2409,29,455,13,1
4018,45.5,48.96,1873,64,1217,55,3666,8,0
4019,49.5,52.87,576,86,1151,77,3561,12,1
4020,27.4,46.99,2154,48,2672,86,3471,14,1
4021,33.4,48.2,2824,44,3007,50,3665,7,1
4022,49.1,42.44,1006,50,1756,48,876,15,1
4023,39.4,47.13,2659,50,2748,70,4619,14,1
4024,59.7,46.56,1171,51,3310,69,4867,6,1
4025,31,45.46,2835,49,1228,90,3855,9,1
4026,33,51.85,2670,54,2054,24,457,2,1
4027,39.2,47.38,2991,73,3085,92,4853,13,0
4028,67.3,51.74,2581,74,1316,45,1252,10,1
4029,49.3,42.93,607,47,1816,22,4704,14,1
4030,46.8,48.33,1766,49,1926,41,3077,13,1
4031,51.5,50.56,557,47,1817,86,796,8,1
4032,51,46.38,1258,49,2164,69,3543,7,1
4033,60.4,44.69,2071,98,3264,33,318,7,1
4034,21.5,51.45,1343,80,2039,53,3119,6,0
4035,26.3,45.04,1979,97,2037,69,3252,2,0
4036,66.6,50.21,802,86,2121,26,2785,1,1
4037,38.6,44.88,2561,43,2671,33,718,1,1
4038,23.4,51.85,1981,66,3033,91,1771,2,0
4039,48.1,47.02,1024,92,923,27,2345,8,1
4040,64.9,51.07,2444,98,1147,43,2427,3,1
4041,58.7,49.56,935,46,1992,74,1670,5,1
4042,22.3,47.7,1187,79,3171,26,3175,12,0
4043,50.6,43.79,1456,46,819,70,123,10,1
4044,36.2,49.33,2056,48,3045,64,273,1,1
4045,66.7,50.49,591,58,3036,65,449,9,1
4046,46.2,43.85,1678,97,2092,77,2081,1,1
4047,20.2,43.23,2550,92,2149,56,832,15,1
4048,31.3,52.17,1661,43,1795,70,2244,14,1
4049,55.9,51.52,750,77,1938,50,3487,6,1
4050,56.4,42.04,1118,79,1346,57,1127,11,1
4051,63.9,53.82,2425,40,2879,25,4052,9,1
4052,20.3,43.05,2599,71,1778,38,3880,13,1
4053,47.9,42.27,2829,92,1292,29,3022,9,1
4054,39.4,50.28,2742,78,3327,56,2675,1,0
4055,52.4,48.43,854,81,3494,20,1214,5,0
4056,20.1,50.65,2833,82,2735,58,2881,10,0
4057,30.6,45.96,923,77,1755,77,3451,11,0
4058,69.4,51.01,1325,43,1399,43,4969,3,1
4059,54.4,53.52,766,67,3366,67,2718,10,0
4060,26.9,44.38,2316,89,1459,29,732,15,1
4061,49.4,51.35,2376,75,1433,61,1005,5,0
4062,45.4,46.42,759,59,2049,77,1868,12,0
4063,42.8,44.48,1482,100,828,57,4009,2,1
4064,34.9,43.24,2345,98,2052,59,2972,15,1
4065,63.9,53.11,2699,63,2903,65,2841,9,1
4066,20.1,49.8,955,59,2482,41,1176,7,0
4067,49.7,53.31,779,74,1592,76,2504,7,0
4068,22.9,44.32,1122,80,858,93,3942,2,1
4069,52.5,46.56,2760,78,2479,73,4116,15,0
4070,68.5,49.64,2516,73,2738,29,307,8,1
4071,25.4,43.52,1649,68,2706,47,1667,11,1
4072,57,44.13,2726,94,3441,84,4247,15,1
4073,39,51.99,1285,68,967,64,1892,13,1
4074,54.2,44.75,2707,66,2070,67,3919,7,1
4075,60.5,47.66,1595,45,1732,45,2841,7,1
4076,53.9,46.85,2217,67,2378,93,3148,9,0
4077,46.8,45.05,1532,70,3241,26,1750,8,0
4078,48.4,45.71,815,94,3034,23,1740,10,0
4079,63.2,53.81,2090,96,3028,20,1058,8,1
4080,58.4,48.03,2774,89,861,60,666,3,1
4081,22.3,45.3,2620,57,1559,84,2581,2,0
4082,61.4,43.63,1269,62,952,44,3991,4,1
4083,29.3,48.59,618,41,3230,89,3779,14,1
4084,21.5,45.34,2003,79,814,68,618,6,1
4085,52.6,49.41,1178,65,2813,31,718,14,0
4086,26.6,45.2,1102,67,2365,83,4081,11,0
4087,26.8,53.71,721,88,3392,77,2932,12,0
4088,31.9,45.42,1440,65,2512,72,1980,5,0
4089,26.8,45.01,1047,78,1139,75,1733,7,1
4090,68.8,42.86,2979,70,1023,25,1673,9,1
4091,60.2,49.19,1236,50,1036,78,3946,11,1
4092,28.9,49.35,1770,67,2694,26,172,13,0
4093,61.8,43.85,2805,89,2835,73,1273,4,1
4094,40.5,48.18,2961,65,3498,64,3982,11,0
4095,63.6,53.97,2117,57,2625,28,3251,10,1
4096,26.2,49.62,1991,87,3225,47,2590,4,0
4097,66.9,52.16,1145,95,3385,39,4146,8,1
4098,42.3,45.95,1843,42,944,20,1193,13,1
4099,59.5,42.72,737,85,3251,38,4710,11,1
4100,36.6,49.02,2117,81,1280,78,3306,5,0
4101,34.3,46.58,1502,87,1001,80,1538,10,1
4102,53,50.45,2482,93,2847,46,4520,9,0
4103,36.7,42.7,592,96,2109,84,4611,5,1
4104,42.7,42.87,2754,50,2387,82,1384,4,1
4105,45.5,48.63,683,92,1553,53,1003,8,0
4106,64.4,44.2,727,42,2417,33,1968,14,1
4107,42,51.8,1132,85,1675,76,4624,11,0
4108,64.5,48.86,2499,53,1662,58,609,8,1
4109,28.8,47.66,1992,75,3434,74,990,6,0
4110,43.5,47.57,2207,41,2396,89,1614,11,1
4111,45,44.36,2937,40,2623,75,598,15,1
4112,21.2,45.91,2125,40,1328,93,803,10,1
4113,27,53.24,1812,81,918,90,4625,8,1
4114,41.4,52.07,1834,41,2027,91,1850,9,1
4115,63.5,42.16,970,62,2055,54,786,7,1
4116,23.3,47.79,1663,86,1802,26,2529,13,0
4117,46.7,43.21,2683,80,829,21,4232,15,1
4118,61.5,50.29,1611,100,2755,88,3000,3,1
4119,65.5,51.97,1678,60,2515,40,2692,15,1
4120,55.2,44.53,2262,55,2262,56,626,3,1
4121,42.5,45.04,1531,54,2238,62,1204,5,1
4122,31.6,45.4,1994,68,2088,22,578,4,0
4123,50.1,47.31,1728,99,2971,57,2758,13,0
4124,55.4,53.07,2074,67,1944,64,4956,15,1
4125,67.4,42.29,2285,98,2418,23,3466,13,1
4126,37.3,42.61,2628,54,1764,25,3024,15,1
4127,38.9,52.89,2705,99,3373,88,593,12,0
4128,62.9,53.44,2975,91,2223,85,2371,5,1
4129,37.8,46.24,2670,82,2261,70,4090,11,0
4130,67.7,48.62,2332,64,1806,39,2889,11,1
4131,29.7,51.25,2593,86,3412,34,4770,8,0
4132,52.2,52.42,2663,95,3239,35,4739,13,0
4133,22.5,50.4,1049,81,1495,77,743,8,0
4134,29.7,46.04,2707,51,3476,28,978,6,1
4135,58,48.1,1433,99,957,50,521,7,1
4136,43.1,50.63,888,83,968,67,2605,2,1
4137,68.6,53.24,1114,56,3499,40,2845,15,1
4138,58.8,53.85,1725,100,2071,62,988,15,1
4139,20.3,51.04,2826,70,2478,21,653,2,0
4140,67.8,48.2,814,56,2096,77,4523,15,1
4141,44.7,49.97,992,61,944,24,2242,14,1
4142,49.3,52.38,2913,87,3308,47,2698,2,0
4143,62.4,43.43,535,56,2207,25,2241,8,1
4144,38.6,46.03,2703,76,964,36,3750,15,1
4145,53.4,52.82,1598,81,2254,91,1034,12,0
4146,67.3,44.08,2375,89,1259,42,478,11,1
4147,40.9,49.57,1008,50,1727,90,1091,1,1
4148,51,50.52,2042,55,1904,43,2237,5,0
4149,20.1,48.76,1418,92,1329,47,2830,6,0
4150,51.5,51.24,757,46,1767,58,888,12,1
4151,67.5,50.53,1591,77,3435,35,4425,15,1
4152,49.9,46.62,611,82,3263,78,3531,11,0
4153,48,48.39,1999,71,2197,66,4403,13,0
4154,56,52.98,2018,69,1919,82,3467,5,1
4155,31.3,50.06,1645,92,2808,90,3736,10,0
4156,45,45.9,1585,43,2040,33,2124,9,1
4157,35.1,42.23,2345,95,2878,43,314,13,1
4158,29,44.9,1456,41,1842,43,3954,9,1
4159,60.4,48.08,2607,70,1121,47,1537,12,1
4160,42.7,45.3,2234,75,2265,60,4814,11,0
4161,60.6,53.34,1630,89,3477,84,918,10,1
4162,21.8,53.88,2046,41,2107,54,3993,11,1
4163,64.4,45.7,1774,45,1420,67,4068,12,1
4164,50.3,51.4,2089,81,1013,49,2843,11,1
4165,30.2,47.35,1508,53,2999,82,3152,10,1
4166,46.9,43.99,660,67,1994,45,2192,1,1
4167,67.1,49.96,867,88,3302,90,858,2,1
4168,54.1,50.04,700,47,2075,78,416,10,1
4169,44,48.27,605,63,1935,80,4533,11,0
4170,21.7,49.29,2865,54,2201,78,535,7,1
4171,23.2,43.69,1045,82,2268,70,1609,8,1
4172,46.7,43.39,2917,81,1450,65,1478,11,1
4173,47.6,49.42,520,94,3308,67,2409,5,0
4174,60.1,46.11,508,62,3150,54,4098,3,1
4175,50.7,50.82,1524,64,1951,60,3914,7,0
4176,56.4,50.08,2960,98,3187,72,3751,8,1
4177,41.1,43.16,2020,100,1358,39,557,13,1
4178,27.9,49.61,1968,65,1646,82,4916,5,0
4179,52.2,47.11,1001,84,2841,90,3887,5,0
4180,53,52.53,2263,50,3233,39,4345,14,1
4181,53.1,44.11,1947,84,2104,49,252,7,1
4182,27.2,53.2,968,57,2521,74,3887,5,0
4183,30.8,53.55,1463,93,1913,21,3296,11,0
4184,68.4,49.94,1605,77,1977,23,3801,6,1
4185,24.3,46.54,917,55,1793,73,3105,15,0
4186,38.1,50.03,1622,49,3231,29,4210,6,1
4187,53.2,44.14,2291,61,2468,65,1267,14,1
4188,45.8,48.96,902,61,1017,65,2964,8,1
4189,67.2,46.07,1142,84,1218,33,906,9,1
4190,38.8,47.49,742,80,899,32,4467,12,1
4191,50.3,44.75,2381,76,2714,78,1194,6,1
4192,49.6,49.59,1724,61,3136,89,4560,15,0
4193,41.8,50.71,1135,75,3293,91,1755,2,0
4194,31.4,45.43,1752,48,1373,75,2730,8,1
4195,33.8,47.4,1384,89,2829,37,3289,1,0
4196,30.5,45.79,1873,93,1728,49,3605,15,0
4197,58.4,51.08,743,81,2232,54,244,7,1
4198,50.2,46.73,1549,89,915,85,975,4,1
4199,37,48.09,1718,62,1878,45,167,7,0
4200,34,48.31,1084,75,971,30,3868,13,1
4201,44.5,52.35,1980,60,1658,33,4017,9,0
4202,25.1,45.68,1063,55,943,64,826,12,1
4203,59.5,51.98,698,58,2910,80,1310,5,1
4204,65.5,53.8,1311,68,1022,29,4711,8,1
4205,26.6,53.46,1151,64,3172,91,2206,11,0
4206,66.8,53.61,2530,66,1865,90,2675,11,1
4207,50.1,53.92,733,51,1061,46,2662,13,1
4208,46.2,52.27,1832,89,1116,75,3642,4,1
4209,63.8,42.58,1248,83,3145,84,3909,12,1
4210,29.4,48.38,2716,99,2172,45,1228,13,0
4211,42.1,52.85,2104,54,2424,32,4294,8,1
4212,40.3,52.44,1358,81,2244,93,267,11,0
4213,20.4,46.52,2977,48,3450,77,3467,13,1
4214,22.7,48.89,1834,67,950,94,4427,4,1
4215,39.9,51.34,1833,48,1825,84,4650,2,1
4216,43.2,42,2742,47,952,76,4836,13,1
4217,62.3,52.62,853,68,1120,23,2954,4,1
4218,67.2,50.74,1273,54,1930,47,1726,13,1
4219,45.3,42.32,1593,43,2570,41,4730,3,1
4220,37.3,46.89,2290,70,1453,76,2452,5,0
4221,55,53.04,2029,99,2449,28,3875,9,0
4222,41.8,44.61,1107,69,1001,37,3173,8,1
4223,36.9,50.43,2255,90,2388,20,2483,6,0
4224,39.1,43.15,2580,58,1212,52,1874,6,1
4225,57.3,45.39,2236,50,2650,25,4656,10,1
4226,63.4,51.84,1541,82,1570,72,783,8,1
4227,63.1,52.23,1703,51,1424,82,4051,4,1
4228,63.4,52.24,954,48,3054,82,3000,15,1
4229,21.7,44.04,2454,97,926,88,1754,14,1
4230,42.7,48.71,533,42,3176,85,4604,14,1
4231,38.6,51.04,2661,91,2513,38,1045,14,0
4232,41.3,43.83,2937,86,2737,74,3310,15,1
4233,69.2,43.41,2144,84,1426,30,3437,3,1
4234,38.8,45.59,1053,63,1625,54,3861,14,0
4235,28.7,48.16,1476,91,3411,43,2391,2,0
4236,57.4,51.7,1981,72,1963,57,4697,7,1
4237,41,53.86,1156,86,2604,52,1703,3,0
4238,39.4,51.96,662,53,3260,78,3926,7,1
4239,64.5,42.92,2172,66,1236,76,772,3,1
4240,68.6,46.01,2133,72,1697,79,3570,11,1
4241,51,51.99,1431,70,3161,82,4385,4,0
4242,35.4,50.61,2281,97,2978,30,1328,5,0
4243,27.7,46.6,2643,88,893,25,1056,10,1
4244,45,49.72,2354,98,1232,22,1147,7,0
4245,49.8,48.59,2253,68,2854,29,4142,2,0
4246,21,43.29,1712,79,2911,65,4424,13,1
4247,64,42.04,2947,97,2788,70,1638,4,1
4248,27.6,53.7,1362,48,1650,76,658,13,1
4249,36.5,48.38,1544,86,1284,38,4891,11,0
4250,34.9,44.62,2511,78,3384,23,2289,14,1
4251,36,52.26,2705,97,1199,33,410,11,1
4252,40.8,50.1,2448,57,2752,85,290,12,0
4253,46.9,48.93,772,78,2692,46,2428,10,0
4254,63.4,46.48,1748,95,1426,46,220,1,1
4255,50.8,53.77,1035,61,2523,69,2443,11,0
4256,33.5,50.16,1349,55,1732,64,4300,3,0
4257,26.9,43.14,1798,62,1467,51,226,3,1
4258,56.7,46.32,975,81,863,72,2727,2,1
4259,41.7,50.86,1979,72,3299,51,394,9,0
4260,39.1,49.68,2228,78,2012,35,2307,8,0
4261,47.7,47.07,676,76,2898,52,3134,7,0
4262,48,49.9,2698,77,2542,33,1454,7,0
4263,31.7,49.35,1673,98,1930,66,4245,8,0
4264,49.5,44.67,1278,67,1137,46,3277,5,1
4265,53,50.07,1253,66,1915,73,4438,15,0
4266,42.7,43.18,645,64,2640,56,3216,15,1
4267,29.9,45.16,2115,59,1275,29,3736,2,0
4268,24.8,52.15,2363,79,2621,58,2547,6,0
4269,34.5,49.16,2949,76,2210,89,4373,8,0
4270,22.5,51.82,2302,88,1319,74,3302,5,0
4271,62.4,43.88,1315,66,2769,40,3973,1,1
4272,67.6,49.03,932,46,2431,39,2279,3,1
4273,57.9,49.71,2356,53,1216,72,712,12,1
4274,50.8,45.61,1089,79,1075,26,4403,7,1
4275,62.1,43,1931,82,1521,66,1395,11,1
4276,49.6,53.01,2933,47,1020,32,2817,11,1
4277,55.1,52.37,1568,54,1130,70,2838,2,1
4278,35.1,52.88,749,86,1200,63,826,8,0
4279,62,49.19,2291,76,849,59,4673,5,1
4280,27.7,50.06,685,86,1927,22,4098,1,0
4281,34.2,53.95,1733,92,859,54,222,9,1
4282,66.7,46.75,1884,73,3495,68,811,5,1
4283,43.4,42.75,2488,59,1672,78,3776,10,1
4284,43.4,48.88,814,79,3462,85,1917,2,0
4285,60.4,46.26,1922,82,1939,43,3172,10,1
4286,44.6,49.67,789,76,3213,69,4003,3,0
4287,35.7,52.31,2137,89,2753,64,4525,11,0
4288,54.9,46.59,2422,76,2844,71,3920,3,0
4289,62.6,42.69,2530,49,1523,72,927,6,1
4290,20.6,45.44,1875,73,1127,31,594,5,1
4291,48.2,44.02,1510,83,2479,56,1675,3,1
4292,20.6,45.17,1100,67,2154,65,4864,3,0
4293,47.7,42.81,1036,84,2948,78,3269,13,1
4294,61.6,48.04,1675,83,1534,89,1343,1,1
4295,43,49.18,1673,46,3487,47,3790,10,1
4296,29.7,50.8,2206,72,2466,29,3172,8,0
4297,62.4,48.62,2580,95,2834,39,215,10,1
4298,33.3,47.73,936,62,1460,87,2553,8,0
4299,68.9,46.87,2686,79,1947,68,3452,1,1
4300,42.3,51.17,2031,95,1775,68,2973,7,0
4301,26.3,49.15,892,89,2407,75,1428,6,0
4302,47.7,50.93,1777,70,2147,73,2198,14,0
4303,37,50.9,609,74,2843,82,618,15,0
4304,43.8,48.69,1916,41,2057,27,412,10,1
4305,37.5,48.99,1362,96,3424,84,1744,13,0
4306,25.5,50.63,1275,92,1914,55,3807,12,0
4307,52.7,50.98,1813,99,1651,26,3995,7,0
4308,37.1,50.75,649,74,1045,41,3714,1,1
4309,55.7,43.8,1654,63,2922,77,2006,12,1
4310,61.6,51.26,2005,65,1124,70,177,8,1
4311,39.8,46.57,874,51,3441,95,987,2,1
4312,64.2,53.94,883,91,1009,63,4138,9,1
4313,65.3,46.36,1123,76,859,52,1537,8,1
4314,50.6,52.16,1552,69,1888,75,3879,10,0
4315,46.3,45.85,2168,53,1327,88,4891,5,1
4316,67.9,50.08,1514,90,983,25,299,10,1
4317,20.4,45.3,2898,80,3252,47,2340,1,0
4318,50.3,45.18,1022,40,1416,58,1783,3,1
4319,63.7,50.87,578,47,2888,69,965,6,1
4320,31.1,45.19,1859,61,3187,20,3417,11,0
4321,54.6,45.85,1265,42,3470,24,2802,12,1
4322,39.5,42.11,1811,41,3249,48,4519,1,1
4323,35.2,45.08,2983,51,2741,76,230,12,1
4324,58.8,48.84,2157,87,2746,63,3616,5,1
4325,41.8,43.01,2728,43,1095,92,2528,4,1
4326,40.6,47,801,98,3252,32,3028,14,0
4327,53.6,52.1,1295,47,3015,70,1583,11,1
4328,25.8,42.6,1649,75,1281,92,1095,4,1
4329,54.4,45.06,906,93,2691,75,3926,9,0
4330,34,49.7,1022,91,1873,71,4734,7,0
4331,38.4,49.55,591,88,3322,64,3387,14,0
4332,20.9,50.02,2966,60,2788,79,3310,1,0
4333,60.4,50.51,999,81,2745,24,3928,1,1
4334,42.1,52.3,2179,85,1578,59,2479,13,0
4335,27.4,45.02,1072,62,1857,35,2846,6,0
4336,66.3,46.09,1600,63,3404,57,4189,3,1
4337,28.6,44.07,2207,66,3252,76,3529,7,1
4338,38.8,49.64,1050,77,1010,36,4169,1,1
4339,47,51.47,733,57,1569,56,2844,11,0
4340,54.9,52.66,1640,51,881,24,3649,7,1
4341,33.7,47.97,1217,63,2886,60,1333,5,0
4342,39,45.01,1739,97,2673,50,1036,5,0
4343,53.6,47.71,1341,55,3334,22,3409,5,0
4344,38,47.82,1833,57,2816,45,604,6,0
4345,41.5,43.28,2606,47,1571,95,209,10,1
4346,66.5,42.41,2503,45,818,55,2759,2,1
4347,39.9,48.5,827,54,3009,24,3582,2,1
4348,66.8,47.22,2623,41,2883,64,1028,4,1
4349,20.1,53.22,2221,41,1140,51,4669,7,1
4350,39.7,51.17,2212,75,2008,50,1929,1,0
4351,44.9,45.57,711,68,3026,93,1683,8,0
4352,42.6,48.88,2807,59,2081,64,1749,9,0
4353,28.8,43.15,872,69,1832,70,506,12,1
4354,26.2,44.95,1977,93,3342,82,4932,5,1
4355,61.5,47.99,2723,62,1698,33,3260,7,1
4356,36.9,42.93,813,55,1100,60,2158,3,1
4357,43.3,51.87,1544,99,1648,73,4018,4,0
4358,39.7,50.63,547,51,1056,24,3266,7,1
4359,54.1,53.69,1334,43,1369,56,542,5,1
4360,21.2,47.37,1210,58,2963,34,194,12,0
4361,33.4,42.33,2970,44,2222,78,766,1,1
4362,32.4,45.44,1697,58,2535,45,243,4,0
4363,60.8,46.29,1519,93,1135,43,2191,7,1
4364,56.9,45.68,1863,91,3190,86,4936,6,1
4365,51.6,49.75,1521,70,1484,32,2052,13,0
4366,68.3,45.38,2470,89,1914,52,2248,2,1
4367,34.2,43.68,2633,62,1214,42,1746,10,1
4368,39.7,53.16,689,83,3397,78,3633,11,0
4369,35,43.03,843,65,2584,75,1757,2,1
4370,63.6,53.9,2189,47,3157,61,1096,14,1
4371,69.9,52.92,2122,88,3333,71,3393,12,1
4372,42.6,43.42,1624,97,2742,95,1244,6,1
4373,38.2,46.13,901,93,2227,45,3211,1,0
4374,26.2,50.27,563,79,1344,46,2926,12,0
4375,26.9,46.49,2853,98,804,29,2971,7,1
4376,37.3,44.08,2879,67,2398,79,1433,8,1
4377,48.1,53.71,1592,90,2383,69,3490,12,0
4378,51.4,43.81,1814,61,1265,77,2284,3,1
4379,29.2,42.24,2262,70,1034,73,1697,5,1
4380,63.9,43.8,1781,77,2044,78,2646,15,1
4381,47.4,47.82,2168,58,2426,77,468,12,0
4382,66.9,43.76,2171,89,1439,30,1639,11,1
4383,69.3,53.75,713,74,2933,61,4750,12,1
4384,31.4,43.41,2689,49,2726,87,1353,6,1
4385,46.3,52.5,1976,71,2557,31,2766,6,0
4386,29.6,45.08,2390,82,2362,82,2378,12,0
4387,35.5,52.37,2492,100,3015,48,1419,5,0
4388,30.9,53.02,1058,63,2881,62,2535,14,0
4389,21.5,53.71,2524,78,1765,65,3543,9,0
4390,22.8,51.29,2388,69,875,89,2287,10,1
4391,41.2,46.66,1826,93,3353,65,844,7,0
4392,37.7,50.45,2509,80,1158,94,457,8,1
4393,44.3,44.75,1326,85,1667,44,695,11,1
4394,38.3,45.91,2807,75,2746,83,3750,12,0
4395,24.8,46.6,1898,52,2847,74,1754,15,1
4396,36.4,47.24,1498,86,2130,82,871,4,0
4397,68,45.17,2126,52,3245,62,955,3,1
4398,51,44.26,1319,53,1584,55,1118,8,1
4399,47.3,52.12,1825,80,2431,45,4886,7,0
4400,25.4,51.28,2263,72,2909,47,4866,2,0
4401,66.6,43.87,547,97,1637,77,135,10,1
4402,22.4,44.11,1075,94,1380,83,4756,3,1
4403,35.6,48.16,1001,99,2706,78,4685,11,0
4404,57.8,49.22,862,52,1707,22,1032,3,1
4405,43.4,47.53,2661,61,3039,92,3734,9,0
4406,66.6,48.22,509,89,1693,65,216,14,1
4407,40.6,46.45,2733,50,3133,82,2124,14,1
4408,53.8,45.1,1028,78,3007,44,2450,15,0
4409,23.2,52.54,1507,84,1458,36,3631,11,0
4410,28.3,42.54,1546,52,2852,81,3238,5,1
4411,51.1,44.7,1912,86,2979,64,2550,7,1
4412,35.6,45.75,597,78,3358,63,3052,7,0
4413,64.2,53.5,1281,99,884,73,148,4,1
4414,40.9,46.67,1508,94,2871,30,2491,13,0
4415,23.8,51.14,1014,85,2871,34,3505,14,0
4416,31.1,46.88,1415,53,1842,61,1224,2,1
4417,24.8,45.88,1908,67,2436,87,952,3,0
4418,25.8,51.01,1130,63,1450,66,2213,4,0
4419,34.3,53.88,1361,84,1718,70,2098,4,0
4420,48.6,48.4,2232,86,2663,68,4100,13,0
4421,43.9,47.08,1980,81,1070,73,1852,10,1
4422,37.5,44.03,1026,52,1555,46,1377,3,1
4423,68.5,46.53,945,42,1334,40,4838,13,1
4424,26.9,52.94,792,44,965,43,3632,10,1
4425,47,44.03,1904,51,1810,69,1201,5,1
4426,48.8,44.86,2950,83,1395,69,468,13,1
4427,52.5,47.04,2761,54,1750,45,4538,15,1
4428,53.4,50.94,1390,54,2391,76,255,13,1
4429,38.6,43.63,2161,67,1011,67,4338,15,1
4430,47,47.45,1815,46,2005,87,3344,12,1
4431,47.3,44.37,2131,75,2770,69,478,15,1
4432,52.2,47.68,2220,59,2609,77,2529,14,0
4433,21.5,43.87,2502,92,1717,58,2785,12,1
4434,59.3,51.55,1819,75,2765,27,3715,1,1
4435,61.2,44.42,1886,95,2233,34,913,13,1
4436,27.4,50.25,2168,80,3399,87,2049,10,0
4437,28.7,45.07,1366,57,1020,63,453,3,1
4438,52.6,42.98,840,72,2111,63,3864,12,1
4439,54.2,47.26,1820,93,1168,71,1127,8,1
4440,47.5,48.85,2970,64,3172,21,3267,12,0
4441,65.7,49.59,567,70,3241,53,1981,5,1
4442,53.8,52.35,2009,89,3085,47,527,7,0
4443,64.3,52.86,788,85,891,25,312,15,1
4444,46.2,53.72,2163,68,979,44,3654,6,1
4445,47.9,46.2,1877,75,1269,72,3841,6,0
4446,69.8,46.57,564,52,905,48,4664,5,1
4447,31.7,53.9,1840,72,2685,43,4194,7,0
4448,66.9,44.58,2152,100,2170,41,3622,15,1
4449,24.3,49.17,2154,92,2563,26,3998,7,0
4450,44.9,51.54,2633,56,974,54,555,2,1
4451,36.6,49.06,1739,86,3066,80,3951,11,0
4452,32.1,48.19,813,75,2679,36,4413,8,0
4453,42.3,46.76,2070,100,3434,61,936,9,0
4454,59.9,44.21,1842,54,1431,29,1543,5,1
4455,50,46.23,977,95,1733,76,3907,3,0
4456,61,47.49,1943,57,1938,59,1590,15,1
4457,35,49.85,1315,65,3420,86,314,12,0
4458,32.8,43.98,1055,82,830,23,1850,2,1
4459,57.3,51.17,2138,40,2102,58,4726,1,1
4460,33.3,47.24,1884,64,3085,43,3926,5,0
4461,61.2,52.92,2066,89,3019,36,4572,10,1
4462,41.6,48.89,2869,92,2523,78,1493,8,0
4463,69.3,49.23,529,87,1786,62,1487,11,1
4464,35.8,44.58,2728,71,1871,75,4862,8,1
4465,21.3,44.45,1017,53,3467,61,4848,9,1
4466,61.5,47.59,1240,41,1244,77,4853,11,1
4467,34.4,45.95,2457,94,1494,74,1169,11,0
4468,37.6,52.25,1260,95,1275,25,3338,4,0
4469,49.4,46.8,1598,62,1148,73,3333,7,1
4470,64.3,44.52,876,48,3314,88,1484,7,1
4471,36,49.99,965,73,1902,69,1790,15,0
4472,51.4,51.28,1149,76,1919,52,3795,14,0
4473,47.8,50.02,1396,69,3298,29,3523,15,0
4474,58.7,50.12,1733,78,1442,39,1952,12,1
4475,58.4,49.96,2807,63,895,45,775,4,1
4476,57,44.17,1166,64,3479,53,2153,10,1
4477,41.1,43.98,1896,95,1747,37,2284,4,1
4478,37.8,53.28,2634,44,2578,56,463,6,1
4479,63.3,43.43,630,89,3262,28,2397,10,1
4480,66,50.57,2352,41,824,43,1757,15,1
4481,40.7,47.08,1088,51,3119,41,1484,12,1
4482,43.6,53.66,2800,56,1068,36,3562,5,1
4483,36.1,42.59,1552,89,3081,65,4231,15,1
4484,34,42.97,963,80,2827,59,4411,2,1
4485,27.8,50.41,2617,90,1865,62,3608,9,0
4486,38.7,48,714,70,1315,69,3654,7,0
4487,51.3,42.48,2959,50,1936,72,4912,5,1
4488,42.8,51.31,1106,60,2940,27,106,9,0
4489,24.9,48.78,1379,56,1355,75,955,7,0
4490,41.1,44.79,1719,47,2862,61,4022,12,1
4491,49.7,51.87,1682,75,2473,25,433,14,0
4492,43.4,45.92,713,62,2413,91,1836,6,0
4493,58.2,43.29,1563,59,1382,37,1075,7,1
4494,20.6,53.3,711,60,3359,37,3829,15,0
4495,56.6,43.96,925,54,2747,36,1935,9,1
4496,37.2,42.67,2099,94,2582,81,2078,11,1
4497,38.4,43.45,2498,74,2996,33,786,12,1
4498,42.4,45.51,1011,82,2616,21,4472,6,0
4499,55,45.24,677,75,1161,89,3693,2,1
4500,50.9,51.73,2990,78,2377,84,552,10,0
4501,47.9,45.03,832,57,1859,87,256,8,0
4502,52.5,51,1159,82,3103,70,992,4,0
4503,29.6,44.77,2615,63,1042,34,1649,8,1
4504,26.9,44.27,1904,52,2304,71,2905,15,1
4505,48.4,49.45,1502,82,2936,61,4576,10,0
4506,39,53.42,747,91,1547,89,1226,7,0
4507,69.6,51.56,627,90,1185,44,3700,12,1
4508,53.1,44.46,688,61,1832,33,3497,6,1
4509,49.9,45.41,2927,79,1623,90,932,8,0
4510,26.3,47.36,1036,85,982,82,224,5,1
4511,67.3,48.57,2143,58,1880,54,1747,13,1
4512,29.4,42.79,2435,41,1314,21,2181,4,1
4513,20.2,49.07,2438,62,1372,85,2336,2,0
4514,23.8,48.76,2529,41,2455,83,3399,2,1
4515,68.3,44.13,2404,62,1992,20,3216,10,1
4516,45.2,52.09,1336,69,2734,44,4444,7,0
4517,54.8,43.37,1559,73,2167,30,538,9,1
4518,24.9,49.51,1799,85,2536,50,4082,1,0
4519,54.7,48.92,2313,56,1889,52,4147,14,0
4520,41.7,47.7,2124,71,2265,78,1951,11,0
4521,22.7,49.47,1458,79,1945,61,4222,5,0
4522,65.1,50.14,2438,56,2257,52,3012,6,1
4523,68.5,45.4,959,87,1035,32,3816,7,1
4524,59.5,47.3,2948,42,2892,39,1795,11,1
4525,55.7,51.9,2966,41,1289,56,258,2,1
4526,66.7,46.74,2473,56,960,32,3367,15,1
4527,43.7,42.21,679,48,1188,32,1811,14,1
4528,34.8,53.18,2021,67,2929,68,356,10,0
4529,51.8,53.81,1479,47,1434,86,4823,13,1
4530,46.1,46.35,2603,60,3149,25,236,5,0
4531,31.1,49.44,1395,95,858,26,1489,10,1
4532,59.5,50.94,2737,85,923,68,661,10,1
4533,33.8,47.19,1409,61,1263,74,1049,11,0
4534,45.5,42.18,1972,81,2070,84,1674,1,1
4535,49.8,44.07,2631,47,1943,31,4817,6,1
4536,52.2,46.89,2931,56,2848,88,948,11,0
4537,48.3,46.23,2912,48,1420,69,1510,1,1
4538,26.9,52.94,2587,74,2998,82,4190,11,0
4539,32.8,46.36,532,42,2858,24,927,13,1
4540,37.1,45.85,2194,58,826,25,1630,12,1
4541,29.7,49.52,2177,96,1639,45,606,12,0
4542,34.6,52.29,1704,50,3418,38,3090,8,1
4543,32,46.28,2718,45,815,40,2756,6,1
4544,67.2,51.53,1202,73,1304,55,1970,3,1
4545,28.3,46.17,1808,44,2844,84,1304,4,1
4546,63.4,53.78,1793,64,1835,57,1840,6,1
4547,24.9,45.18,2572,61,2955,54,1070,8,0
4548,46.1,48.8,1619,45,2989,87,2020,8,1
4549,25.5,51.49,1028,88,1970,29,4945,7,0
4550,49.7,51.29,1022,60,3224,48,2019,9,0
4551,41.2,52.8,2785,89,1117,50,2792,14,1
4552,41.7,42.17,2847,97,2567,33,1182,10,1
4553,24.9,47.53,2466,47,2771,95,824,4,1
4554,61.1,48.9,1317,98,2361,37,695,9,1
4555,39.9,45.9,2561,65,1211,46,4754,10,0
4556,52.8,42.65,2708,64,1650,52,3749,13,1
4557,54.7,44.1,1196,41,1474,52,439,15,1
4558,41.5,50.51,2395,78,2061,26,4458,6,0
4559,65.7,43.25,763,60,1177,95,403,9,1
4560,49.7,53.41,1769,99,1495,74,359,14,0
4561,60.8,53.63,501,79,2757,39,3377,11,1
4562,53.6,47.86,2993,66,2294,30,4770,14,0
4563,24.6,51.17,2838,79,2431,44,513,10,0
4564,24.6,48,2871,55,3487,28,2911,7,0
4565,66.4,51.88,866,54,2745,22,959,2,1
4566,21.8,48.77,2125,100,3419,92,4982,2,0
4567,59.9,47.1,2834,92,2121,43,3124,6,1
4568,22.1,46.05,1214,82,898,92,486,8,1
4569,43.3,53.83,843,53,3359,64,2664,1,1
4570,27.1,47.06,1443,65,1398,76,2591,6,0
4571,51.5,51.34,1317,72,1161,94,3118,5,1
4572,55.3,50.39,1410,78,2808,61,3256,1,1
4573,68.6,49.57,2704,53,3224,50,4422,4,1
4574,55.4,47.57,1762,71,3311,94,610,11,1
4575,44.8,50.08,2404,91,1978,27,502,13,0
4576,30.9,51.37,1667,56,1741,58,4322,7,0
4577,33.9,42.86,2306,47,1236,78,4592,2,1
4578,51.6,47.86,2047,91,3028,24,284,11,0
4579,41,51.64,1716,86,3054,72,3398,3,0
4580,30.6,46.05,2494,83,3072,23,1845,4,0
4581,63.6,51.9,1660,56,1257,84,3968,5,1
4582,59.8,47.17,2892,85,1305,83,3297,2,1
4583,33.3,46.5,611,48,2938,89,2711,13,1
4584,60.5,47.65,844,62,1703,64,2555,14,1
4585,21.6,43.32,2095,72,1907,34,262,1,1
4586,58.8,43.72,2148,96,2866,86,173,2,1
4587,54.9,49.61,2921,72,2502,58,272,1,0
4588,28.2,53.54,1496,40,2983,61,2859,9,1
4589,54.9,50.64,2263,96,2097,62,4660,13,0
4590,50.6,50.47,714,93,3135,48,4470,13,0
4591,58.3,43.9,1999,67,3038,28,2334,14,1
4592,28.1,50.5,1425,59,2801,61,1494,15,0
4593,35.2,46.38,1713,40,1831,80,2082,6,1
4594,22.5,52.17,1023,60,2889,57,687,7,0
4595,63.1,47.79,2499,46,1919,29,3182,15,1
4596,69.6,46.54,1152,89,1572,40,2997,7,1
4597,22.1,50.87,2549,60,2549,28,653,14,0
4598,29.8,46.11,2744,51,1145,23,1352,13,1
4599,57,44.16,1209,45,2610,48,1581,2,1
4600,34.9,53.7,1440,72,2573,55,858,11,0
4601,44.4,42.4,704,76,1467,51,4565,5,1
4602,55.5,42.87,2268,79,2162,33,3525,1,1
4603,21.8,42.51,2790,60,2509,68,3428,15,1
4604,26.5,52.62,1806,55,3172,50,3700,5,0
4605,59.6,44.27,581,63,2230,55,1368,13,1
4606,48.2,46.33,2675,58,1575,34,3402,2,0
4607,21.9,47.3,1923,94,1331,32,3924,5,0
4608,21.5,53.81,2570,59,1608,95,4450,8,0
4609,46.2,49.09,1567,75,2368,93,3914,10,0
4610,48.4,53.51,1590,48,1647,93,2166,12,1
4611,64.8,48.34,1309,96,1338,63,2963,14,1
4612,48.5,49.16,2811,69,3177,71,3753,5,0
4613,23.6,52.33,2927,78,3176,83,2347,4,0
4614,43.8,52.54,2981,43,2380,76,2655,7,1
4615,58.9,42.99,2165,58,1506,81,1172,2,1
4616,40.5,52.67,914,85,2300,94,4065,6,0
4617,67,44.94,2069,51,3377,24,684,7,1
4618,61.1,42.79,938,68,1233,90,3919,1,1
4619,43.2,43.91,1384,79,1324,37,2304,14,1
4620,48.2,43.55,1513,97,2879,56,2945,8,1
4621,52.8,42.68,1844,46,1221,46,1565,14,1
4622,22.2,42.75,567,100,2184,49,1842,14,1
4623,56.5,43.79,1780,48,1346,90,2181,5,1
4624,26.7,52.58,1658,44,1549,41,4630,10,1
4625,22,45.32,1758,44,2128,61,4520,7,1
4626,37.9,45.18,2975,68,819,35,296,8,1
4627,56.4,50.2,2984,59,1178,23,3697,11,1
4628,29,49.44,933,69,2817,69,1864,11,0
4629,47.9,47.62,2105,87,2280,38,1156,11,0
4630,46.5,43.59,597,64,2818,41,1622,8,1
4631,27.9,51.73,642,65,936,61,951,12,1
4632,34.7,51.61,572,50,2667,59,904,8,1
4633,27.3,44.53,1245,63,2680,20,3504,12,1
4634,37.8,47.87,2518,65,1976,47,3248,8,0
4635,34.6,46.11,2657,50,2920,68,4837,8,1
4636,44.9,43.32,1287,40,1913,76,2494,2,1
4637,46.5,52.91,1028,43,2698,63,2396,5,1
4638,25.5,49.51,2353,100,2761,89,894,9,0
4639,52.9,52.78,978,41,1075,94,1735,8,1
4640,60.5,47.35,1635,52,2403,21,2197,8,1
4641,53.2,46.37,1948,64,3302,51,2628,2,0
4642,51.8,52.55,2970,47,1393,89,1568,2,1
4643,29,45.53,2235,95,1871,37,3325,11,0
4644,39.9,49.71,2269,41,2419,50,3915,8,1
4645,54.8,43.35,1750,54,1623,73,1040,9,1
4646,27.8,48.48,2860,81,2773,71,2438,10,0
4647,43.8,52.26,1194,98,2191,92,713,4,0
4648,65.1,50.34,2661,64,1372,47,3862,9,1
4649,54.8,46.73,1311,66,1225,72,3261,6,0
4650,50.2,51.17,2573,100,1254,82,4421,6,0
4651,46.1,43.36,1670,54,1020,93,2489,8,1
4652,41.9,50.69,2952,64,1341,94,2828,7,0
4653,22.2,53.14,2264,53,3169,23,174,2,1
4654,39.5,44.68,2939,94,3450,73,428,15,1
4655,58,52.49,2916,86,3159,91,4989,5,1
4656,68.7,43.54,2391,46,1225,33,612,11,1
4657,20.8,53.81,1053,67,2247,64,4785,4,0
4658,32.1,44.86,1281,83,2993,42,1504,5,1
4659,50.8,53.89,2899,47,2841,91,204,5,1
4660,23.3,50.77,2375,50,2575,37,309,8,1
4661,35.7,51.59,2229,82,3061,69,520,6,0
4662,32.3,52.45,2001,50,1956,79,1526,10,1
4663,64.6,44.85,861,76,2005,54,3802,12,1
4664,38.6,43.74,821,98,3096,74,257,4,1
4665,34.9,50.96,1689,88,2994,92,1292,12,0
4666,54.9,44.26,507,49,3390,50,3423,1,1
4667,49.1,53.45,2876,48,1543,78,4447,1,1
4668,63.4,53.53,738,67,1820,63,3418,7,1
4669,69.3,45.2,653,70,3331,92,2868,5,1
4670,30.2,50.25,1708,72,2996,76,2431,13,0
4671,50.7,46.25,813,58,1371,75,1054,10,0
4672,58.7,43.26,2065,53,971,57,846,6,1
4673,35.4,53.55,1938,76,1157,95,4778,5,1
4674,42.4,52.89,2652,43,3459,27,776,13,1
4675,30.6,52.8,2450,60,3087,92,4800,12,0
4676,41.2,53.55,878,87,1816,43,4739,12,0
4677,36.7,47.04,2040,47,3050,65,1730,14,1
4678,22.8,42.5,2517,86,1198,54,1909,3,1
4679,59.8,45.84,1342,73,2021,20,3050,7,1
4680,27.4,53.5,2859,57,1027,95,618,5,1
4681,47,43.73,620,55,2908,88,1911,3,1
4682,35.7,44.37,1226,80,2855,92,4206,4,1
4683,58.1,42.07,1665,56,2730,48,3385,12,1
4684,42.9,52.75,872,54,2602,73,3405,15,1
4685,68.3,48.48,1185,77,1800,92,4191,3,1
4686,34.4,52.05,2627,65,2633,67,925,9,0
4687,46.6,46.02,2124,73,1775,49,600,12,0
4688,28.6,44.93,1858,81,3360,25,2621,7,1
4689,60.5,43.39,1851,58,3431,45,2348,15,1
4690,22.1,44.62,1826,58,3216,47,4793,4,1
4691,65.3,53.52,2045,76,928,57,876,12,1
4692,37.9,44.81,1691,89,2064,62,2524,14,1
4693,66.7,44.73,1030,82,1181,55,1400,5,1
4694,62.4,53.87,570,84,1272,31,578,7,1
4695,69.8,52.33,1641,47,867,21,3827,4,1
4696,41.7,51.36,2128,63,1251,57,631,6,0
4697,30.5,44.62,2783,85,2394,39,2662,2,1
4698,48.8,52.75,1628,57,2549,24,775,13,0
4699,20.7,48.7,1843,51,1817,92,2413,4,1
4700,54.1,47.46,743,66,3147,50,4487,8,0
4701,40,45.95,2097,85,2757,82,3288,13,0
4702,60.6,46.1,785,82,1380,21,2404,11,1
4703,61.5,42.84,2451,60,3284,24,1572,6,1
4704,26.9,44.04,1208,99,1305,26,3009,6,1
4705,52,47.95,953,68,2216,33,3370,4,0
4706,53.2,48.91,2918,77,1334,41,4929,10,0
4707,35.9,49.05,2332,54,2131,80,3586,11,1
4708,35.8,49.32,2261,40,1452,71,250,15,1
4709,44.5,46.3,2414,67,3294,25,1716,8,0
4710,36.3,53.77,1675,74,1583,52,238,15,0
4711,35.8,53.48,1973,48,1579,76,4163,13,1
4712,29.1,50.74,2801,41,1542,80,3743,5,1
4713,38.2,50.14,1375,55,2397,60,1191,8,0
4714,38.9,49.44,2355,94,2430,52,2812,10,0
4715,60.9,52.43,981,40,3308,50,1749,1,1
4716,44.4,48.23,1075,49,3123,95,2672,10,1
4717,29.3,48.9,1285,58,2428,30,1024,15,0
4718,58.8,51.34,2869,41,2483,55,2208,5,1
4719,29.7,48.13,980,69,1674,92,2450,15,0
4720,30.6,48.55,897,49,2477,25,4924,14,1
4721,21.9,48.77,1753,87,1064,86,1621,10,1
4722,55.8,50.36,1258,44,3434,63,503,8,1
4723,33.8,53.77,2412,98,2782,26,2252,9,0
4724,32.9,50.44,2003,66,3216,75,3413,9,0
4725,57.6,46.08,655,75,2537,87,2536,11,1
4726,68.4,50.37,1923,87,2710,34,2260,3,1
4727,48.3,52.25,2051,62,880,89,378,10,1
4728,47.2,53.46,1431,68,1283,66,425,8,0
4729,35,45.36,2221,40,1295,48,4850,15,1
4730,21,47.01,2139,51,3291,77,656,3,1
4731,25.5,43.55,1436,53,2276,53,1387,6,1
4732,49.6,53.05,1080,84,3034,44,3115,2,0
4733,48.3,43.92,2228,70,2884,79,1162,8,1
4734,33.7,52.03,2051,96,1514,42,3226,3,0
4735,24,49.57,746,100,1562,24,424,13,0
4736,34.9,48.47,1991,68,2856,48,4891,13,0
4737,25.9,53.06,702,67,1287,74,1230,4,0
4738,49.6,43.36,1016,47,812,64,1004,6,1
4739,44.2,43.23,1793,83,3071,38,3196,11,1
4740,38,42.07,668,94,3128,73,3919,12,1
4741,68,43.94,647,98,3279,60,485,13,1
4742,52.2,42.42,1913,42,2548,35,3062,12,1
4743,50.8,47.27,2265,92,3472,73,4023,12,0
4744,62.4,47.35,1737,71,1811,81,755,8,1
4745,44.6,46.36,1941,70,3344,81,4606,3,0
4746,39.4,45.18,1279,99,3406,29,1108,13,0
4747,50.4,46.56,2679,72,3152,34,1230,8,0
4748,67.3,44.49,2587,97,1385,51,3649,3,1
4749,26.1,44.4,1129,47,1057,69,4068,6,1
4750,58.1,53.4,2243,53,1137,37,3603,3,1
4751,53,43.07,1544,52,1232,34,483,1,1
4752,40.9,49.21,2055,64,1178,22,4508,3,1
4753,56.4,42.03,771,68,3242,60,1447,1,1
4754,27.3,47.66,748,66,1360,36,4112,8,0
4755,67.6,42.02,1288,64,816,51,1314,8,1
4756,51.3,44.78,666,93,2739,74,2265,3,1
4757,69.8,49.98,2073,55,1382,52,4286,1,1
4758,47.5,53.57,1226,77,3099,89,1612,4,0
4759,37.6,46.93,2545,79,1637,43,2344,13,0
4760,43.5,48.69,2824,57,917,62,4255,13,1
4761,67.8,43.29,920,76,1472,76,204,10,1
4762,61.4,44.65,2660,77,3488,87,4230,7,1
4763,27.8,49.44,970,92,2355,76,3431,15,0
4764,29.2,46.64,2827,49,2028,82,3034,1,1
4765,36.5,46.4,973,45,2957,86,4703,11,1
4766,25.9,42.15,1567,90,1668,56,3346,9,1
4767,66.5,53.34,2380,99,1771,88,4338,7,1
4768,57.8,49.52,2299,42,1379,87,3304,7,1
4769,44.4,47.25,2472,50,2088,47,3335,14,1
4770,24,52.04,753,66,3175,36,1619,1,0
4771,57.8,45.02,2908,91,1973,91,771,15,1
4772,35.1,51.27,2679,86,893,58,4233,11,1
4773,42.1,42.69,2872,48,2849,41,2526,1,1
4774,62.1,50.66,1749,82,2325,34,1517,12,1
4775,67.5,53.1,2117,43,1866,77,1962,14,1
4776,20.6,46.6,1294,53,1649,22,1397,4,1
4777,58.2,52.74,1852,50,3412,69,3566,13,1
4778,49.6,53.99,2835,76,1246,22,1465,3,0
4779,53.9,50.1,2208,97,2810,83,4540,3,0
4780,35.7,53.25,567,50,1520,84,1321,9,1
4781,52.4,51.35,1902,97,1640,48,1031,11,0
4782,64,48.52,2255,73,1601,24,3435,6,1
4783,46.7,52.21,2344,53,810,32,3602,1,1
4784,24.7,45.87,2305,62,1592,68,2981,4,0
4785,54,51.52,2431,58,2555,30,1074,10,0
4786,30.8,47.32,1430,90,959,50,4395,6,1
4787,62.7,47.79,2992,60,1913,20,2627,12,1
4788,34.9,46.21,841,60,1118,21,4382,5,1
4789,26.3,52.02,610,99,3000,48,494,2,0
4790,58.6,49.13,630,80,2779,95,3637,4,1
4791,24.2,43.32,2086,93,2786,30,2772,6,1
4792,69.1,43.99,939,95,1275,32,4520,9,1
4793,21.5,51.87,1394,48,1219,75,3972,2,1
4794,56.1,45.57,905,96,1576,57,226,2,1
4795,30.7,46.79,1470,46,3294,37,220,4,1
4796,53.8,50.52,2806,80,1708,67,2702,1,0
4797,69.4,50.12,1677,52,2142,50,2334,15,1
4798,32.9,48.42,507,50,2511,25,3909,6,1
4799,69.6,46.9,1473,46,2884,77,3799,12,1
4800,37.2,42.54,2079,88,3402,50,2119,14,1
4801,69.3,43.1,2251,98,1923,61,3621,13,1
4802,24.8,50.09,2558,61,3054,93,3376,7,0
4803,26.9,49.72,720,60,1874,20,3582,6,0
4804,38.2,42.57,2580,84,2434,43,3997,11,1
4805,24.9,42.58,1312,45,1525,90,4620,8,1
4806,51.7,42.13,2587,95,2822,86,1889,10,1
4807,35.8,42.3,758,75,2564,33,4252,10,1
4808,60.3,50.72,1126,97,2078,62,1664,5,1
4809,48.7,48.61,2046,56,1405,65,613,8,0
4810,28.9,53.65,1836,71,3194,82,1099,2,0
4811,33.6,51.42,1127,97,3017,48,4559,8,0
4812,25.6,48.94,626,77,3397,26,2484,13,0
4813,49.7,45.26,1560,82,1270,39,279,7,0
4814,35.3,51.18,2914,90,853,89,2141,8,1
4815,55.2,52.28,1671,64,2583,68,3356,1,1
4816,46.4,46.18,2328,66,1183,54,2577,8,1
4817,20.9,52.58,2958,73,1218,86,4275,11,0
4818,52.9,43.52,1978,56,2988,44,1644,6,1
4819,44.4,42.98,2156,59,2790,86,3692,8,1
4820,59.8,48.78,2322,83,1070,92,238,13,1
4821,21,52.42,804,52,3396,35,4662,4,1
4822,70,44.42,2500,99,879,85,4444,14,1
4823,66.9,50.1,2866,53,3035,26,790,2,1
4824,31.1,53.8,742,76,2335,47,4163,9,0
4825,43.3,43.07,546,94,2919,60,1305,1,1
4826,69.7,43.21,2645,66,1127,95,4035,2,1
4827,40.3,49.9,1902,91,2790,58,2574,3,0
4828,64.5,43.07,812,64,2403,73,1875,1,1
4829,43.2,50.8,1145,64,2468,80,4427,10,0
4830,69.7,53.66,2371,69,3041,83,768,9,1
4831,28.2,42.06,1622,49,1278,68,3649,6,1
4832,21.3,42.36,546,58,955,89,4380,11,1
4833,46,43.27,1773,80,2868,79,2155,6,1
4834,25.9,43.38,756,99,1340,52,3347,12,1
4835,61.9,49.81,2437,50,934,32,3955,13,1
4836,39.9,43.62,809,77,1202,59,930,13,1
4837,34.7,46.49,2543,73,1290,43,523,12,0
4838,47.1,49.69,2484,76,3141,58,3742,1,0
4839,68.3,47.61,1700,48,1193,34,3479,3,1
4840,60.8,44.01,2125,54,2154,45,1444,8,1
4841,49.6,43.02,1259,47,1758,26,3287,1,1
4842,45,45.33,1164,41,2313,74,1646,7,1
4843,24.8,51.8,1424,65,1763,71,2569,13,0
4844,62.3,53.41,2211,87,3234,61,1248,13,1
4845,20.2,46.69,1561,88,3352,38,4668,10,0
4846,37.8,49.57,1276,40,2338,29,182,8,1
4847,26.3,49.17,993,99,2658,32,3635,2,0
4848,46.1,53.71,1813,70,2654,81,874,9,0
4849,43.4,44.16,2157,40,1516,62,3732,8,1
4850,20.6,52.11,2075,50,924,21,563,11,1
4851,27.2,51.55,520,78,2823,42,269,12,0
4852,46,44.58,1293,40,1220,72,2896,4,1
4853,22.7,46.37,1166,74,2741,20,4225,5,0
4854,49.1,53.06,2490,77,3106,69,645,2,0
4855,36.4,52.63,2727,49,1042,39,4330,7,1
4856,55,48.14,2918,88,3145,25,1899,15,0
4857,47.7,50.11,2784,77,2801,79,3438,5,0
4858,28.4,48.05,1546,90,3349,55,1154,14,0
4859,20.8,43.08,1928,54,1395,31,3363,10,1
4860,52.5,42.72,1300,63,1044,60,4726,2,1
4861,59.4,50.57,2098,100,811,24,2092,11,1
4862,52.2,43.07,1058,60,2363,62,3435,10,1
4863,29.7,51.61,901,53,1154,86,4711,15,1
4864,22.8,44.04,2144,40,2975,60,214,13,1
4865,61.2,47.68,2223,85,2716,45,925,2,1
4866,45,42.18,1643,48,1151,53,4882,3,1
4867,69,53.48,1321,83,1673,75,760,9,1
4868,34.7,50.48,1180,98,2345,81,3458,6,0
4869,24.7,53.32,1847,97,2593,93,4540,15,0
4870,43.4,46.1,1115,46,2201,20,2865,5,1
4871,53.4,42.17,1530,94,1626,30,2211,1,1
4872,68.7,48.59,2015,97,1769,30,2595,10,1
4873,50.1,43.44,2600,47,1124,40,1160,8,1
4874,42.5,43.1,1650,45,1743,37,1785,12,1
4875,38.2,50.86,991,89,2100,34,2593,7,0
4876,47,50.83,1762,63,1368,85,1062,3,0
4877,46.5,52.42,2872,80,1992,25,2619,13,0
4878,69.9,50.37,789,44,2457,43,3896,4,1
4879,43.5,49.29,2393,87,1276,32,1824,10,0
4880,49.6,43.99,1341,96,3169,66,965,9,1
4881,20.7,50.62,2727,87,3471,79,2673,13,0
4882,32.1,43.04,1446,93,2232,93,249,6,1
4883,36.5,48.63,1731,92,2261,63,4999,12,0
4884,65.7,52.93,2240,53,1704,45,665,13,1
4885,32.1,46.06,1404,60,1767,33,4836,7,0
4886,41.8,52.34,1858,67,1489,74,1256,1,0
4887,51.4,48.79,2921,66,3284,59,488,6,0
4888,44.1,53.52,1425,89,1845,60,2916,3,0
4889,29.6,46.18,921,87,1117,23,4115,4,1
4890,34.9,45.99,2935,67,2590,50,2316,12,0
4891,28.1,50.81,2815,40,1790,54,1166,5,1
4892,62,42.02,1865,59,1332,69,280,8,1
4893,45.3,48.06,2690,65,2063,24,1274,3,0
4894,58.8,42.89,788,41,845,41,4558,13,1
4895,31.2,46.31,2904,67,3472,47,3908,14,0
4896,54.3,42.11,1610,98,2342,63,3801,12,1
4897,35.4,51.46,1625,73,2129,53,4734,4,0
4898,52.7,44.93,1681,81,3251,81,3513,10,1
4899,25,44.44,1799,94,1230,82,2184,12,1
4900,25.9,45.02,1089,66,1392,64,4841,14,0
4901,57.1,50.93,2191,61,2475,29,4179,12,1
4902,35.8,42.82,711,49,3390,77,1252,13,1
4903,47.8,51.92,2331,64,2790,80,4769,2,0
4904,42,48.86,2953,82,3214,82,2090,8,0
4905,21.5,49.38,2657,49,1113,61,3556,14,1
4906,31.5,45,503,65,2334,46,2774,6,0
4907,58.1,50.95,1296,80,1938,78,676,7,1
4908,40.8,53.11,501,82,3488,70,859,13,0
4909,49,49.69,1395,45,2243,78,1717,3,1
4910,55.1,52.01,2488,65,1660,60,2178,4,1
4911,45.6,46.37,2924,71,2053,32,2373,6,0
4912,21.7,47.09,2654,46,1858,81,234,10,1
4913,55.4,42.23,1852,74,3077,39,2165,4,1
4914,52.9,53.55,1328,69,1596,66,4407,15,0
4915,54.6,53.94,1293,93,1138,31,1019,1,1
4916,63.7,47.71,1152,50,1888,49,830,14,1
4917,54.7,44.97,2146,75,2514,84,4135,4,1
4918,58.5,52.91,2205,56,1013,23,4081,8,1
4919,20,43.12,2253,94,3054,39,280,14,1
4920,35,43.18,2061,73,1594,25,4328,6,1
4921,23.2,49.06,1493,89,2362,59,3470,15,0
4922,55.9,46.68,2258,88,2182,71,2689,9,1
4923,57.6,46.12,1324,97,1428,46,3679,10,1
4924,43.2,50.51,2352,69,2777,20,3401,11,0
4925,40.4,43.25,1067,73,1293,66,3324,9,1
4926,37.5,52.12,2126,59,3265,61,4229,10,0
4927,26.6,45.36,1125,53,3326,29,2487,13,1
4928,52.4,49.16,1743,81,3135,52,1822,13,0
4929,31.8,49.48,1773,53,871,49,842,14,1
4930,52.1,44.26,912,66,1584,81,4134,6,1
4931,55.1,49.82,2619,65,1344,33,3761,9,1
4932,43.7,48.97,1775,57,2220,58,1442,15,0
4933,46.3,53.73,2823,65,2469,42,4139,13,0
4934,27.9,45.46,534,89,1737,62,3272,9,0
4935,30.3,52.5,2727,46,2511,31,2433,15,1
4936,50.9,43.24,1066,99,3486,44,1563,15,1
4937,20.4,44.51,2500,100,2573,75,3052,12,1
4938,39.1,49.6,2494,84,1029,59,3877,11,1
4939,34.6,43.93,678,98,1329,37,1489,15,1
4940,40.7,46.13,1105,76,3168,23,3712,2,0
4941,46.3,43.43,1999,67,1974,47,1881,6,1
4942,50.8,53.93,1750,84,1242,52,4647,14,0
4943,69.8,42.12,902,61,2892,40,3348,14,1
4944,53.9,46.8,1028,45,2943,46,4965,4,1
4945,47.4,53.22,872,70,3133,50,4466,8,0
4946,40,42.47,2486,62,1837,76,2732,6,1
4947,23.2,52.07,1646,75,1575,85,2457,9,0
4948,44.5,50.49,1982,78,3226,75,765,4,0
4949,44.7,47.5,642,52,2262,63,1351,15,1
4950,62.6,48.24,1204,56,836,22,897,9,1
4951,55.7,51.23,2921,97,1745,26,4667,8,1
4952,25,53.12,2469,97,1982,93,892,6,0
4953,47.9,44.91,1033,69,1561,52,4313,10,1
4954,63.7,53.39,1872,87,3076,68,1308,6,1
4955,64,47.06,1981,57,2463,53,2052,15,1
4956,61.6,43.13,1185,79,2406,88,2010,1,1
4957,45.7,45.87,2733,46,2046,76,4452,2,1
4958,45.2,49.04,1989,57,3424,37,1872,12,0
4959,50.6,53.44,1181,91,3039,35,1952,6,0
4960,69.3,44.89,2077,53,3092,44,3826,15,1
4961,27.4,42.13,2487,43,1888,56,230,3,1
4962,54.5,44.54,648,98,2157,80,4287,3,1
4963,45.2,48.65,2147,57,2289,46,4679,13,0
4964,49.8,43.81,886,96,1055,41,413,13,1
4965,23.1,47.91,2688,94,1512,91,4647,3,0
4966,69.7,52.52,2653,63,3448,64,1899,8,1
4967,35.5,53.71,1969,90,2230,61,4579,13,0
4968,69.6,46.23,1695,98,3202,46,708,15,1
4969,32.6,47.27,1660,61,1512,48,875,12,0
4970,37.4,45.51,2539,95,1785,65,1098,9,0
4971,24.2,42.41,2402,73,3447,67,1008,3,1
4972,53,44.48,1480,87,1487,63,1462,8,1
4973,64.2,44.62,1787,83,3058,48,4330,14,1
4974,61.8,46.61,1883,89,2523,68,307,10,1
4975,53.4,51.69,1256,46,1701,44,2682,14,1
4976,31.6,44.87,2568,57,1315,67,1809,1,1
4977,62.2,53.34,2317,86,833,44,398,11,1
4978,41.3,43.85,2201,95,1339,64,4328,7,1
4979,43.9,48.09,2744,71,1146,45,2496,11,1
4980,68.6,50.21,1444,46,1988,23,4147,2,1
4981,30.5,47.19,2878,63,887,41,2859,5,1
4982,25.7,43.3,1156,82,2947,75,2364,9,1
4983,54.3,44.41,1241,96,3156,67,2740,2,1
4984,42.2,42.13,799,93,2570,74,595,13,1
4985,52.1,50.19,823,97,2781,81,4857,11,0
4986,36.9,52.48,1441,75,2138,78,2968,3,0
4987,27.9,42.87,676,53,3228,64,4804,3,1
4988,21,47.31,1507,49,1635,45,1383,5,1
4989,55.1,49.82,1296,50,2104,40,3418,2,1
4990,46.7,45.99,1165,65,1979,33,3911,3,0
4991,67.4,44.84,1486,64,2768,36,4574,8,1
4992,56.8,43.32,1606,46,1996,33,4626,1,1
4993,44.6,53.87,908,96,1742,91,4114,10,0
4994,38.9,52.97,2776,91,1879,27,2758,3,0
4995,38.5,50.76,834,70,2886,77,3449,7,0
4996,63.2,50.77,1764,40,2044,52,3132,5,1
4997,67.6,44.57,645,42,2099,87,2565,9,1
4998,51.8,48.45,823,99,2473,74,3479,2,0
4999,62.9,52.31,2138,83,2360,58,609,10,1
5000,44.8,42.08,1968,74,3455,69,930,8,1
5001,40.3,52.77,921,40,2719,52,1668,14,1
5002,41.6,49.46,1648,92,1018,70,4965,9,1
5003,24,52.44,2351,96,3068,20,4764,9,0
5004,52.3,49.08,2391,52,2305,69,2041,8,1
5005,39.6,53.62,1654,41,3052,87,2731,15,1
5006,49,43.59,2881,52,1522,87,4951,9,1
5007,42.5,44.85,2242,74,2948,37,2884,15,1
5008,36.7,51.07,501,61,3070,35,4076,5,0
5009,28.1,42.77,672,75,1942,29,4928,10,1
5010,26.3,43.12,1173,82,2676,67,4866,1,1
5011,36.1,46.78,2337,58,3275,20,1684,9,0
5012,45.9,47.83,1373,64,1419,72,3536,8,0
5013,35.3,53.5,2217,92,3428,68,2888,11,0
5014,26,48.56,1875,82,2837,21,1977,7,0
5015,29.5,52.47,1025,62,969,52,2605,13,1
5016,62.9,44.98,1604,78,1382,53,4360,9,1
5017,61,53.96,1849,81,2878,81,3656,15,1
5018,23.1,50.33,2282,74,1614,74,2875,7,0
5019,61.7,49.01,2952,65,3157,61,3967,15,1
5020,50.8,48.71,2474,95,3049,84,2906,15,0
5021,22.3,42.13,1339,51,1064,43,3482,5,1
5022,63.1,53.8,2614,100,1070,60,3677,14,1
5023,24.3,48.46,2084,63,2288,53,3046,9,0
5024,38.2,43.68,2441,42,2927,89,3604,4,1
5025,56.5,50.96,2447,82,1355,51,976,11,1
5026,65.1,51.78,2144,51,1541,60,3282,10,1
5027,53.6,50.48,845,91,1552,45,3308,7,0
5028,39.7,49.64,2483,54,1893,38,1827,1,1
5029,47.7,46.9,2903,82,1415,74,2224,13,0
5030,33.7,42.09,2087,40,3432,84,3836,6,1
5031,66.4,52.97,2048,46,3016,40,1680,4,1
5032,28.1,52.55,1184,92,1899,36,2245,14,0
5033,28.1,50.03,1305,93,1564,64,3428,2,0
5034,60.7,45.56,2270,56,1465,31,942,5,1
5035,46.1,44.26,1109,77,1697,61,2112,5,1
5036,59.3,46.66,1364,58,1294,28,2064,5,1
5037,29.7,45.58,839,85,3323,38,1158,9,0
5038,40.8,48.05,2234,47,3168,53,4000,5,1
5039,36.3,43.05,2316,43,1873,25,956,6,1
5040,66.6,47.41,722,73,3175,88,3853,12,1
5041,36.9,45.25,2113,97,3015,38,4345,9,0
5042,55,44.45,2913,85,2548,52,2567,9,1
5043,27.2,53.67,1025,55,3072,83,1894,2,0
5044,45.5,51.41,2440,48,2265,60,3818,7,1
5045,29.2,47.08,2685,98,3165,70,4915,4,0
5046,39.7,53.58,736,63,3181,44,1693,11,0
5047,31.8,44.13,2256,52,1461,36,2757,11,1
5048,36.8,48.66,2112,94,2882,72,843,13,0
5049,37.7,44.51,1662,41,2119,89,4757,4,1
5050,65.4,50.54,1337,75,968,24,1528,15,1
5051,52.3,42.31,1521,60,1567,78,4425,7,1
5052,65.8,51.19,2776,98,2694,80,3283,15,1
5053,52.9,47.77,2847,99,1591,76,2727,15,0
5054,60.5,50.09,2663,48,1973,35,1062,11,1
5055,50.9,48.15,1537,46,1394,26,2042,3,1
5056,33,46.04,2140,59,1614,44,3248,1,0
5057,60.5,53.82,2571,100,1593,39,2049,2,1
5058,20.4,49.41,2742,52,3278,59,286,7,1
5059,41.9,48.24,2853,62,3500,76,3909,11,0
5060,67.8,47.55,2057,60,2102,85,3718,12,1
5061,24.5,50.56,783,52,2719,57,1431,12,1
5062,54.8,46.9,2449,85,2480,95,1171,10,0
5063,54.6,45.47,1200,50,808,35,473,3,1
5064,42.9,48.25,2974,96,2368,50,1129,1,0
5065,69.7,45.63,998,50,1795,86,1662,10,1
5066,46.5,46.92,661,45,3288,69,4725,5,1
5067,57.1,51.98,584,96,2444,69,4569,14,1
5068,22.1,52.69,1788,82,1135,30,1089,1,1
5069,26.2,44.49,2778,74,987,92,455,7,1
5070,26.8,45.05,1587,42,1137,61,2431,7,1
5071,69.8,47.24,1794,44,3318,95,641,7,1
5072,26.2,48.25,1003,75,1226,88,3404,15,0
5073,62.3,47.36,1372,67,2257,79,2208,13,1
5074,47,46.91,1526,83,2324,38,3787,9,0
5075,65.6,47.48,1595,81,3217,53,1281,8,1
5076,61.9,47.59,2664,63,1834,36,2277,4,1
5077,57.1,49.62,970,44,974,61,1672,6,1
5078,59.3,43.11,1382,66,2378,41,1756,11,1
5079,50.1,47.03,1645,80,3074,41,2540,6,0
5080,42.8,45.11,2284,73,2091,64,3962,13,0
5081,28.9,44.63,2217,99,1429,46,3381,14,1
5082,41.2,42.7,2192,44,1912,37,211,10,1
5083,64.4,52.59,1380,59,2086,94,2475,8,1
5084,20.5,51.23,1708,61,3488,38,3939,1,0
5085,59.4,50.17,2055,79,1805,58,1318,8,1
5086,26.7,47.74,2155,64,1083,64,3781,6,1
5087,63.8,45.01,838,86,2253,58,1045,7,1
5088,38.4,48.75,527,89,1179,61,3452,5,1
5089,57.4,46.57,1872,42,1200,67,3190,8,1
5090,41.7,46.4,2410,52,3073,37,4002,4,1
5091,20.1,53.48,1232,87,2816,78,492,13,0
5092,23.1,51.86,654,95,3046,24,2900,12,0
5093,45.7,53.42,2602,41,2420,92,1526,7,1
5094,20.4,44.49,1967,99,2181,64,4919,15,1
5095,35.6,51.85,2380,68,1899,55,694,14,0
5096,50.6,42.89,2539,71,3141,53,3455,14,1
5097,48.6,52.54,749,65,2100,57,1232,6,0
5098,23.9,45.47,2008,62,3403,51,4258,8,0
5099,52.5,49.63,1866,58,1049,24,1606,14,1
5100,32.2,53.16,741,63,1091,64,4872,3,1
5101,33.3,46.64,2142,92,2933,87,3737,1,0
5102,41.1,47.16,992,88,3139,32,3820,6,0
5103,35,53.69,1758,58,2395,70,453,13,0
5104,32.4,53.4,2387,51,2095,64,4918,8,1
5105,49.2,46.31,2995,66,811,84,2041,5,1
5106,66.3,45.05,2903,41,1408,63,3028,2,1
5107,32.1,43.9,1659,100,2060,85,1847,13,1
5108,25,52.03,511,49,855,49,248,12,1
5109,57,53.33,2507,68,3015,23,192,6,1
5110,42.4,53.69,973,73,2028,40,1676,10,0
5111,42.1,52.35,910,69,2890,22,4944,13,0
5112,30.2,50.33,2044,87,1856,76,2157,2,0
5113,42.5,47.51,624,58,3274,53,2078,3,0
5114,25.4,52.52,2924,46,3242,63,2773,2,1
5115,23.5,52.02,1232,66,2359,92,1738,5,0
5116,68.4,44.97,1849,40,1093,88,4490,10,1
5117,47.8,48.69,626,94,3104,64,4692,5,0
5118,65.1,47.24,988,85,2184,78,227,11,1
5119,44.4,45.86,2295,59,1915,93,587,10,0
5120,30.8,52.01,1753,41,3090,49,2163,8,1
5121,69,45.19,2898,71,3149,45,1188,13,1
5122,42,52.7,1327,92,1064,92,340,7,1
5123,51.2,43.37,865,99,1140,50,1669,11,1
5124,41.7,42.92,2495,56,1649,30,3885,2,1
5125,60.8,53.61,1812,56,2264,37,2081,4,1
5126,36.8,46.13,1255,97,1953,92,607,5,0
5127,20.9,42.96,2512,61,1097,61,3563,1,1
5128,67.7,43.62,1884,85,1850,33,1372,7,1
5129,29.3,49.47,1000,94,830,39,1493,13,1
5130,26.8,48.28,1453,66,2608,47,1940,13,0
5131,53.7,49.73,2005,75,2808,72,4606,14,0
5132,55.1,49.02,1445,66,3298,33,416,13,1
5133,66.9,50.98,659,46,3492,66,2829,7,1
5134,22.8,53.68,2518,87,3474,93,2291,5,0
5135,42.7,48.05,1602,90,1551,89,4280,13,0
5136,31.8,52.82,1869,58,3475,59,3042,11,0
5137,37,44.17,1486,52,1836,71,4376,9,1
5138,46.8,43.85,1502,59,2441,60,1679,8,1
5139,60.7,44.34,1682,65,1389,25,4141,9,1
5140,51.6,51.44,1969,71,1163,88,401,10,1
5141,61.8,47.44,993,48,3364,48,4899,3,1
5142,57.2,43.01,2469,93,3031,80,3672,2,1
5143,49.8,53.5,1864,76,1180,56,3313,9,1
5144,57.5,51.61,2356,86,2546,91,1675,15,1
5145,62.2,42.97,2530,75,2583,62,4831,11,1
5146,32,50.91,2930,79,3102,94,3397,7,0
5147,33.1,50.58,1009,59,1794,56,396,8,0
5148,41.1,51.02,2738,78,3205,45,232,5,0
5149,34.9,42.25,633,41,2329,24,2637,7,1
5150,26.6,49.14,2398,92,2626,73,1464,3,0
5151,49.4,42.72,1044,58,1486,47,4687,1,1
5152,22.7,48.1,1104,67,2037,57,378,2,0
5153,59.6,53.74,2650,88,3488,28,1242,4,1
5154,40.4,50.92,2110,88,3279,65,358,9,0
5155,55.3,53.79,1159,73,2536,69,3039,13,1
5156,22,43.15,2657,45,1360,87,4741,15,1
5157,21.1,51.73,2930,55,1295,73,602,8,0
5158,44.1,51.5,2073,99,3117,31,3389,6,0
5159,50.3,46.2,1656,41,3024,43,3805,11,1
5160,58.4,53.14,1050,68,1801,34,1762,15,1
5161,58.4,42.16,531,45,1220,44,1050,3,1
5162,38.7,45.48,2846,71,1504,42,3051,14,0
5163,39.1,46.73,1059,75,2767,71,2049,9,0
5164,32.7,46.9,2169,84,1232,47,3697,2,0
5165,58.8,42.59,511,80,2200,53,4440,8,1
5166,38.4,42.74,2857,100,1954,63,2767,1,1
5167,31.4,44.28,2521,82,2636,68,4231,10,1
5168,52.8,43.47,1583,48,1208,43,795,5,1
5169,43.5,45.18,1201,86,1770,70,3234,11,0
5170,65.1,51.12,1268,57,923,53,1039,1,1
5171,69.1,50.87,2868,67,2742,38,2423,11,1
5172,55.5,44.63,1446,68,2544,27,3023,13,1
5173,50.4,50.9,1991,67,856,88,4268,8,1
5174,64.9,48.69,2620,57,869,56,3595,13,1
5175,42.4,45.75,1663,74,2752,44,155,13,0
5176,65.9,50.14,1587,40,3318,66,1571,14,1
5177,55,43.81,1435,87,3333,63,3068,8,1
5178,42.9,50.57,1259,42,3387,45,1219,11,1
5179,20.7,42.4,2073,96,2460,48,607,12,1
5180,38.5,42.66,2931,72,2383,41,4360,3,1
5181,28.9,50.43,2129,72,2177,90,1779,7,0
5182,25.4,47.94,1429,53,1278,30,2951,11,1
5183,62.3,50.19,1016,83,2396,89,2816,13,1
5184,65.1,49.65,1575,46,2885,53,1586,3,1
5185,62,48.06,1046,95,2044,90,4599,3,1
5186,64.9,50.94,704,96,1270,54,1247,6,1
5187,50.3,43.98,2400,53,2213,40,1709,10,1
5188,56.2,53.05,1937,80,1134,87,2889,7,1
5189,51.9,43.25,2945,48,1676,91,4138,7,1
5190,37.8,51.54,2967,54,3296,27,2726,14,1
5191,59.9,43.83,2736,57,1311,47,3875,14,1
5192,29.7,52.41,2606,50,2942,77,3647,4,1
5193,33.9,42.68,1632,76,1708,66,376,5,1
5194,25,50.99,1604,70,3185,64,467,5,0
5195,53.5,43.95,2687,87,3373,82,3908,1,1
5196,49.7,45.92,2238,70,1243,37,4372,15,0
5197,49.3,49.19,1222,90,3290,44,3602,14,0
5198,25.6,44.93,2634,70,2665,94,2521,8,1
5199,22.7,53.75,2260,100,3356,49,4220,10,0
5200,45.6,51.5,2942,40,1417,64,4239,3,1
5201,66.9,51.48,1999,65,2372,78,2893,2,1
5202,36,50.97,2732,93,2353,79,1667,9,0
5203,65.2,51.53,519,93,1493,61,401,1,1
5204,39.3,47.7,2282,53,3439,80,3159,15,1
5205,26.5,53.24,2229,91,2822,38,4960,3,0
5206,58,52.45,2089,78,1078,71,1327,6,1
5207,49.9,50.58,968,46,3183,64,4236,9,1
5208,37.3,51.26,642,93,1655,40,3488,10,0
5209,35.3,42.79,2778,63,2281,36,3365,3,1
5210,58,47.62,2365,56,2125,31,872,14,1
5211,46.2,47.33,1650,67,1545,42,3879,8,0
5212,60.1,43.33,1828,92,1469,26,1644,12,1
5213,23.3,44.8,1850,59,2106,92,4505,14,1
5214,63.3,48.79,2980,96,1222,93,2411,9,1
5215,20.5,47.86,1362,98,1013,81,2809,11,1
5216,44.1,50,1672,98,1712,27,3767,9,0
5217,20.6,49.32,2147,72,3328,89,917,15,0
5218,38.9,45.72,1611,62,3196,25,4046,12,0
5219,40.6,51.37,2366,55,1633,29,3492,6,0
5220,46.8,47.42,1918,53,2789,43,2574,3,1
5221,41.6,46.15,753,53,2594,91,635,2,1
5222,31.9,46.11,2264,68,2108,51,3276,11,0
5223,62.5,44.76,2596,67,1124,27,4615,13,1
5224,50.1,44.29,659,56,1754,36,1369,11,1
5225,26.2,50.63,622,43,1125,77,484,10,1
5226,60.7,52.45,2325,46,823,75,520,10,1
5227,32.1,52.06,2756,42,1403,65,3678,6,1
5228,33.1,42.21,759,44,3166,52,725,5,1
5229,65,52.93,1871,60,1357,40,4776,12,1
5230,63.4,48.01,2150,62,1812,92,1924,15,1
5231,30.9,52.85,2062,54,1430,78,4437,7,1
5232,28.1,45.43,2158,61,1676,40,4831,4,0
5233,38.6,46.4,1175,40,2549,42,4344,8,1
5234,65.7,52.51,2684,41,3379,84,3664,7,1
5235,51.4,50.25,1304,99,1159,79,2079,11,1
5236,62.1,43.22,2982,86,2538,32,524,10,1
5237,63.2,48.73,2633,72,968,67,464,14,1
5238,36.2,50.05,1133,59,3467,75,1086,8,0
5239,24.5,42.94,2944,48,2003,57,3225,13,1
5240,27.1,50.16,2693,55,1884,71,4484,8,0
5241,53.9,47.07,1542,86,2289,39,4161,5,0
5242,49.5,49.81,1535,88,3395,21,3055,15,0
5243,38.3,44.69,681,97,1489,35,4808,4,1
5244,40.8,51.07,530,49,803,67,395,11,1
5245,64.7,47.47,2445,51,2900,70,223,8,1
5246,32.7,47.16,2191,95,1715,61,1561,11,0
5247,62.3,51.48,949,89,2949,48,1805,13,1
5248,64.3,42.83,2740,97,2582,39,2713,5,1
5249,41.5,53.56,2788,72,2818,37,2524,12,0
5250,69.2,42.27,1013,83,2218,82,201,4,1
5251,40.1,46.09,714,71,1193,82,4254,8,1
5252,34.4,46.85,1526,99,3483,70,2030,1,0
5253,67.6,43.64,1416,67,2168,28,3311,14,1
5254,35,42.8,2148,42,1068,90,4214,12,1
5255,40,49.19,2542,86,2716,75,4220,5,0
5256,68.5,42.86,2202,57,2585,28,1743,14,1
5257,37.5,43.62,844,48,1270,62,928,4,1
5258,37,50.06,1532,43,1518,76,2812,9,1
5259,32.2,45.46,2126,77,1159,27,2693,6,1
5260,57.8,51.29,903,57,1082,94,4686,14,1
5261,44.7,46.29,2057,54,1705,59,2336,15,1
5262,34.3,47.57,2594,48,2711,30,1972,9,1
5263,24.9,52.4,2615,65,1985,95,2766,11,0
5264,46.2,50.23,1523,56,2776,38,971,8,0
5265,52.3,46.85,2475,87,2733,71,1611,11,0
5266,56.6,52.36,2432,41,1423,24,4601,5,1
5267,56.8,51.81,2210,48,2091,27,3587,15,1
5268,58.1,53.95,2974,43,2152,70,1109,10,1
5269,50.7,47.89,748,96,2512,44,4983,15,0
5270,21.5,42.77,1553,72,3443,31,934,13,1
5271,44,46.81,2177,77,1417,42,3463,5,0
5272,54.1,52.21,2343,82,2998,37,1154,4,0
5273,35.6,42.82,1402,60,2464,77,1832,7,1
5274,41.3,44.01,2745,46,1182,26,3137,14,1
5275,25.3,52.43,1819,47,2060,31,1965,7,1
5276,50.3,44.66,1461,76,3190,86,4889,4,1
5277,51.5,51.37,1800,50,3254,30,1335,13,1
5278,51.1,42.12,2670,65,2700,30,706,11,1
5279,30,46.72,809,87,1436,37,2779,5,0
5280,42,49.24,2023,97,1456,71,2442,2,0
5281,37.1,44.48,2829,69,2204,77,719,3,1
5282,35.1,50.42,1826,62,1240,52,918,8,0
5283,58.7,50.2,2295,46,3145,50,3716,3,1
5284,30.8,42.93,633,87,1505,29,2881,8,1
5285,61.2,46.33,1386,89,1073,75,2388,3,1
5286,28.1,44.51,2389,88,2617,39,4658,13,1
5287,50.7,49.75,2490,43,3258,53,3180,10,1
5288,36.6,44.2,2454,85,2012,58,2525,9,1
5289,61.8,42.19,1352,44,2659,46,1541,9,1
5290,22,48.05,2332,49,976,47,4937,9,1
5291,26.1,53.75,2409,44,2777,56,2436,14,1
5292,36.4,48.56,724,55,2137,51,394,9,0
5293,62.8,51.29,2142,59,2774,76,1380,8,1
5294,53.7,53.17,2114,59,2415,62,2903,11,0
5295,37.3,51.27,2013,41,804,52,1407,8,1
5296,30.8,47.76,555,42,2541,78,3202,10,1
5297,55.5,51.96,2483,72,1626,71,1175,12,1
5298,66.2,52.11,1167,64,3085,43,4076,11,1
5299,38.9,52.21,1153,43,2052,68,2948,3,1
5300,28.5,48.12,515,92,2056,42,2671,10,0
5301,29.2,45.98,627,57,2602,45,4678,5,0
5302,29.1,44,2641,46,1432,37,4060,4,1
5303,22.7,52.68,2620,64,2227,44,4741,15,0
5304,49.6,49.47,2129,48,1895,69,3207,7,1
5305,43.9,52.94,2407,43,3100,66,3429,11,1
5306,34.3,49.88,2850,56,3237,80,3465,5,0
5307,64.4,45.58,1416,56,2871,54,4329,3,1
5308,46.5,53.85,1158,47,3212,43,3549,12,1
5309,45.3,43.25,1271,90,2960,69,4705,3,1
5310,60.7,49.45,1893,50,3212,54,2407,14,1
5311,29,53.09,1461,81,2676,54,3273,5,0
5312,51,45.03,1973,84,2856,45,2639,13,0
5313,63.6,46.78,2499,97,2744,21,591,10,1
5314,56.7,50.97,2438,67,2335,77,2120,2,1
5315,54.8,47.95,2827,84,1240,94,3665,11,0
5316,56,44.14,1596,43,1903,85,887,3,1
5317,58.9,43.01,1166,69,2696,23,4626,4,1
5318,21.4,53.96,2164,88,2968,62,1452,2,0
5319,66.2,52.3,2575,44,1935,35,3062,7,1
5320,26,50.22,2618,76,2429,65,2485,2,0
5321,58.1,42.38,1610,95,1264,35,1294,9,1
5322,25,51.06,1059,81,816,48,3155,5,1
5323,38.2,49.58,2488,91,3317,52,3920,7,0
5324,69.9,53.36,2018,56,1207,57,1170,12,1
5325,25,49.3,2010,64,3191,93,3599,3,0
5326,51.6,51.09,1775,75,1334,90,3262,10,0
5327,37,50.61,1105,58,3369,62,4863,8,0
5328,56.4,46.04,1123,70,1829,77,2156,9,1
5329,37.4,50.39,799,63,2005,68,4808,12,0
5330,33.5,53.2,1870,83,1804,50,1664,8,0
5331,32,46.02,602,60,2561,36,397,15,0
5332,38.3,49.56,773,98,1014,32,3827,15,1
5333,27.1,42.86,1196,79,2503,49,4661,4,1
5334,32.5,47.09,1924,59,2146,51,791,4,0
5335,42.9,48.77,578,67,2342,76,3942,10,0
5336,46.8,47.24,577,42,2900,76,2673,3,1
5337,60.9,51.48,2488,55,3202,46,2316,11,1
5338,52,48.92,671,74,2978,44,2651,12,0
5339,40.7,49.37,2875,47,1059,80,291,7,1
5340,46.5,46.5,1505,93,2648,85,1231,12,0
5341,30.5,49.02,1916,75,3013,75,4080,14,0
5342,20.6,44.67,695,68,937,23,4379,14,1
5343,58.5,51.62,774,62,1387,47,1439,14,1
5344,34.7,42.14,2276,88,2386,32,814,2,1
5345,47.8,49.97,894,80,3140,76,1551,1,0
5346,35.7,51.11,2598,94,1012,79,446,15,1
5347,28.5,52.29,2914,80,3427,74,3539,9,0
5348,53.8,49.88,1224,69,2317,76,3009,7,0
5349,23,42.11,2744,80,1266,60,1464,11,1
5350,42.8,42.81,1902,60,2969,26,3195,6,1
5351,20.1,51.22,2924,67,2054,91,1701,6,0
5352,43.3,47.42,2850,46,1209,51,910,3,1
5353,61.7,44.92,2287,59,1710,54,4975,11,1
5354,64.7,46.96,624,53,3053,38,2251,8,1
5355,69.1,52.96,1455,60,2598,66,2513,11,1
5356,51.4,44.61,2394,86,3329,61,1651,4,1
5357,59.5,50.15,1804,96,3408,40,403,14,1
5358,65.4,48.7,2114,60,3482,74,893,8,1
5359,45.2,50.74,2508,77,865,34,4374,1,1
5360,61,43.98,830,86,1270,62,3765,5,1
5361,29.4,48.41,2490,50,2259,62,742,6,1
5362,53.1,48.8,1981,64,3325,58,4382,13,0
5363,35.6,46.8,1797,94,2941,78,4136,5,0
5364,35.3,52.45,831,57,3329,69,2763,2,0
5365,50.6,42.07,1323,71,3239,42,4020,11,1
5366,28.4,48.75,578,71,3445,89,4437,7,0
5367,58.3,52.27,2029,66,987,23,1524,7,1
5368,27.4,46.33,682,64,3112,60,3827,3,0
5369,45.5,43.27,2471,44,2640,30,1963,7,1
5370,25.1,51.9,1418,74,2541,40,2846,14,0
5371,21.5,42.24,1846,95,1072,26,4258,15,1
5372,45.9,43.6,2123,74,3093,60,3823,13,1
5373,39.9,53.02,1061,49,1975,76,2503,1,1
5374,39.4,52.86,854,69,1649,84,2816,10,0
5375,42.8,53.49,2233,50,1239,85,4662,11,1
5376,53.5,46.64,1038,89,3194,85,1145,13,0
5377,44.7,52.01,2789,49,2310,59,217,13,1
5378,25.1,52.37,976,51,1601,34,3627,3,1
5379,48.3,53.65,2730,52,2734,62,4887,11,1
5380,64.6,47.97,652,42,3488,70,947,3,1
5381,52.3,42.64,1111,67,2896,80,4274,2,1
5382,47.2,50.09,1757,60,2356,71,2405,15,0
5383,35.2,49.14,664,75,1393,76,1457,2,0
5384,33.2,48.12,1109,62,1269,50,3138,6,0
5385,27.5,43.82,1888,92,3087,29,4164,2,1
5386,48.3,46.37,660,40,907,85,269,12,1
5387,35.1,49.74,1092,61,1776,34,1972,10,0
5388,24.7,42.82,1759,57,2958,88,1880,5,1
5389,44.9,43.52,1533,90,2637,50,3151,15,1
5390,32.2,50.44,602,73,2292,56,2011,1,0
5391,21.7,45.43,2980,42,3037,28,699,9,1
5392,48.9,42.13,2385,75,1264,40,1802,9,1
5393,31.5,43.14,1435,73,3425,41,4726,14,1
5394,49.6,42.2,2425,49,1382,33,4209,14,1
5395,22,42.06,2941,100,2146,66,1424,11,1
5396,42.6,44.57,1790,53,2483,58,194,9,1
5397,36.7,46.73,670,93,3136,53,1931,5,0
5398,68.8,52.97,2280,79,814,33,1348,15,1
5399,30.1,52.2,2846,45,2698,27,3576,5,1
5400,48.7,53.94,1288,86,3151,95,1185,14,0
5401,30.9,50,1374,96,2950,82,2426,15,0
5402,63.8,49.89,560,47,2136,38,3711,2,1
5403,39.7,51.41,1027,69,2432,41,905,2,0
5404,43.7,43.33,1650,83,2877,58,1349,12,1
5405,54,42.33,648,41,2037,23,2900,9,1
5406,54.4,48.62,2319,84,3380,60,3162,2,0
5407,42.4,53.26,1932,64,2388,67,2918,11,0
5408,67,49.91,1409,78,1672,90,1869,9,1
5409,59.3,52.07,1974,49,1848,75,3452,12,1
5410,38.7,50.43,2015,93,958,74,2686,8,1
5411,35.9,49.77,1601,85,3085,80,3412,6,0
5412,40.2,46.74,1179,67,1954,61,675,12,0
5413,26.2,50.47,2084,47,2420,90,3394,6,1
5414,20.3,52,2770,57,1181,32,450,7,1
5415,49.2,43.25,1073,98,3027,79,2091,3,1
5416,25.4,45.34,1633,66,2009,85,671,11,0
5417,69.9,48.63,1705,82,2292,46,205,8,1
5418,44.8,43.42,561,51,3499,35,877,3,1
5419,68.5,42.43,1388,63,2308,69,2196,11,1
5420,69.8,48.2,2157,60,1596,48,4535,12,1
5421,33,46.04,789,76,3464,57,2788,2,0
5422,41.1,48.8,648,49,824,21,4139,7,1
5423,60.1,53.59,2499,65,1309,92,937,3,1
5424,55.5,49.24,1400,80,2707,63,1941,5,1
5425,43.8,52.99,2844,44,2405,76,2315,14,1
5426,48.6,47.3,1824,81,2642,76,317,8,0
5427,50.9,45.28,2029,80,2496,94,525,10,0
5428,30.5,46.86,2006,79,2435,93,3716,5,0
5429,65.2,42.42,2520,51,1050,60,3126,13,1
5430,46.5,52.14,2206,75,1236,62,3978,1,0
5431,35.8,48.34,2645,77,2049,68,3342,7,0
5432,42.3,51.37,2688,84,3222,62,3877,5,0
5433,51.7,46.9,2309,89,2450,54,1263,1,0
5434,49.5,53.81,2746,59,2827,86,2890,7,0
5435,33.6,43.31,1793,75,1620,34,759,9,1
5436,28.4,44.81,2202,77,2898,24,4031,7,1
5437,56.2,48.35,2045,100,918,57,3507,8,1
5438,34.6,51.6,1728,40,2471,34,2017,13,1
5439,37.2,51.36,823,87,1340,21,1011,2,0
5440,39.7,50.58,1298,75,1145,77,4950,14,1
5441,48.1,45.48,2096,81,2256,47,634,5,0
5442,41,51.59,2016,54,2225,51,910,2,1
5443,59.3,51.47,2340,58,855,76,4745,12,1
5444,33.3,50.45,2813,94,2838,75,838,11,0
5445,32.7,43.65,1179,73,828,93,2310,15,1
5446,57.3,51.69,1569,45,2410,86,2718,5,1
5447,68.5,52.98,1668,42,2291,86,357,13,1
5448,35,45.76,1038,85,2072,76,1336,9,0
5449,40.9,53,1490,99,2457,64,4562,6,0
5450,42.8,43.86,2241,56,1957,39,183,6,1
5451,61.6,53.76,2211,70,1428,29,4207,1,1
5452,40.4,50.27,2106,69,2456,76,3685,5,0
5453,38,49.84,2551,96,1050,20,4166,2,1
5454,34.3,47.34,1624,62,1085,59,3247,8,1
5455,67.2,50.52,2490,46,1529,89,3286,7,1
5456,63.8,45.66,2479,93,2252,93,3804,14,1
5457,65.2,44.52,581,93,2114,82,4930,14,1
5458,59.3,47.64,1123,52,2590,31,782,3,1
5459,41,48.35,1851,44,1752,71,2440,15,1
5460,27,48.07,778,59,2826,72,2207,2,0
5461,47.4,47.29,1135,100,2412,40,858,13,0
5462,27,46.85,944,70,1132,90,3911,5,1
5463,51.2,45.11,1337,48,2284,26,2803,1,1
5464,42,47.97,1744,83,3304,87,3989,4,0
5465,44.3,51.71,2328,66,1833,66,1591,15,0
5466,52,44.92,2058,60,1900,63,688,11,1
5467,52.5,44.07,2680,74,3488,46,3914,1,1
5468,47.9,47.21,1590,78,2924,92,3898,5,0
5469,48.3,42.16,1534,61,2259,85,868,11,1
5470,45.5,49.98,1832,93,2233,57,1241,8,0
5471,61.5,46.47,1191,45,1518,50,3970,14,1
5472,31.8,53.88,1276,73,3204,95,2943,11,0
5473,27.3,45.38,688,56,1169,22,715,9,1
5474,53.9,50.99,2696,97,2233,95,1607,4,0
5475,24.6,50.64,2903,95,2442,70,269,15,0
5476,55.1,43.5,2749,80,2198,72,1302,9,1
5477,60.3,52.51,2174,57,3360,27,4758,1,1
5478,61.7,46.38,1936,73,2558,95,3611,12,1
5479,48.6,48.89,2681,91,965,28,466,14,1
5480,33.5,53.65,1871,60,956,31,4436,5,1
5481,39.7,43.75,1980,41,3301,73,4100,4,1
5482,58.1,53.43,2012,100,3083,60,3609,2,1
5483,60.9,45.52,1044,57,1266,27,4276,1,1
5484,66.1,50.83,1153,57,2407,80,2866,4,1
5485,32.8,47.21,2417,74,1637,65,3208,6,0
5486,50.6,49.94,2152,64,970,94,4401,8,1
5487,33.8,45.75,1802,82,3344,92,773,14,0
5488,43.4,43.82,2928,86,3236,55,3685,8,1
5489,28.1,45.62,1934,64,2867,85,4831,4,0
5490,55.9,52.79,1283,48,2856,52,375,2,1
5491,36,48.59,1264,90,1081,87,3279,8,1
5492,33,43.53,614,58,3047,54,2985,15,1
5493,52,46.81,2924,59,1511,39,1958,4,0
5494,34.2,44.38,584,98,1752,26,2387,3,1
5495,52.7,50.61,1644,76,1021,50,2489,5,1
5496,28.2,51.88,2045,89,1909,87,1158,4,0
5497,23.8,44.49,2265,65,1445,30,2397,1,1
5498,40.1,47.19,2052,95,1581,49,615,6,0
5499,35.7,47.82,1733,76,1757,79,1177,14,0
5500,38,44.96,1433,41,3066,52,2995,7,1
5501,23.6,52.78,962,50,2029,86,1393,3,1
5502,52.2,52.53,2901,67,2637,26,4816,11,0
5503,68.9,42.34,1279,98,1001,28,128,1,1
5504,47.8,48.05,699,68,2480,61,2095,6,0
5505,56.5,49.02,2467,83,3264,91,3862,8,1
5506,35,48.27,1585,61,2029,20,4310,9,0
5507,28.8,48.14,1088,84,1678,66,3848,13,0
5508,35.3,48.11,626,65,1500,21,3038,3,0
5509,60,48.81,1485,56,2691,71,3778,4,1
5510,63.7,49.61,2390,80,3477,79,423,2,1
5511,22.8,50.61,605,42,853,59,3756,11,1
5512,36.9,46.98,2755,90,891,23,558,8,1
5513,56.1,50.15,1935,95,2396,85,1971,14,1
5514,68.6,51.95,2557,81,1621,24,4851,15,1
5515,39.1,46.09,2755,79,2935,62,3421,8,0
5516,54.4,46.4,1148,92,3135,30,3040,11,0
5517,38.3,44.62,1583,75,2016,69,4828,4,1
5518,30.3,51.38,1032,66,2521,60,4336,10,0
5519,34.7,48.75,1886,73,2619,74,1067,5,0
5520,33.2,49.19,1513,66,1777,41,3768,15,0
5521,48.5,49.21,1113,44,1404,31,2370,3,1
5522,51.4,47.92,861,42,3004,78,2326,5,1
5523,36.9,53.9,1963,50,1585,53,1416,14,1
5524,39.2,44.86,1398,86,3490,64,3874,3,1
5525,69.2,51.22,1396,98,3116,20,3496,5,1
5526,51.5,48.89,1495,94,3010,72,3041,13,0
5527,27,51.76,1892,49,1078,38,1326,5,1
5528,59.1,51.89,780,94,1191,90,3327,3,1
5529,45.8,52.4,2977,44,1374,44,269,13,1
5530,21.9,42.54,666,78,1356,47,4579,1,1
5531,41.3,47.01,1287,89,1155,67,831,9,1
5532,41.2,44.9,1598,47,2130,70,4309,8,1
5533,39.4,48.49,2577,63,2044,80,1446,4,0
5534,44.7,53.34,2328,69,2729,93,1709,15,0
5535,39.1,44.12,1262,87,1395,65,2449,6,1
5536,67.6,47.84,1466,50,3230,40,615,1,1
5537,50.9,48.4,1305,94,3263,27,1173,14,0
5538,45.9,42.24,1419,97,1460,93,553,3,1
5539,58.1,47.83,2711,48,1202,79,617,3,1
5540,46.5,52.06,2598,51,2472,26,1319,4,1
5541,48.3,51.58,2744,85,886,77,1752,4,1
5542,39.3,53.68,2792,99,2027,55,4188,14,0
5543,39.1,52.66,1855,79,2317,91,1319,14,0
5544,59.6,48.43,2748,82,2754,58,4076,2,1
5545,63.2,52.01,1134,74,2059,72,3193,8,1
5546,33,43.43,1375,48,1581,75,3806,13,1
5547,61,50.17,584,94,2121,90,3972,14,1
5548,48.3,49.62,2188,46,849,38,699,12,1
5549,63.7,51.44,2105,74,2260,84,4873,12,1
5550,55.9,47.44,1020,87,2404,20,1197,4,1
5551,26.4,45.37,1500,55,911,27,3426,5,1
5552,35.1,51.65,858,77,2294,38,2682,8,0
5553,34,44.02,2921,86,1502,20,2747,12,1
5554,24,49.13,1786,90,1743,73,1356,9,0
5555,62.2,50.75,2836,68,3251,22,4936,2,1
5556,61.6,47.28,968,93,1452,73,4720,1,1
5557,44.8,48.8,984,95,2661,31,3179,4,0
5558,69.7,42.49,777,67,2487,95,777,15,1
5559,58,44.5,685,56,2884,37,2342,8,1
5560,21.8,49.46,536,100,803,40,3329,12,1
5561,60.3,49.97,2150,54,3497,78,3323,11,1
5562,44.1,44.47,543,85,1005,21,1069,8,1
5563,58.8,45.03,1664,90,1148,32,4895,9,1
5564,30.3,53.64,2932,61,1118,86,3686,2,1
5565,67,50.44,553,81,2758,82,2677,9,1
5566,45.2,51.52,1102,81,2205,29,709,2,0
5567,63.9,52.01,896,49,872,74,1362,7,1
5568,28,48.25,2217,82,2251,41,3096,1,0
5569,32.8,44.59,1575,51,3216,92,118,7,1
5570,65.9,48.49,1955,89,2394,90,3968,11,1
5571,65.5,50.75,1030,43,2503,30,199,14,1
5572,30.8,50.82,1923,89,1446,57,3994,15,0
5573,35.6,51.98,1771,61,1030,75,3041,11,1
5574,59.9,49.08,1711,72,3272,36,3882,14,1
5575,64.2,50.52,952,54,2275,90,3639,12,1
5576,46.8,49.78,2465,55,3432,55,4709,1,0
5577,61.9,47.65,2551,96,3003,44,4278,2,1
5578,51.5,48.98,983,90,1572,54,4536,3,0
5579,34.1,52.39,884,42,1089,81,1033,3,1
5580,55.6,49.99,675,41,1498,91,4175,4,1
5581,44,45.39,1007,94,2414,57,2079,13,0
5582,62.3,49.86,1594,50,1253,43,257,10,1
5583,44.8,44.27,1157,89,1013,57,2557,10,1
5584,54.7,45.35,854,96,3364,41,4045,9,0
5585,68.5,42.27,583,45,2357,91,2248,1,1
5586,63.6,50.95,2958,94,2687,92,558,5,1
5587,52.9,47.86,2466,98,3241,23,4773,10,0
5588,45.5,46.64,1668,93,2404,68,782,3,0
5589,48.1,52.75,1435,64,2223,51,3196,2,0
5590,50.7,47.3,2970,60,1993,85,122,4,0
5591,65.7,49.45,1971,99,2123,26,4282,2,1
5592,41.2,44.91,2043,85,982,89,967,11,1
5593,55,53.75,1360,54,3357,87,2628,10,1
5594,51.7,53.73,2957,54,2953,86,859,3,1
5595,27.6,43.93,502,50,2745,90,796,9,1
5596,33.1,44.53,824,66,2040,44,2010,5,1
5597,42.9,52.84,907,67,1911,83,869,11,0
5598,35.3,49.04,930,70,2385,52,4150,10,0
5599,55.2,46.44,752,70,2624,82,3067,13,1
5600,51.9,46.22,552,100,1592,64,2287,7,0
5601,49,47.88,2058,82,2262,91,2963,6,0
5602,53,44.93,1391,75,2270,76,4696,13,1
5603,59.7,52.67,1562,48,2385,51,3846,2,1
5604,31.3,46.78,833,54,894,34,1822,10,1
5605,57.2,45.97,2507,73,2365,32,1390,15,1
5606,62.7,44.49,1146,41,3156,33,3273,8,1
5607,20.6,47.83,2424,53,1094,46,3861,3,1
5608,42.2,43.58,730,75,1934,44,4621,7,1
5609,60.1,52.27,1547,79,2681,61,4396,13,1
5610,34.6,53.65,2685,42,1466,61,1993,6,1
5611,34.8,44.95,2460,71,1765,66,1259,7,1
5612,57.7,47.39,1399,54,2048,78,1581,7,1
5613,26.6,47.16,2851,97,1005,39,1146,15,1
5614,56.6,42.36,2481,85,1090,57,1525,2,1
5615,63.7,45.42,2668,86,2821,89,3204,8,1
5616,54.4,53.06,1866,92,3101,25,3729,6,0
5617,68,51.58,876,46,2986,44,2619,8,1
5618,22.4,45.96,554,96,1391,51,1050,5,0
5619,23.3,53.78,1948,59,2794,25,2075,6,0
5620,68.1,43.4,2259,84,2063,30,3324,6,1
5621,58.1,49.74,782,41,936,32,1260,6,1
5622,44.4,51.22,2187,95,2354,27,1982,11,0
5623,24.5,51.64,2418,40,935,44,1336,10,1
5624,29.4,52.81,658,98,3095,76,3769,12,0
5625,49,48.16,2170,67,3056,36,4847,14,0
5626,41.1,45.82,1384,47,3143,25,1358,5,1
5627,26.9,45.65,1649,89,1159,42,2075,8,1
5628,32.6,51.07,1747,77,1382,30,657,4,0
5629,39.7,53.03,1790,75,2923,79,2261,11,0
5630,32.8,42.85,2776,55,1361,77,3797,9,1
5631,51.9,45.92,1023,93,1567,23,2347,1,0
5632,61.8,43.89,1640,41,921,46,1250,13,1
5633,23.5,46.07,2297,63,2882,48,1279,6,0
5634,53,42.12,2408,63,2818,70,1187,6,1
5635,24.9,45.42,797,40,3426,59,4078,7,1
5636,30.9,51.22,1079,58,1097,79,4485,14,1
5637,28.4,43.03,2255,74,1883,30,4027,8,1
5638,64.7,53.9,540,79,810,49,1230,11,1
5639,56.3,52.55,1454,40,2796,51,1535,10,1
5640,25.8,53.17,2582,40,2790,62,469,15,1
5641,26,46.97,1316,87,1081,43,1106,5,1
5642,27.7,44.78,2431,56,2166,70,426,1,1
5643,39.7,46.68,2416,73,3476,31,4792,11,0
5644,48.4,44.24,700,96,1342,52,4833,11,1
5645,63.9,47.41,503,85,1524,33,1480,9,1
5646,48,45.03,2409,64,2252,27,3791,9,0
5647,65.5,47.16,552,97,1339,91,4337,12,1
5648,55.7,48.6,691,67,1924,58,804,6,1
5649,28.7,53.62,2895,72,807,52,3935,13,1
5650,43.7,49.06,698,97,1970,56,2933,3,0
5651,68.3,47.69,923,46,2713,36,152,3,1
5652,40,50.71,644,41,989,91,1352,7,1
5653,22.4,42.26,1549,87,2656,65,252,1,1
5654,20.4,50.52,2887,82,2266,73,952,4,0
5655,32.1,50.94,2744,71,3183,40,1116,6,0
5656,44.8,48.84,2016,51,3249,74,1868,14,1
5657,49.1,46.81,1061,59,1471,46,463,6,0
5658,57.9,53.35,2664,81,1311,68,3723,14,1
5659,61,44.46,1786,51,821,79,4226,10,1
5660,64.8,44.01,2901,73,969,34,2129,8,1
5661,24.3,43.82,1178,41,1571,23,2613,9,1
5662,66.8,53.3,2122,43,1792,41,3859,6,1
5663,69.4,42.79,958,62,1681,78,1525,11,1
5664,51.9,44.76,2690,66,1724,51,1532,4,1
5665,68.9,53.1,1267,85,2260,69,1141,15,1
5666,63.1,48.95,2452,99,2046,40,260,3,1
5667,65.1,51.94,2996,93,1582,61,649,11,1
5668,20.1,50.13,2250,79,1464,59,4067,8,0
5669,52.5,53.45,1331,62,987,20,1777,12,1
5670,37.6,48.83,2038,62,1217,95,1538,12,0
5671,44.3,43.23,2642,79,2876,58,3010,8,1
5672,53.8,52.07,550,40,1990,72,433,9,1
5673,53.8,50.64,2731,97,2595,60,4593,8,0
5674,29.1,53.52,698,47,2839,92,121,5,1
5675,22.4,47.24,2879,79,3403,75,531,15,0
5676,51.9,48.49,2709,57,2827,51,3797,8,0
5677,21.9,47.35,2796,91,2043,51,4778,5,0
5678,66.2,51.09,1693,93,2538,89,217,3,1
5679,42,43.86,1558,67,925,67,4734,7,1
5680,43.1,42.95,2456,90,1508,33,3141,4,1
5681,64.3,48.28,897,58,1954,41,695,2,1
5682,30.8,48,1992,50,1236,66,4574,8,1
5683,23.8,53.57,1847,68,2942,44,2355,4,0
5684,47.3,44.92,2587,97,1772,83,2129,7,1
5685,22.5,51.93,2944,76,1716,26,223,5,0
5686,47.8,51.77,733,90,1033,76,1168,5,1
5687,69.7,48.54,1033,83,1810,89,757,1,1
5688,62.7,49.17,2629,72,2036,61,970,15,1
5689,54.7,43.22,1888,49,3415,76,4637,6,1
5690,27.2,42.71,1227,78,3408,48,922,1,1
5691,69,53.56,1111,60,1394,21,3299,8,1
5692,44.8,53.91,1495,48,1269,69,1671,2,1
5693,48.9,50.57,2878,90,1215,44,1531,14,0
5694,21.7,46.46,1437,42,2562,39,3240,12,1
5695,37.6,43.12,1958,85,957,31,508,15,1
5696,22.7,50.44,1173,93,3187,41,1800,11,0
5697,41.3,53.79,2866,80,3316,49,156,12,0
5698,35.3,45.44,2355,79,3379,20,4161,4,0
5699,69.8,50.03,1127,51,2662,20,3053,14,1
5700,53.8,44.37,2352,43,1697,48,3134,5,1
5701,36.6,45.33,836,54,1108,84,1234,10,1
5702,29.1,52.37,2273,92,2339,36,957,3,0
5703,45.2,51.2,2904,81,1823,72,1353,9,0
5704,56.2,49.5,919,67,3399,92,4595,5,1
5705,62.5,46.37,1345,54,942,47,2511,6,1
5706,26.6,43.16,2870,48,1096,85,3764,5,1
5707,30.9,47.25,2758,46,3434,75,1591,10,1
5708,61.2,42.15,961,93,3251,44,2783,13,1
5709,32.2,43.2,529,75,1553,65,1936,11,1
5710,49.4,45.92,2458,90,1024,86,4588,4,1
5711,52.3,47.06,1914,100,1460,25,536,4,0
5712,31.1,52.76,2679,51,2488,52,1164,2,1
5713,57.7,53.54,1393,54,979,22,4401,11,1
5714,57.6,51.17,701,52,1324,50,2667,14,1
5715,45,43.6,2612,57,1885,35,4139,10,1
5716,65.8,47.22,2362,89,2435,38,2213,11,1
5717,34.6,47.11,1621,92,2256,39,3463,1,0
5718,33.8,50.67,2319,60,3338,77,890,1,0
5719,59.1,53.78,2100,93,1074,67,255,3,1
5720,38.4,51.84,1939,76,1164,35,4916,3,1
5721,56.1,48.05,1233,77,1979,74,2403,12,1
5722,45.2,47.03,2511,100,3073,46,4821,4,0
5723,56.4,43.28,2506,72,967,76,1240,10,1
5724,34.3,46.07,783,94,2652,28,4429,2,0
5725,24.6,49.08,615,53,2915,63,3003,14,1
5726,35.3,43.78,2325,96,1228,80,2481,15,1
5727,50.9,50.99,1297,80,822,26,2156,7,1
5728,66.6,50.41,1766,90,1421,38,829,14,1
5729,29.4,51.9,1974,74,1522,86,4059,11,0
5730,63.8,47.39,2062,88,2192,59,2872,14,1
5731,51.9,49.17,2108,61,1749,68,1767,2,0
5732,21.8,44.8,1217,61,2515,68,286,12,1
5733,57.5,53.29,2402,76,2759,70,1890,11,1
5734,32.3,47.76,2008,96,1715,92,2390,6,0
5735,58.1,52.1,661,88,2869,71,3671,2,1
5736,54.5,49.82,2458,53,2151,95,4374,10,1
5737,40.4,43.6,2573,89,2758,38,350,13,1
5738,51.5,47.45,1718,62,2534,20,4944,5,0
5739,31,46.17,699,58,3024,22,1320,5,0
5740,40.7,47.29,1136,50,983,23,1080,1,1
5741,47,48.78,2119,70,3309,88,4271,7,0
5742,50.5,48.24,830,89,3089,92,3745,14,0
5743,24.7,51.73,2131,98,2003,54,636,14,0
5744,39.6,42.52,2148,81,1728,84,1483,11,1
5745,50.9,53.61,1819,80,2149,30,1115,3,0
5746,35.5,46.17,713,45,1344,47,2946,7,1
5747,62.5,44.64,837,87,2697,93,3667,14,1
5748,24.4,53.65,2622,81,3144,89,1084,10,0
5749,32.4,46.59,1176,40,1119,31,218,8,1
5750,34.6,52.17,1263,95,2998,48,1277,15,0
5751,25.6,48.9,1542,70,2356,57,2056,11,0
5752,59.5,48.67,1597,86,2656,59,425,7,1
5753,56.7,46.64,1771,61,1281,58,799,9,1
5754,69.7,42.07,2627,86,1108,63,1245,9,1
5755,36.9,43.91,631,91,977,46,3762,3,1
5756,65.4,48.72,743,91,1173,34,3640,5,1
5757,33.7,50.03,1601,53,2806,24,4081,6,1
5758,51.3,52.72,2163,41,2649,81,3694,4,1
5759,59.3,46.77,1457,60,1689,80,4114,12,1
5760,40.8,49.08,568,85,2616,43,1469,9,0
5761,66.8,42.86,1604,84,3009,89,2940,12,1
5762,68.2,49.69,543,84,1065,36,2443,4,1
5763,66.9,45.1,535,100,2221,37,2173,12,1
5764,47.2,48.31,1564,94,2854,45,2417,6,0
5765,38.5,51.6,1787,51,1181,79,221,10,1
5766,66.4,52.42,2897,78,1553,21,2367,13,1
5767,29.1,52.65,2917,67,2544,48,1816,3,0
5768,62.5,43.09,2696,53,1152,27,4761,2,1
5769,24.7,47.63,1410,81,1505,65,933,2,0
5770,41.6,42.91,1094,83,1496,23,1494,7,1
5771,59,48.47,892,48,838,47,220,10,1
5772,67.9,43.13,791,98,1945,20,1031,3,1
5773,41.4,45.87,806,55,3396,81,199,8,0
5774,56.5,42.96,1431,54,2443,60,3384,1,1
5775,39.4,48.06,1669,60,1684,32,2124,9,0
5776,67.9,45.21,654,71,1635,86,1661,11,1
5777,38.6,46.27,1541,72,2689,89,3335,1,0
5778,48.4,45.43,1798,53,1765,76,1352,14,1
5779,48.9,43.41,2198,78,2392,43,413,1,1
5780,44.9,47.2,1888,49,2406,91,3439,10,1
5781,61.1,47.45,2873,97,3096,95,3662,12,1
5782,52.1,52.89,662,78,3492,25,2743,1,0
5783,56.4,52.26,978,93,3385,56,2138,6,1
5784,53.4,46.95,2399,91,2529,25,1264,5,0
5785,24.2,53.9,1321,93,1290,87,4761,11,0
5786,45.4,43.29,1260,41,2120,81,2745,7,1
5787,54.8,47.88,2726,58,2572,33,2702,1,0
5788,23.9,49.3,1482,66,1007,21,1619,13,1
5789,65,46.32,1135,90,3357,46,4059,10,1
5790,47.3,52.21,812,75,1758,52,1617,15,0
5791,44.1,49.47,2398,56,3185,83,3166,11,0
5792,39,42.94,2105,80,2432,47,2177,12,1
5793,42.2,44.03,1396,81,2655,42,632,3,1
5794,29.3,47.56,599,46,2684,86,1070,7,1
5795,50.1,51.17,1079,42,3343,38,4940,11,1
5796,46.8,43.15,1207,48,2040,63,901,11,1
5797,41.5,48.07,641,82,834,70,2484,14,1
5798,59.7,47.93,1392,72,2638,32,264,13,1
5799,22.6,47.41,1442,52,1628,27,2407,2,1
5800,67.5,46.74,953,90,2132,37,4410,14,1
5801,45.3,48.04,2974,48,1764,49,3328,6,1
5802,46.5,42.91,1020,71,3386,81,4093,9,1
5803,26.4,48.58,566,69,1496,63,2644,10,0
5804,46.8,43.76,1302,89,881,26,4324,8,1
5805,40.1,43.66,2295,98,1923,78,1631,15,1
5806,58.6,50.35,2616,95,1617,90,4177,13,1
5807,67.4,48.22,2131,57,1014,51,3963,3,1
5808,59.1,53.44,2515,86,2585,61,4792,4,1
5809,54.2,49.23,881,95,2492,77,3398,15,0
5810,30.7,48.04,1135,87,2433,62,2353,3,0
5811,48.7,45.43,1997,56,1991,85,3958,10,0
5812,66.2,52.06,553,58,3004,29,2467,2,1
5813,56.6,42.33,2222,99,2272,53,3953,6,1
5814,34.8,44.6,1536,93,1575,38,883,15,1
5815,43.4,50.59,647,49,2829,72,803,14,1
5816,26.7,46.57,935,84,921,31,4187,6,1
5817,53.3,47.6,1658,52,1779,71,2955,13,1
5818,26.7,52.29,1842,99,2776,83,1446,9,0
5819,44.8,49.79,1733,44,3294,94,4815,11,1
5820,36.3,53.37,1750,85,1492,60,3115,10,0
5821,32.8,50.81,2353,72,1151,47,3946,12,1
5822,69.1,45.12,2179,40,1666,43,2246,5,1
5823,45.7,53.38,2642,46,1650,79,3176,11,1
5824,39.1,42.32,1126,77,2009,64,1019,4,1
5825,42.7,52.89,2944,63,941,76,1843,3,1
5826,60.8,53.83,847,96,3185,90,4847,11,1
5827,39.6,42.55,2483,74,1317,52,3113,11,1
5828,49.4,45.88,1816,86,2263,74,2308,3,0
5829,63.6,47.96,1862,52,1738,87,4111,4,1
5830,43.3,47.75,1288,95,1602,43,4545,6,0
5831,26.4,50.66,2073,84,1841,70,2034,12,0
5832,31.6,43.56,1292,76,1335,64,3186,1,1
5833,68.4,50.03,2020,50,2021,44,1516,12,1
5834,57.7,53.84,1028,59,1025,43,1847,15,1
5835,20,50.45,2248,86,1086,76,747,11,1
5836,35.6,45.66,790,48,2409,54,1875,8,1
5837,23,50.16,2405,77,2790,87,1821,15,0
5838,22.4,44.91,1996,84,1555,22,2047,3,1
5839,48.4,51.01,1832,57,3278,39,440,13,0
5840,33.3,50.53,1885,42,2322,52,1900,1,1
5841,33.4,42.62,1077,99,982,78,1290,5,1
5842,58.6,52.8,1647,75,1613,69,242,2,1
5843,47.8,48.27,1620,62,1166,79,4520,12,1
5844,37,52.48,960,97,2414,72,2742,15,0
5845,31.8,52.18,875,77,3387,31,4755,5,0
5846,43.8,53.09,2677,60,2575,51,1879,2,0
5847,22.4,53.8,836,70,1304,70,3825,3,0
5848,50.6,51.46,738,50,2738,71,1189,8,1
5849,45.6,44.2,1949,99,2524,23,2992,1,1
5850,36,50.05,1853,95,1004,70,3617,13,1
5851,41.1,44.96,1351,50,2518,35,202,3,1
5852,24.9,48.94,2462,54,1850,32,1122,14,1
5853,42.1,44.72,1320,84,1783,60,3488,9,1
5854,66.8,46.16,2620,88,919,51,3457,4,1
5855,43.8,52.68,1269,87,3064,53,688,13,0
5856,60.4,46.97,1761,59,1491,51,1554,4,1
5857,40,49.7,2057,58,2601,32,392,3,0
5858,26.1,42.87,2135,74,2389,29,4220,5,1
5859,45.5,43.19,1537,44,2801,50,260,9,1
5860,31.4,48.96,2584,78,2668,79,4820,8,0
5861,30.2,43.85,506,75,2596,92,1759,3,1
5862,69.8,46.14,1941,86,1632,90,4068,11,1
5863,46.5,47.26,1082,94,2198,30,661,6,0
5864,39.8,47.04,2899,54,2930,47,273,5,1
5865,46.4,51.58,1247,63,1260,38,112,10,0
5866,37.4,42.43,1825,60,2047,77,2873,9,1
5867,57.1,46.29,2493,90,1235,74,4695,11,1
5868,34.6,45.96,1222,94,2985,61,3041,11,0
5869,22.7,48.29,2150,72,3038,39,1712,12,0
5870,29.7,49.33,2663,89,2192,67,916,1,0
5871,48,51.62,2465,94,3096,41,1759,6,0
5872,30,43.52,2087,75,2129,93,2086,9,1
5873,47.1,52.64,1642,67,2558,41,791,8,0
5874,52.3,43.34,1573,66,866,73,168,13,1
5875,38.6,49.24,2240,60,1493,29,2914,15,0
5876,40.9,45.32,625,54,2631,86,1621,15,1
5877,46.7,48.45,522,71,2520,85,939,13,0
5878,63.4,42.06,917,98,1825,20,1593,12,1
5879,65.6,48.91,1118,88,1928,73,3140,8,1
5880,46.9,52.96,2548,54,2706,65,1087,8,1
5881,36.9,49.95,1458,46,2513,82,2892,3,1
5882,62.8,52.4,2343,71,3151,41,1076,15,1
5883,29.6,44.11,2532,89,899,71,4410,6,1
5884,38.8,46.68,1656,48,3108,69,2141,4,1
5885,40.5,44.22,1092,95,2562,50,2129,8,1
5886,36.4,53.94,2834,87,2163,91,2373,6,0
5887,57,51.41,1580,99,1299,40,4173,5,1
5888,58.3,47.88,1503,92,2331,92,1459,13,1
5889,58.1,47.76,2923,69,2505,47,3452,4,1
5890,42.8,42.86,2464,45,1598,66,621,12,1
5891,40.5,50.84,645,43,1846,50,3830,2,1
5892,53.1,47.59,661,83,1665,44,1378,11,0
5893,69.8,47.14,1020,73,2442,69,2770,9,1
5894,63,45.11,1808,80,1723,28,2817,8,1
5895,23.6,42.83,1643,93,944,38,307,13,1
5896,23.4,48.07,1491,90,982,34,2329,11,1
5897,31,47.47,1872,99,2444,95,3410,2,0
5898,39.9,46.53,2110,85,2814,38,2765,13,0
5899,27.7,46.27,907,85,1258,65,3668,4,0
5900,60.3,49.97,2330,69,2218,52,3315,7,1
5901,68.6,48.55,2174,52,1180,61,3000,3,1
5902,57.4,48.74,998,75,1162,82,3777,13,1
5903,69.2,46.99,2858,47,1347,69,764,1,1
5904,58.2,51.12,2992,71,2900,91,4993,2,1
5905,48.4,52.88,1607,63,3229,22,4482,6,0
5906,60.6,47.64,1051,100,2859,73,4927,10,1
5907,25.5,49.51,2102,66,3070,29,1749,12,0
5908,68.4,42.16,1293,80,3265,62,3293,13,1
5909,27.3,47.92,563,66,3286,39,521,8,0
5910,58.5,46.86,2543,63,2412,28,220,2,1
5911,22.1,49.12,1607,90,1030,94,748,1,1
5912,52.9,50.49,2260,50,3419,86,1195,14,1
5913,61.5,51.79,1470,79,2461,85,3181,5,1
5914,56.4,46.93,1014,91,2759,32,3174,1,1
5915,37.1,47.04,1075,67,1429,45,1276,7,0
5916,57.6,46.67,1667,65,2207,38,3875,2,1
5917,34.2,47.53,2409,80,1984,38,4809,6,0
5918,47.3,46.92,1336,53,970,73,1713,1,1
5919,51.2,47.22,1296,48,3474,25,3317,10,1
5920,32.2,53.2,1589,74,1000,91,249,10,1
5921,64.8,42.44,1505,44,2701,44,4853,6,1
5922,54.5,44.23,1781,67,2889,72,4652,14,1
5923,41.6,45.76,2015,83,2386,21,998,10,0
5924,32.4,47.07,2973,93,2966,47,4803,14,0
5925,69.4,44.94,2614,87,2721,54,3380,5,1
5926,48.8,44.81,2217,43,2100,85,2587,2,1
5927,69.4,53.63,2460,83,1991,43,2898,13,1
5928,40.4,50.34,1201,93,3043,69,2377,5,0
5929,30.7,53.03,2035,92,3012,58,1886,7,0
5930,32.7,53.29,955,90,3293,79,3215,2,0
5931,48.3,52.39,2066,71,1797,37,2895,5,0
5932,20.4,53.27,1032,65,2436,53,4981,4,0
5933,21.6,45.36,2217,70,1139,22,2503,6,1
5934,31.8,44.96,963,99,3171,53,3665,8,1
5935,37.9,45.33,2207,43,3133,88,3195,9,1
5936,26,48.36,2921,97,1431,81,882,7,0
5937,28.8,43.63,690,89,2163,28,1555,11,1
5938,28.2,42.64,2366,43,2688,26,2893,3,1
5939,59.6,44.06,1486,85,2756,33,2059,12,1
5940,59.2,43.23,757,50,3063,62,780,8,1
5941,52.4,52.73,509,67,1049,42,2893,11,1
5942,36.1,52.95,2494,56,1537,75,1078,15,0
5943,53.2,44.82,959,71,2576,29,4690,6,1
5944,34.8,44.24,2552,75,3157,88,2784,4,1
5945,53.3,49.61,2332,65,1063,81,493,13,1
5946,58.4,45.21,2925,50,2746,49,1224,5,1
5947,44,43.98,855,73,930,86,4316,5,1
5948,48.9,51.96,2028,96,2613,39,4909,6,0
5949,23.5,48.18,2910,91,1776,78,2842,1,0
5950,34.9,47.55,727,66,1388,64,1491,3,0
5951,28.2,42.85,1510,100,3005,82,4837,7,1
5952,59.4,51.77,2440,92,2746,52,959,13,1
5953,22.3,53.72,582,93,1066,84,3256,13,1
5954,37.2,44.5,2966,85,3330,80,2319,11,1
5955,52.5,53.87,2333,70,2171,70,2532,10,0
5956,65.7,43.88,2778,71,3354,55,2362,1,1
5957,46.7,42.74,680,88,2839,67,3445,13,1
5958,56.8,53.66,1297,51,2799,88,4139,9,1
5959,52.9,43.84,1747,62,871,64,1966,11,1
5960,35.2,50.27,1794,90,1147,62,3512,11,1
5961,33.2,46.94,2082,50,1231,24,2492,6,1
5962,62.5,52.08,1679,54,2510,64,3701,7,1
5963,64.7,52.64,2240,84,2845,93,1435,11,1
5964,59.9,46.55,1224,74,2222,25,1493,15,1
5965,36.5,51.67,2745,77,3440,21,912,6,0
5966,61.8,46.81,1582,81,1227,80,260,12,1
5967,42.8,48.67,1974,60,2116,94,2807,14,0
5968,53.5,44.35,933,53,2071,63,4795,1,1
5969,60.3,50.52,1430,73,2011,79,443,14,1
5970,58.2,53.52,1188,81,1092,33,1845,7,1
5971,54.5,50.44,920,82,2913,38,4801,13,0
5972,28,47.24,693,76,2617,64,2151,13,0
5973,31.3,46.45,2160,82,992,61,2226,7,1
5974,36.7,43.24,875,86,3144,60,3910,6,1
5975,21.7,53.63,2883,50,1433,67,3424,2,1
5976,30.6,45.31,1222,99,1197,24,1036,14,1
5977,24.5,42.06,2522,41,2270,86,984,4,1
5978,50.5,53.69,662,92,1784,35,1164,5,0
5979,22.2,48.96,1724,81,1794,25,3650,11,0
5980,24.6,43.73,1632,77,2135,45,3175,2,1
5981,68.5,52.77,1263,44,2577,44,2937,2,1
5982,28,43.58,1962,48,1784,24,958,11,1
5983,62.6,52.99,2230,89,858,42,2251,9,1
5984,62.7,44.12,2358,82,1090,60,1535,10,1
5985,55.8,42.95,882,41,1922,59,3182,6,1
5986,35.2,45.53,2141,85,2707,68,926,8,0
5987,62.8,45.57,895,47,2412,35,885,6,1
5988,47.8,43.25,1822,93,1315,31,3526,6,1
5989,36.2,51.3,1761,91,840,81,3249,1,1
5990,30.1,51,1486,97,1035,23,4966,15,1
5991,40.9,42.25,947,52,1835,21,609,2,1
5992,56.9,52.35,1417,62,3328,28,3610,10,1
5993,36.8,53.76,506,91,3095,69,3006,7,0
5994,59.6,43.62,2963,91,2654,69,573,11,1
5995,64,44.36,663,53,2700,92,4797,9,1
5996,50.9,47.7,1936,57,2870,34,4262,4,0
5997,33.1,50.57,2681,92,1027,57,4185,1,1
5998,63.8,47.25,2194,40,1415,77,4322,4,1
5999,40.9,46.61,2725,97,1404,64,4313,3,0
6000,45.9,50.87,1814,68,1460,45,2940,5,0
6001,38.6,53.65,1641,79,1504,78,2460,12,0
6002,64.4,52.34,1893,44,2283,38,1196,14,1
6003,55.8,53.67,717,57,3237,91,1374,5,1
6004,33.8,42.68,2431,56,2876,59,883,5,1
6005,29.9,52.06,2459,88,1800,94,4504,8,0
6006,37.8,53.5,2748,95,1065,95,1388,15,1
6007,24,43.02,2319,60,1282,74,1664,8,1
6008,28.5,52.8,1923,59,1430,63,2906,1,0
6009,49.1,53.03,514,44,2398,65,414,15,1
6010,69.9,47.71,2233,98,2928,37,4628,12,1
6011,49.7,42.05,2670,94,2989,68,619,6,1
6012,37.3,42.17,1897,97,2369,81,3821,8,1
6013,47.3,49.91,2952,70,1337,39,4611,7,0
6014,46.9,45.91,2703,90,2706,40,816,9,0
6015,35.3,52.61,1089,100,3079,92,2302,14,0
6016,56.1,50.41,1659,48,2248,91,4397,12,1
6017,24.7,45.97,1480,71,3214,25,4215,1,0
6018,51.3,46.48,2379,68,3500,87,1508,4,0
6019,53.5,52.94,920,77,3086,23,4298,13,0
6020,37.8,51.51,2536,82,1222,70,1070,3,0
6021,66,51.26,2317,83,1978,45,3063,5,1
6022,24,49.05,1557,57,2752,66,4956,4,0
6023,43.8,42.76,1445,49,2595,80,1188,6,1
6024,50.4,53.58,2520,92,2752,80,2141,10,0
6025,54.2,49.72,2822,60,2853,72,3770,6,0
6026,56.2,45.09,528,49,2766,68,784,5,1
6027,60.3,52.29,1693,44,1175,46,4383,5,1
6028,24.3,51.26,2954,46,2503,74,1068,3,1
6029,55.6,49.03,2535,90,3000,65,3187,7,1
6030,61.3,51.45,1322,47,2499,61,1862,5,1
6031,69.6,46.24,1895,93,1496,35,1330,11,1
6032,44.1,47.07,1614,44,2276,47,1751,5,1
6033,22.5,42.57,2826,85,1399,25,4178,8,1
6034,35.8,51.85,653,100,2661,70,4089,13,0
6035,42.7,49.4,1033,56,1536,21,3715,10,0
6036,52,50.14,2184,93,2459,84,4859,5,0
6037,49.7,53.51,2577,51,2754,88,1327,11,1
6038,54.7,53.02,2017,56,3326,72,1139,12,0
6039,34,53,2095,41,3311,93,3338,15,1
6040,69.3,44.95,1181,82,1599,22,1514,7,1
6041,54.8,43.58,1546,54,1168,36,3043,12,1
6042,43.6,46.87,2424,73,1252,69,672,1,0
6043,49.5,43.33,2822,66,2229,42,1206,12,1
6044,21,47.05,800,47,1116,85,3752,1,1
6045,61,52.99,2007,97,1655,23,881,11,1
6046,42.9,45.05,1505,41,2128,29,4390,4,1
6047,56,42.58,754,53,1544,86,1320,10,1
6048,47.2,43.4,2182,49,3424,90,2058,5,1
6049,64.8,47.59,1135,81,3183,95,1157,7,1
6050,34.7,52.87,2592,74,3098,54,955,3,0
6051,22.8,53.79,2535,93,2977,34,1672,10,0
6052,54.4,48.94,672,82,3104,59,3397,12,0
6053,63.1,46.51,2829,73,2270,62,1074,2,1
6054,32.8,45.92,629,78,2390,24,518,6,0
6055,28,51.7,661,47,2990,85,835,3,1
6056,53.2,44.32,2780,69,1486,94,1449,8,1
6057,29.4,51.31,1483,92,1782,88,705,4,0
6058,59.2,51.06,1065,46,3090,88,222,2,1
6059,38.1,50.17,2461,41,2295,84,3606,11,1
6060,34.5,47.39,2034,61,2037,34,4701,10,0
6061,46.5,43.21,2996,52,1088,32,2007,10,1
6062,55.3,52.06,1070,85,2964,64,436,9,1
6063,58.7,53.21,2335,48,2118,91,205,6,1
6064,30.4,49.38,1289,57,3454,32,2653,3,0
6065,58,44.46,660,82,1621,32,1969,14,1
6066,44.4,45.08,1075,77,2530,44,4366,11,0
6067,63.8,43.41,1329,94,1377,71,4066,11,1
6068,37.1,49.59,1789,74,3265,74,4201,1,0
6069,21.4,48.78,1776,80,1492,84,2097,1,0
6070,56.4,45,1914,87,1162,52,581,2,1
6071,26.6,47.01,1742,63,1744,56,3455,1,0
6072,55.4,46.27,1666,50,1343,55,3796,4,1
6073,59.7,45.7,1438,55,1375,28,769,1,1
6074,39.6,53.28,1951,52,2497,75,327,7,1
6075,39.9,53.08,1389,72,2938,45,1629,2,0
6076,68,51.18,1367,72,1998,44,3506,1,1
6077,60.3,52.88,2760,65,2254,71,4436,4,1
6078,30.3,50.82,2308,82,3068,50,1702,12,0
6079,69.5,49.93,867,87,1401,62,3249,3,1
6080,26.4,50.31,2330,86,2064,70,3041,15,0
6081,49,46.83,640,52,1132,46,2803,6,1
6082,39.2,42.14,1047,48,2182,53,3723,12,1
6083,38.2,42.6,2212,75,3414,55,1535,12,1
6084,52,51.09,584,68,1200,26,622,2,0
6085,54.7,50.52,1456,72,1052,87,947,4,1
6086,64.5,46.34,638,98,842,46,3716,9,1
6087,64,47.07,2120,64,1698,27,3399,4,1
6088,23,52.8,1014,46,2796,28,4464,3,1
6089,40.7,47.58,742,66,1786,79,3381,12,0
6090,37.4,51.29,1170,80,3275,73,2988,14,0
6091,31.2,42.47,1576,60,2373,64,4313,2,1
6092,35.7,47.66,1309,60,1528,51,331,14,0
6093,58.3,49.31,863,79,1124,79,1549,11,1
6094,51.4,47.18,2988,96,1119,37,4651,15,1
6095,39.2,49.28,1574,58,2710,43,4449,3,0
6096,35.3,44.28,1895,62,1196,93,1866,6,1
6097,39.8,46.57,1199,59,1188,64,3050,14,1
6098,32.3,48.07,1540,79,3398,68,1658,4,0
6099,67.3,50.11,1961,93,1340,89,1098,10,1
6100,68.1,48.96,2509,74,2088,79,3223,13,1
6101,44,52.14,1710,49,2686,66,3355,10,1
6102,22,42.14,562,92,2255,87,509,6,1
6103,36.5,48.93,1388,49,1535,60,2116,2,1
6104,67,53.9,2733,56,2515,45,2463,8,1
6105,39.7,43.28,2150,47,1779,26,1206,6,1
6106,39.3,51.81,1537,75,2894,54,4342,1,0
6107,40.3,47.13,1184,73,815,39,4397,12,1
6108,48.5,46.5,1702,42,3444,82,1471,12,1
6109,57.3,43.95,2496,92,2240,28,1553,2,1
6110,42.1,48.45,1032,94,2468,37,4268,9,0
6111,55.7,47.24,1507,54,2762,75,3915,3,1
6112,52.4,43.04,1444,63,1213,48,4131,8,1
6113,50.4,49.46,1837,88,2960,37,903,2,0
6114,49.6,46.79,507,78,2107,50,2500,9,0
6115,23.7,51.69,1108,76,1811,35,2721,9,0
6116,63.8,44.72,2331,82,3197,51,543,9,1
6117,49.8,53.13,1000,71,880,27,364,4,1
6118,63.2,52.3,1012,82,2249,46,1321,10,1
6119,36.9,43.7,1774,63,3480,93,739,8,1
6120,30.9,46.47,753,55,1034,36,2397,1,1
6121,36.1,48.21,2438,66,2725,23,2748,6,0
6122,39.9,51.72,2366,41,2540,25,2776,12,1
6123,47.5,49.53,2518,65,1947,27,3418,14,0
6124,35.5,52.04,2683,81,2204,59,4953,15,0
6125,38.2,49.93,2738,62,2083,35,754,3,0
6126,49.1,47.34,2949,43,2814,32,2723,4,1
6127,62.4,45.74,1636,44,2577,34,4457,11,1
6128,26.5,45.27,2586,74,2200,39,833,3,0
6129,57.5,51.88,2000,80,2799,65,4543,13,1
6130,20.1,44.33,2535,54,1440,66,4261,12,1
6131,21,52.8,1199,91,3496,80,1960,13,0
6132,39.1,46.53,2976,84,922,82,4144,3,1
6133,33.6,44.2,1975,46,3218,20,4710,11,1
6134,68,43.55,963,59,1631,64,1550,13,1
6135,48.4,52.54,1510,49,2968,48,3632,2,1
6136,59.6,49.43,2953,56,1698,41,1070,15,1
6137,24,42.62,508,50,2656,44,1554,7,1
6138,69.4,46.11,2340,43,2840,32,1889,9,1
6139,35.4,46.05,1599,42,2856,54,1062,4,1
6140,45.9,43.56,2026,96,1731,23,4176,3,1
6141,59.7,48.4,1426,61,1603,21,3392,7,1
6142,60.6,49.99,935,90,2252,28,4064,2,1
6143,24.5,52.74,1767,62,3399,37,311,5,0
6144,39.1,50.04,731,63,3479,95,2860,4,0
6145,32,51.48,1991,82,2943,30,2791,11,0
6146,28.2,53.58,1556,44,1718,55,4327,6,1
6147,55.5,47.44,1969,65,1434,60,4457,3,1
6148,61.7,53.99,1638,67,830,91,3848,3,1
6149,53.2,49.59,2181,55,3026,39,1232,10,0
6150,69.7,48.76,1085,44,815,93,2671,3,1
6151,48,44.62,1162,49,2535,87,1048,6,1
6152,41.3,44.26,2806,64,2466,27,3774,14,1
6153,52.4,43.56,1199,61,2538,80,4363,1,1
6154,29.6,48.31,2063,86,2233,75,2219,4,0
6155,38.7,46.66,2004,81,1847,68,360,7,0
6156,37.8,47.71,2614,41,2151,58,801,3,1
6157,58.2,45.1,2475,48,2552,76,1119,13,1
6158,66.7,44.82,2979,48,2041,90,4492,3,1
6159,66.9,49.19,1381,74,1199,31,4813,7,1
6160,48.5,47.95,1496,79,2617,38,4546,14,0
6161,36,46.83,807,61,2953,95,1228,5,0
6162,29.2,42.62,2011,40,2353,49,2194,14,1
6163,59.7,46.54,2562,93,3287,20,772,7,1
6164,60,43.18,1727,75,2262,45,1788,6,1
6165,36.2,47.77,896,66,3313,31,571,13,0
6166,24.6,46.25,903,98,2190,31,1624,6,0
6167,29.7,51.63,667,98,1508,92,2433,14,0
6168,67,49.97,2402,77,1370,59,4718,14,1
6169,39.5,42.33,2472,51,1678,95,4084,7,1
6170,25.5,51.5,1976,82,3256,58,1105,13,0
6171,65.2,48.78,2502,97,1282,45,4185,6,1
6172,36.8,47.35,2358,91,2928,71,2874,15,0
6173,62.9,48.84,858,63,2784,67,3879,6,1
6174,33.2,51.93,1172,73,1273,63,1437,2,0
6175,32.8,45.49,2924,88,2340,35,1849,15,0
6176,56.3,52.52,1272,51,1202,88,2257,11,1
6177,36.4,42.04,671,56,980,31,4644,3,1
6178,43.3,51.89,2494,65,2431,93,830,12,0
6179,42.4,49.31,742,68,2453,46,3189,7,0
6180,25.4,51.12,2869,59,3499,71,1380,1,0
6181,68.3,52.99,2949,87,1456,73,4308,3,1
6182,59.8,50.75,880,48,1846,63,4998,5,1
6183,23.2,52.13,734,55,2019,28,3618,14,0
6184,64.4,51.8,1324,97,3013,37,4774,1,1
6185,21.3,45.78,1533,52,3146,25,4735,10,1
6186,39.3,43.2,2682,80,2007,21,4742,3,1
6187,33.7,50.69,2870,78,3399,36,2587,1,0
6188,52.5,49.97,2075,65,1152,25,4567,15,1
6189,64.1,43.64,2606,64,3196,76,1118,7,1
6190,36.5,46.06,1953,62,2050,61,2633,12,0
6191,50.7,49.77,719,80,3038,35,3599,6,0
6192,36.9,51.69,2900,84,3233,23,1538,7,0
6193,63,43.59,2149,71,3391,73,1807,12,1
6194,33.4,50.04,1532,73,1316,27,463,14,0
6195,42.2,53.28,1520,45,2529,94,1119,12,1
6196,28.9,44.14,1902,69,1380,33,3649,11,1
6197,30.2,53.44,977,91,2865,71,2403,7,0
6198,41.3,49.55,1648,40,1930,80,3403,4,1
6199,57,44.03,963,43,3186,87,1364,4,1
6200,48.9,52.41,1145,71,1749,70,4084,1,0
6201,56.3,42.81,2690,45,2378,58,2221,6,1
6202,43.4,49.25,1160,55,2586,68,3256,14,0
6203,56.9,46.04,1798,80,2414,91,1626,4,1
6204,33.3,47.17,900,51,1926,95,2220,14,1
6205,68.3,47.77,2345,96,3335,68,1750,4,1
6206,39.1,53.35,1722,78,1764,27,1827,13,0
6207,51,44.37,536,40,2055,25,4158,2,1
6208,46,47.61,1467,72,3210,82,1298,2,0
6209,52.6,42.09,1328,90,1624,73,2573,3,1
6210,40.9,48.85,2349,73,2855,50,4650,8,0
6211,50.6,45.57,848,76,1368,23,3152,7,0
6212,52.4,45.05,1750,92,1319,81,2117,13,0
6213,53.2,49.78,1308,58,3303,94,1946,9,0
6214,44.5,44.78,1942,95,2678,24,3785,12,1
6215,20.5,43.66,2223,68,1132,80,2601,5,1
6216,46.2,50.55,2742,40,1330,34,2060,4,1
6217,56.4,43.07,1873,72,1369,58,2140,5,1
6218,20.7,47.51,1819,75,1436,84,2284,2,0
6219,32,50.51,1102,99,929,82,4167,6,1
6220,38.5,43.24,2355,45,3037,62,3246,9,1
6221,67.2,47.09,2764,85,857,45,4900,9,1
6222,58.7,42.37,894,95,1626,24,1256,4,1
6223,62.8,53.27,2558,73,3399,50,4472,9,1
6224,46.5,50.59,2676,79,1717,95,4104,1,0
6225,62.1,46.22,1610,85,3160,52,1785,6,1
6226,54.9,49.7,710,66,1471,40,1792,5,0
6227,24.3,49.21,2921,42,1604,21,4405,4,1
6228,62.2,46.9,2938,98,2896,50,3677,7,1
6229,22.1,52.71,717,86,3220,26,3933,15,0
6230,32.2,48.19,2724,60,1609,72,4235,6,0
6231,35.8,52.31,2819,48,2006,85,3892,11,1
6232,63.6,45.25,2077,90,1603,65,689,8,1
6233,55.8,44.3,2156,91,1281,45,4078,3,1
6234,57.8,50.3,2476,84,3448,77,4643,1,1
6235,53.1,47.16,1552,41,828,30,1054,3,1
6236,32.2,43.83,853,96,1996,81,3395,13,1
6237,23.7,53.3,1583,44,2692,33,710,1,1
6238,45.4,51.17,622,94,2366,75,2665,2,0
6239,40.5,49.06,2084,64,3291,72,3362,14,0
6240,36.1,44.96,551,70,2989,57,3835,10,1
6241,34.7,45.81,540,47,2621,21,3958,12,1
6242,61,45.13,2311,72,1053,28,2183,12,1
6243,53.2,53.47,1588,55,1619,90,4904,12,0
6244,35,46.34,2720,54,2563,48,1695,9,1
6245,37.5,51.41,1463,99,1678,22,3447,7,0
6246,32.3,45.78,2820,71,1668,48,200,12,0
6247,42.3,45.22,2154,46,1917,38,785,15,1
6248,57.9,46.53,978,93,861,52,213,8,1
6249,39.9,44.18,1121,44,2788,80,357,4,1
6250,40.3,48.34,1484,50,1135,31,765,9,1
6251,22.3,47.29,2919,66,1890,43,2892,11,0
6252,25.5,51.99,1913,62,2253,91,4336,3,0
6253,30.4,51.73,1384,52,2729,26,2347,6,1
6254,64.6,44.19,2728,40,1123,23,2818,3,1
6255,61.8,48.82,2292,90,1050,69,2492,8,1
6256,28.5,48.15,572,58,3358,26,679,7,0
6257,24.3,52.58,638,55,2401,51,2021,8,0
6258,43.1,45.92,824,85,2981,82,143,11,0
6259,57.5,43.5,1963,87,1338,46,3976,6,1
6260,50.8,51.34,2092,48,3037,21,1711,2,1
6261,57.6,50.29,2303,74,1620,64,1469,1,1
6262,43.7,44.32,2422,71,3218,43,1580,6,1
6263,41.2,45.22,2980,56,1972,24,4938,4,0
6264,59.1,49.37,2712,62,2913,76,500,9,1
6265,66.2,45.4,2295,87,1322,68,2685,3,1
6266,55.1,50.55,1169,86,3052,68,3393,15,1
6267,29.4,49.94,1536,95,2918,49,435,4,0
6268,61.1,45.12,1165,44,3348,80,3229,15,1
6269,23,43.87,2978,70,2599,24,1208,13,1
6270,35.4,47.32,1696,58,3102,93,4137,14,0
6271,64.8,42.07,1614,59,2331,38,2707,13,1
6272,22.8,46.06,1741,58,1762,90,4658,8,0
6273,37.7,51.23,580,49,943,34,4014,8,1
6274,29.1,46.91,1398,100,2460,31,1684,6,0
6275,30.5,53.43,2220,79,2986,65,4307,11,0
6276,48.1,47.42,1245,63,926,86,2803,15,1
6277,26.7,53.96,549,48,1574,54,3446,5,1
6278,31.1,43.47,2332,42,2249,32,4437,9,1
6279,35.5,42.9,750,60,1837,94,4940,3,1
6280,66.5,50.62,1181,86,2008,68,4452,9,1
6281,55,53.86,1664,41,1499,92,4865,13,1
6282,26.7,50.6,1999,74,2436,86,2733,6,0
6283,47.1,43.98,2101,75,2104,53,2336,12,1
6284,36.3,46.85,1477,94,1271,76,864,15,0
6285,63.5,43.19,1849,71,1890,24,846,14,1
6286,23.6,42.29,931,41,1632,57,183,2,1
6287,58.3,44.98,1482,70,1538,47,1932,8,1
6288,50.7,45.25,1533,51,2369,67,2490,2,1
6289,43,51.76,2707,74,3316,37,312,12,0
6290,65.9,45.18,540,70,2453,37,3655,2,1
6291,24.6,46.47,2073,93,2114,60,4626,1,0
6292,60.3,47.17,2147,97,1097,79,1369,3,1
6293,37.6,48.02,1795,53,2574,62,714,6,1
6294,22.6,46.86,2388,50,1914,86,1459,8,1
6295,55,50.42,652,40,805,57,3444,15,1
6296,23.6,45.65,1396,44,1206,64,2539,14,1
6297,25.5,43.62,2352,76,3496,40,2315,11,1
6298,51.8,44.5,1119,54,3151,45,3419,6,1
6299,35,45.06,1896,45,1309,85,607,13,1
6300,37.9,43.17,1154,97,2278,89,2195,6,1
6301,36.9,44.95,1448,88,992,34,4301,15,1
6302,47.8,42.46,2852,70,1377,61,4596,13,1
6303,50.2,52.82,1608,48,903,59,4258,6,1
6304,37.3,43.59,1218,90,1083,36,1497,1,1
6305,56,50.45,1431,45,3080,93,4141,4,1
6306,23.1,49.34,2651,74,3358,70,4270,15,0
6307,31.5,53.59,2290,51,1839,48,4470,12,1
6308,67.9,51.07,2199,94,2534,47,1487,9,1
6309,28.8,46.04,1511,51,3476,84,626,8,1
6310,54.6,47.02,2075,59,2066,26,1272,4,0
6311,58,45.5,714,87,3402,73,583,4,1
6312,69.6,42.19,1652,51,3288,25,439,6,1
6313,40.3,52.24,2784,62,2336,25,1966,4,0
6314,35.8,45.65,585,44,1704,41,1086,1,1
6315,25.5,52.68,2695,46,1889,64,2782,2,1
6316,22.7,42.86,709,88,3388,73,1460,15,1
6317,34,45.29,2901,64,1724,90,3010,4,0
6318,50.3,48.2,679,95,2351,32,4561,2,0
6319,25.2,48.69,725,53,3180,54,2167,12,1
6320,31.2,42.67,1742,53,1270,90,388,15,1
6321,21.7,53.99,1228,41,2086,23,1364,4,1
6322,66.8,42.88,2501,64,2150,67,1937,2,1
6323,68.7,47.78,745,44,3238,29,3437,5,1
6324,61.7,44.39,1698,83,1799,84,3774,1,1
6325,45,48.99,925,41,1319,80,4924,7,1
6326,52.8,51.46,1762,76,2048,34,3609,1,0
6327,58.6,45.13,2721,40,918,37,2507,1,1
6328,46.2,49.88,2642,73,1346,40,819,11,0
6329,25.4,43.48,1199,49,3413,44,1868,12,1
6330,31.5,51.97,1760,45,3090,58,2319,10,1
6331,60,43.5,593,98,1595,45,599,12,1
6332,67.9,48.95,821,84,2582,91,863,12,1
6333,68.5,51.35,1267,54,2858,49,3444,7,1
6334,61.6,47.79,2599,76,924,88,4688,7,1
6335,25.3,47.17,1144,94,2059,58,1097,11,0
6336,30.5,46.8,2607,84,3422,22,1031,8,0
6337,59.6,43.59,2798,87,2148,48,3152,6,1
6338,58.4,44.58,661,100,959,43,2965,8,1
6339,52.4,50.44,1876,55,2325,31,4148,11,0
6340,56,46.75,1201,100,3432,91,1239,14,1
6341,38.3,44.26,519,96,3131,87,119,13,1
6342,48.1,42.83,1157,48,3478,45,2152,5,1
6343,66.1,44.55,2877,62,3473,81,4541,3,1
6344,23.6,48.68,766,51,3062,90,4332,2,1
6345,65,50.65,2524,45,3128,34,1366,6,1
6346,43.7,42.08,2486,95,1751,55,562,15,1
6347,66.2,45.11,2708,43,1659,21,3240,13,1
6348,63.4,53.5,2447,69,2315,44,1248,1,1
6349,55.8,44.32,2703,51,1203,43,4499,1,1
6350,42.6,48.01,1660,91,3105,74,3543,4,0
6351,67.2,50.97,1957,81,3239,80,2019,7,1
6352,26.6,50.17,1289,90,2555,32,2487,8,0
6353,68.5,51.06,1355,87,1673,73,2268,14,1
6354,27.5,45.46,584,98,2064,59,2472,11,0
6355,29.9,43.49,1002,72,984,92,2274,12,1
6356,52.5,51.71,2793,54,2064,54,352,8,1
6357,29,42.76,633,59,3476,60,3612,6,1
6358,67.3,51.32,1056,73,3306,25,4833,10,1
6359,59.6,50.01,1037,51,1902,32,1184,13,1
6360,42.9,45.2,651,78,2982,95,3217,8,0
6361,64.6,44.31,1053,99,2422,30,220,12,1
6362,48,53.48,1526,59,2379,45,3752,5,0
6363,47.1,46.61,1737,97,1660,24,3840,4,0
6364,26.4,53.23,2621,78,2376,36,2650,2,0
6365,29.2,52.23,1712,97,1510,31,1950,8,0
6366,40.7,44.44,1315,51,2980,54,1054,3,1
6367,60.8,52.41,977,89,856,88,537,12,1
6368,65.6,51.12,2446,70,3204,70,4699,7,1
6369,66.6,43.79,1691,67,3194,88,1435,10,1
6370,24.5,50.29,2334,69,2078,84,4875,11,0
6371,23.5,52.33,1947,93,2611,44,2714,9,0
6372,20.7,44.35,2117,95,1780,84,1273,2,1
6373,24.6,48.73,2992,51,2831,76,999,10,1
6374,27.7,50.42,743,70,3127,44,2893,13,0
6375,68.1,47.76,1507,86,1535,33,2560,5,1
6376,30.9,42.38,1285,99,2195,53,2363,13,1
6377,53.6,48.58,962,58,3372,75,1203,5,0
6378,34,50.22,2815,68,2139,41,2637,1,0
6379,53.9,47.67,1910,94,993,21,1108,13,1
6380,63.7,51.24,2143,97,1700,80,3723,4,1
6381,20.2,47.41,1199,68,862,71,1940,12,1
6382,57.3,45.21,2529,60,2967,81,2721,12,1
6383,22.2,53.36,2090,76,3281,34,2688,15,0
6384,21.3,44.17,845,51,3459,32,4660,12,1
6385,29.4,44.88,2010,85,2003,92,964,5,1
6386,20.7,53.43,2003,58,3124,37,662,13,0
6387,36.6,47.73,1355,77,2679,85,2296,6,0
6388,32.7,43.5,2763,54,1970,39,1520,8,1
6389,46.6,53.7,2437,92,922,59,3930,4,1
6390,59.9,52.73,639,98,2354,63,4208,13,1
6391,32.9,43.3,1779,48,1632,62,1888,8,1
6392,23,43.97,2063,61,2950,48,1252,10,1
6393,60.1,47.13,2424,97,2290,22,3110,12,1
6394,36.8,47.65,1677,56,2045,41,2946,13,0
6395,24.7,47.04,1634,60,1451,62,785,12,0
6396,37.9,51.47,1702,55,1964,38,2834,5,0
6397,36.8,50.13,1966,41,1371,64,1915,1,1
6398,40.1,43.48,1117,46,3384,66,3573,4,1
6399,66.6,47.33,2024,91,2382,44,3191,8,1
6400,62,47.39,545,99,1587,89,4005,15,1
6401,41,47.56,996,98,3471,53,4499,14,0
6402,50.3,47.63,2676,70,2252,86,2083,8,0
6403,43.3,53.48,2682,58,2575,33,1083,7,0
6404,33.6,52.29,2985,86,2763,46,634,8,0
6405,40.3,50.64,2632,60,1999,82,505,12,0
6406,68.9,50.77,2971,77,3263,22,1244,4,1
6407,49.7,47.69,2282,54,2919,69,4143,4,1
6408,63.2,43.96,2158,58,1876,33,1019,1,1
6409,42.1,51.51,2796,83,2262,60,4967,15,0
6410,47.3,45.18,2969,66,1020,70,2129,11,1
6411,35.9,48.45,2114,71,2976,67,3907,12,0
6412,23.2,44.3,644,83,1415,31,4281,10,1
6413,21.2,49.91,1455,43,963,88,3215,4,1
6414,46.2,51.22,834,66,3028,69,499,8,0
6415,39.5,44.42,1435,53,1684,29,1887,6,1
6416,43.8,45.55,1295,77,2341,37,3187,1,0
6417,49.9,45.1,1924,74,1976,35,398,12,0
6418,57.5,44.84,922,89,3027,72,3043,13,1
6419,44.6,43.26,2513,93,3013,82,3236,1,1
6420,65.6,49.94,1773,40,2842,50,3781,10,1
6421,63.1,48.04,755,80,1099,38,3602,5,1
6422,25.5,45.28,1008,93,2394,58,440,12,0
6423,42.4,45.96,2783,71,2229,75,3733,9,0
6424,60,47.44,568,80,1262,58,1145,2,1
6425,69.1,52.64,2430,93,2371,29,4664,12,1
6426,50.3,44.32,1508,82,2441,72,3854,1,1
6427,45.4,50.93,1797,89,2438,52,386,10,0
6428,59.7,50.28,571,67,1461,75,2497,14,1
6429,35.3,44.32,1991,75,1329,41,307,6,1
6430,31.4,52.46,1075,73,1882,86,2819,8,0
6431,51.1,46.43,1069,73,1162,88,2467,2,1
6432,60.6,49.03,2178,77,3231,85,1494,8,1
6433,32,47.67,1633,49,3052,30,4707,13,1
6434,68.3,47.83,1700,41,1404,53,3625,2,1
6435,24.5,48.91,2781,91,3357,48,3359,15,0
6436,48.9,42.22,2070,45,2707,41,1368,6,1
6437,26.8,46.48,2129,81,2173,79,4014,11,0
6438,60.4,44.96,2294,79,1919,95,3566,3,1
6439,22.4,45.24,1815,50,2349,75,3689,13,1
6440,49.9,50.06,981,70,1161,91,1337,5,1
6441,45.6,46.77,1688,93,3445,93,4921,10,0
6442,44.1,45.81,2018,84,960,94,2566,11,1
6443,21,43.08,621,69,3022,91,1363,6,1
6444,26.4,53.56,1360,50,1374,20,1851,9,1
6445,50,49.08,1246,44,1445,91,3809,2,1
6446,33.3,45.97,1220,87,828,29,1358,6,1
6447,67.9,42.78,2654,59,1405,36,1201,9,1
6448,40.8,51.78,1720,49,1037,25,202,1,1
6449,52.8,50.85,1036,72,1739,85,3493,9,0
6450,58.1,52.53,1467,66,3035,69,2274,11,1
6451,45.9,45.98,2245,94,2262,89,2577,5,0
6452,49.5,46.17,1145,41,1718,54,792,12,1
6453,31,49.83,1903,58,2088,94,3727,10,0
6454,31.4,51.3,505,73,2499,41,543,6,0
6455,26.8,48.07,2554,75,2144,50,779,6,0
6456,47,50.93,2434,49,1666,43,4058,14,1
6457,29.5,50.01,2310,42,2930,95,4537,8,1
6458,23.6,42.17,1188,62,1692,20,1596,6,1
6459,21.1,46.7,874,44,1596,25,1675,5,1
6460,24.8,48.81,1493,86,2869,91,1514,11,0
6461,28.7,48.39,2107,53,2386,39,3600,2,1
6462,48.4,47.31,953,77,1199,82,3315,8,1
6463,68.9,51.21,1748,78,1524,53,3759,14,1
6464,63.1,50.37,1536,48,2544,41,4741,10,1
6465,41.2,47.64,866,87,3300,38,4664,1,0
6466,60.8,52.46,1663,40,1337,45,4413,9,1
6467,66.3,50.07,2228,99,3159,25,926,1,1
6468,41.5,42.39,1266,40,2515,22,1020,4,1
6469,25.3,44.59,1236,54,2754,66,3359,12,1
6470,54.4,53.58,2009,69,2297,58,3948,7,0
6471,44.1,45.89,2408,67,3110,72,4360,15,0
6472,64.5,47.97,2788,50,2881,42,2550,1,1
6473,48.3,45.51,2192,47,3196,84,3691,2,1
6474,50.3,43.04,996,48,954,71,3104,5,1
6475,26,45.83,1929,91,1616,49,3238,5,0
6476,41.2,43.55,2973,64,1925,62,3728,2,1
6477,25.7,48.28,971,51,1836,70,104,1,1
6478,62.6,52.35,2166,64,2117,20,4071,8,1
6479,38.3,47.24,1464,99,2949,26,2548,8,0
6480,29.2,51.98,1635,42,1065,75,4731,4,1
6481,60.9,52.84,1429,72,1467,38,1507,12,1
6482,35.9,44.45,1830,95,3137,67,4825,11,1
6483,22.2,52.83,2272,49,3489,69,4770,1,1
6484,29.5,47.55,2860,50,2871,85,3101,15,1
6485,67.5,50.42,2524,73,3331,28,2171,4,1
6486,38.4,51.86,682,56,2287,52,3584,6,0
6487,65.1,44.58,1017,68,1151,80,3720,12,1
6488,34.8,44.85,1197,74,2920,55,3233,12,1
6489,57.3,51.99,1857,93,1980,84,2664,15,1
6490,64.6,50.03,1345,87,3032,45,4987,14,1
6491,28.5,51.1,2857,77,2006,37,2603,13,0
6492,58.4,53.54,1700,61,1865,51,3090,3,1
6493,42.1,51.16,507,94,1306,59,3059,15,0
6494,63.7,45.51,2812,52,1074,61,1064,11,1
6495,69.7,53.53,903,50,2350,67,4981,10,1
6496,66.6,51.78,2226,67,1334,91,418,1,1
6497,20.4,50.23,2347,53,980,27,4189,7,1
6498,25,44.36,2329,100,1376,91,2742,11,1
6499,41.2,53.82,1203,98,3175,24,663,6,0
6500,24.2,46.35,1975,59,2175,38,2097,9,0
6501,51.7,50.15,2312,74,3372,68,868,8,0
6502,45,49.06,2379,92,3136,36,1396,9,0
6503,61.6,52.01,2221,40,2853,45,2712,14,1
6504,55,53.89,1495,43,2385,46,4404,15,1
6505,23.6,48.59,678,85,3365,70,3769,6,0
6506,20.2,48.99,764,58,3123,69,835,10,0
6507,44.1,51.31,825,78,853,23,439,4,1
6508,29.6,51.6,2136,70,2433,28,2244,7,0
6509,47.7,44.69,1772,40,1273,54,1807,15,1
6510,24.5,43.82,1452,50,2670,90,3924,7,1
6511,60.1,45.85,701,91,2125,76,2575,14,1
6512,58.9,43.35,2419,100,2200,62,2360,9,1
6513,54.4,45.24,1439,92,2456,85,1446,15,0
6514,48.4,42.17,590,84,2039,24,4917,2,1
6515,61.1,47.51,1795,41,2284,71,4643,12,1
6516,29.3,48.11,514,61,2627,21,4941,13,0
6517,44.9,50.52,2588,88,1160,43,3053,13,1
6518,40.1,50.86,1117,57,1471,43,2680,13,0
6519,66.4,51.31,1453,51,1117,27,3529,1,1
6520,65,46.28,2290,82,2200,40,4504,3,1
6521,61.4,48.71,2783,86,1118,87,4660,3,1
6522,42,46.92,2337,81,1095,69,3616,13,1
6523,69.7,43.58,2521,62,2529,56,4068,1,1
6524,42.2,50.79,1873,77,1729,64,4646,5,0
6525,29.1,53.92,1194,92,3286,40,619,13,0
6526,60.8,47.62,1441,96,1944,84,1069,4,1
6527,33.2,45.57,2315,93,2706,94,398,3,0
6528,57.4,44.31,2608,73,3262,31,1305,1,1
6529,47.2,49.58,1084,69,3176,59,2828,13,0
6530,60.9,53.06,1815,56,2055,71,4694,14,1
6531,58.5,51.57,1452,91,2910,43,1692,14,1
6532,32.6,53.18,2744,46,1006,32,4834,12,1
6533,59.6,44.51,2758,45,2065,53,4989,6,1
6534,62.1,44.79,1436,89,3350,65,1285,3,1
6535,27.6,51.47,1450,40,1194,26,1260,15,1
6536,34.5,46.29,990,45,1346,51,695,5,1
6537,24,47.74,1404,82,2633,52,2917,3,0
6538,57,50.77,1298,70,3353,91,3184,1,1
6539,67.9,51.81,2126,68,1860,80,387,3,1
6540,67.8,44.27,1774,43,1151,95,3268,7,1
6541,27.8,52.89,2841,55,2259,62,227,4,0
6542,33.2,50,1536,62,1589,86,171,5,0
6543,67.3,46.17,2078,90,3243,56,1374,8,1
6544,62,49.67,1996,82,3437,60,372,12,1
6545,33.8,49.69,631,95,2959,69,3327,8,0
6546,34.7,45.87,1302,70,1935,70,4956,7,0
6547,46.2,51.25,1178,40,2230,76,4595,9,1
6548,67.1,48.12,2067,72,912,95,2468,12,1
6549,56.1,49.89,1827,70,1227,29,1492,7,1
6550,41.9,42.04,1912,50,2692,47,2386,4,1
6551,60.5,52.17,2344,95,1870,80,3622,10,1
6552,20.4,47.03,2290,54,1426,30,2571,3,1
6553,58.1,47.27,2580,90,2612,26,4173,10,1
6554,31.8,49.92,1864,84,3241,68,1044,2,0
6555,54.7,47.19,2931,82,997,81,2249,1,1
6556,54,51.53,1620,79,2780,39,3242,1,0
6557,54,51.89,1883,75,2332,28,1531,5,0
6558,41.1,47.6,2014,66,1964,59,3443,15,0
6559,20.8,42.41,2873,88,1665,22,4968,6,1
6560,66.3,42.5,1885,46,1642,93,4675,11,1
6561,61.8,53.6,2778,64,3250,63,2208,8,1
6562,65,46.01,562,50,1384,75,2059,10,1
6563,44.8,42.97,2407,62,807,47,1748,9,1
6564,63.2,49.33,1558,99,1148,87,1907,12,1
6565,24.4,47.86,903,42,1049,81,302,1,1
6566,33.7,53.25,2985,94,1611,40,344,9,0
6567,25.7,42.85,935,40,3288,52,1076,9,1
6568,34.3,49.55,2239,61,3073,38,3616,15,0
6569,24,46.58,638,42,2638,78,3237,13,1
6570,59.2,43.88,776,48,1602,73,3199,8,1
6571,39.6,52.91,1064,94,2860,70,3014,3,0
6572,26,47.86,2683,52,2018,72,4028,4,1
6573,54.1,49.36,1975,46,2439,38,4737,12,1
6574,26.1,48.88,1128,73,1561,23,3091,6,0
6575,62.3,46.81,826,88,1235,39,2416,6,1
6576,27.7,53.28,2478,71,2252,30,187,14,0
6577,32.1,42.19,1525,52,2510,52,3289,4,1
6578,53,53.6,2679,93,1295,66,1936,7,0
6579,49.7,51.34,2319,99,2400,95,3158,10,0
6580,33.5,51.31,1253,100,804,61,4420,7,1
6581,44.4,48.15,2295,68,3218,47,1519,10,0
6582,21.7,52.52,2159,48,1548,95,3004,13,1
6583,40,50.72,1717,47,1532,86,4863,3,1
6584,45.2,43.34,1275,94,1227,71,4578,12,1
6585,48.1,42.82,1788,94,2503,23,3466,13,1
6586,61.8,49.62,2752,95,3215,65,726,14,1
6587,42.4,49.9,2988,43,1461,58,4587,7,1
6588,33.2,51.84,1429,55,1082,65,4197,12,1
6589,69.9,43.95,2631,94,3368,47,3585,10,1
6590,29.2,47.68,1903,78,3210,92,3472,8,0
6591,60.4,47.65,1328,95,930,44,2943,12,1
6592,29.4,49.49,1590,71,3382,94,234,4,0
6593,28.7,50.43,2280,85,3238,82,4712,7,0
6594,22.3,53.08,2766,68,2966,39,1406,13,0
6595,56.2,47.45,902,61,2457,40,1119,4,1
6596,42.8,51.7,1616,77,1953,56,2261,11,0
6597,65.9,43.4,1792,45,1866,25,962,11,1
6598,68.7,50.29,1499,73,2765,31,2455,2,1
6599,49.9,48.59,1841,57,2637,64,2431,11,0
6600,61.3,45.24,1345,42,1787,56,3192,1,1
6601,64.6,43.06,912,60,1625,65,4257,7,1
6602,28.2,48.95,1956,45,2846,54,3665,13,1
6603,25.5,50.38,1543,77,2786,95,706,15,0
6604,42.1,44.64,1956,53,2001,58,2987,2,1
6605,41,42.4,527,50,882,33,4357,11,1
6606,58.2,44.7,2623,82,922,70,3831,7,1
6607,63.4,50.02,2179,97,922,46,3467,6,1
6608,21.1,52.45,2695,47,1197,46,614,10,1
6609,54.7,48.39,1310,47,2671,93,3534,5,1
6610,50.9,50.56,591,54,2856,69,1180,12,1
6611,42.1,50.56,1396,79,3133,89,3052,4,0
6612,58.3,47.98,967,90,1887,74,4205,11,1
6613,35.1,51.89,690,61,1169,55,2262,7,1
6614,38.5,47.31,2757,73,1255,80,2992,1,0
6615,20.8,51.92,1845,64,1709,36,2558,5,0
6616,57.1,42.36,834,69,1954,51,2091,3,1
6617,54.1,48.96,892,79,811,40,3727,6,1
6618,47.8,53.06,2750,65,1326,88,2756,3,0
6619,61.1,53.39,1776,55,2300,63,1999,4,1
6620,29.7,47.25,2769,92,840,85,1821,2,1
6621,59.3,51.82,1431,75,819,95,4604,10,1
6622,64.7,51.06,2430,69,1272,91,3413,10,1
6623,68.6,53.04,2184,45,950,35,3681,14,1
6624,42.2,42.89,1353,90,3140,85,2265,11,1
6625,23,45.85,2592,83,2092,35,2548,15,0
6626,33.6,44.67,2950,85,1653,82,4738,8,1
6627,69.1,45.1,2600,75,1230,85,647,12,1
6628,27.4,47.07,2218,50,3045,94,823,7,1
6629,50.6,50.37,2772,61,3386,89,3094,9,0
6630,25.5,42.52,1161,98,2637,36,1556,1,1
6631,37.3,47.58,1574,87,2942,56,3727,7,0
6632,69.3,45.43,2676,58,2018,35,2239,10,1
6633,41.7,51.21,789,40,1007,35,2998,5,1
6634,52.4,45.34,785,58,2944,93,2764,6,0
6635,24.6,53.85,1845,81,2739,58,2050,15,0
6636,37.6,42.69,1834,59,3377,48,1998,8,1
6637,59,49.8,1303,48,2663,49,1820,1,1
6638,68.5,42.14,606,62,1445,26,1538,11,1
6639,48.5,43.01,2897,52,2378,58,3434,4,1
6640,33.9,43.07,1674,92,983,75,2034,15,1
6641,35.2,44.88,785,58,1582,36,3448,3,1
6642,28.5,50.25,2249,76,1585,39,1987,3,0
6643,64.1,47.44,1842,79,1084,74,310,10,1
6644,64.2,53.97,712,41,3195,47,2233,1,1
6645,64.7,42.76,2767,83,1558,84,1618,13,1
6646,51.7,49.12,2775,81,1614,57,339,11,0
6647,33.5,48.97,1471,80,2277,57,2916,14,0
6648,28.1,53.14,2482,99,1120,26,4196,8,1
6649,36.7,53.93,2372,96,1160,76,584,1,1
6650,50.2,45.78,1860,60,1884,53,925,4,0
6651,24.9,42.02,1868,46,1943,38,3333,4,1
6652,22.1,50.26,2435,95,3082,71,1657,12,0
6653,36.2,51.49,2361,99,1004,85,3222,6,1
6654,29.2,48.72,2541,65,2360,43,4465,1,0
6655,36.5,47.01,2359,70,3124,53,1032,14,0
6656,43.2,53.43,2599,78,2193,43,3981,10,0
6657,45,44.87,2652,44,1993,37,4341,8,1
6658,66.2,50.76,1476,81,2710,83,1612,8,1
6659,39.2,45.18,2310,77,2955,72,721,15,0
6660,67.5,44.33,2943,83,1439,76,1248,1,1
6661,59.1,53.49,2586,93,972,69,1691,2,1
6662,21.8,50.33,1633,56,1886,46,4982,11,0
6663,49.4,51.77,1699,52,2947,56,1038,5,1
6664,37.4,48.3,2580,56,3185,25,4845,14,0
6665,22.6,46.47,836,66,2575,48,267,15,0
6666,46.8,48.47,1551,41,1772,74,4358,3,1
6667,69.5,44.26,2404,55,3314,50,1622,7,1
6668,39.1,45.81,1797,52,2586,79,1132,1,1
6669,24.6,49.25,1363,50,2572,68,335,15,1
6670,66.1,48.32,1739,69,3211,59,1907,10,1
6671,34.6,43.2,2375,67,2856,27,2567,4,1
6672,65,43.6,1721,41,3131,46,224,5,1
6673,42.5,50.92,1737,54,1258,42,1222,11,1
6674,36.8,50.51,2665,94,2048,32,2553,5,0
6675,28.7,52.44,505,79,3085,34,1515,6,0
6676,39.1,49.87,2637,100,1396,20,3525,4,0
6677,54.2,48.98,817,43,2486,59,2096,6,1
6678,31,53.42,2776,72,3315,52,4792,1,0
6679,34.2,51.89,632,99,3162,30,4551,2,0
6680,67,44.68,1868,47,1104,52,225,15,1
6681,60.4,46.42,2844,45,1154,90,4624,2,1
6682,55.2,48.78,2635,53,1230,95,2517,4,1
6683,48.7,50.64,922,46,2410,90,1832,6,1
6684,32.7,53.29,1445,94,2385,85,792,9,0
6685,28,48.56,668,86,2920,29,3305,12,0
6686,66,45.46,1910,97,3392,31,349,4,1
6687,64.6,46.35,2507,73,2635,90,4796,7,1
6688,25,52.33,735,74,3329,50,1956,11,0
6689,47.4,53.6,1761,50,3136,75,131,4,1
6690,28.9,47.71,2442,81,2555,91,4932,12,0
6691,27.3,51.45,647,43,2961,81,1294,1,1
6692,38.5,44.8,2661,87,2276,94,1686,2,1
6693,47.5,42.09,2347,43,2054,86,816,4,1
6694,43.4,53.84,1620,77,2652,33,2812,3,0
6695,56,50.29,2160,61,3335,41,1405,1,1
6696,59.4,50.42,1306,51,2429,58,1231,5,1
6697,66.7,45.07,963,71,1416,93,3068,15,1
6698,37.4,48.03,2919,45,1412,25,2785,14,1
6699,58.9,52.48,2345,95,1921,59,2090,1,1
6700,22.7,44.2,1835,67,1840,20,4220,9,1
6701,41.8,48.28,2710,69,1801,66,1539,5,0
6702,51.2,50.23,2888,52,2693,46,4275,14,1
6703,57.5,42.27,1737,75,2347,42,4384,8,1
6704,25.8,52.53,678,65,1642,79,1076,8,0
6705,26.9,48.68,2153,92,3352,50,3006,12,0
6706,50.9,53.98,534,40,2845,25,1178,3,1
6707,65,52.39,1407,93,2214,73,941,12,1
6708,40.4,51.59,1949,41,2258,26,3837,9,1
6709,49.7,53.6,777,51,2086,32,2520,11,1
6710,63.7,52.68,1891,88,1590,95,1364,15,1
6711,60.8,51.16,2019,68,3496,73,3233,9,1
6712,35.3,44.39,755,40,1589,49,4301,11,1
6713,66.2,49.77,2299,62,2843,64,2993,8,1
6714,20.4,44.7,1938,75,3175,36,1807,15,1
6715,59.3,42.74,1740,41,2405,37,2613,9,1
6716,26.9,42.31,1612,78,2396,37,2467,11,1
6717,33.4,50.68,1444,82,894,72,4006,3,1
6718,36.2,47.26,2828,85,888,69,2752,11,1
6719,23.2,45.04,957,92,2652,48,1135,12,0
6720,29.1,48.79,1630,100,1699,27,3814,4,0
6721,61.2,49.1,2313,85,1941,54,1722,8,1
6722,66.8,45.51,2767,53,2387,34,2170,14,1
6723,21.7,49.63,1865,66,1130,51,3488,3,1
6724,22.7,42.15,899,44,2869,21,602,12,1
6725,68.9,44.44,2475,98,2348,29,2876,5,1
6726,23.4,48.15,1117,78,1587,68,3292,13,0
6727,24.4,53.73,2367,80,819,83,1072,2,1
6728,51.3,46.45,2484,47,2218,66,2836,15,1
6729,41,53.63,1586,99,2372,90,4623,8,0
6730,47.6,48.65,1972,88,3403,88,954,12,0
6731,61.9,53.05,1261,95,2287,87,2323,15,1
6732,62.3,48.27,997,68,3449,70,3335,13,1
6733,48.5,46.36,1772,48,2928,68,2563,7,1
6734,48.4,52.59,1070,75,1008,67,100,13,1
6735,42.5,46.01,1078,72,2802,41,2155,15,0
6736,57.2,47.63,1281,94,951,62,385,1,1
6737,58.7,52.87,1501,66,1410,90,4897,12,1
6738,29.5,42.93,1024,49,2777,92,2482,1,1
6739,39.3,51.24,2174,49,3342,49,2611,2,1
6740,21.1,53.04,1459,83,2902,23,2202,14,0
6741,54.4,52.81,982,64,1002,56,2045,5,1
6742,54,53.97,2090,48,1143,68,2061,4,1
6743,22.5,42.95,719,55,2963,95,3949,3,1
6744,47.4,53.56,2361,71,3342,51,2988,7,0
6745,65.8,42.79,1336,90,2930,29,443,9,1
6746,61.2,44.36,1066,94,3113,41,3593,14,1
6747,24.9,50.56,1608,68,3399,68,270,11,0
6748,25.1,46.83,1587,65,2477,30,380,3,0
6749,56.9,51.75,777,83,2607,54,4802,9,1
6750,30.4,51.95,1108,50,917,79,1383,6,1
6751,65.3,52.09,2217,98,2590,39,1457,6,1
6752,66,48.19,1054,57,1633,88,4886,1,1
6753,58.1,44.16,2879,54,3436,36,3102,15,1
6754,64.1,52.01,743,50,3480,47,2276,13,1
6755,55.1,49.7,2752,51,3450,85,1581,10,1
6756,35.1,45.76,2157,80,3120,23,2748,3,0
6757,21.1,53.41,1590,56,1544,26,3054,11,0
6758,42.5,53.76,2333,60,3295,36,736,7,0
6759,46.8,52.77,2879,60,2460,39,2631,5,0
6760,69.2,49.21,2083,65,2918,39,4048,6,1
6761,63.2,53.73,525,98,3324,54,1799,9,1
6762,47.5,45.26,1778,64,2320,38,1978,4,0
6763,46.5,45.82,2430,55,2996,24,4961,14,0
6764,42.8,53.81,862,52,2864,32,1386,14,1
6765,24,46.57,2009,88,2626,64,944,7,0
6766,21,45.61,1002,86,1962,73,3616,1,0
6767,49.6,49.9,1753,69,2803,90,3205,1,0
6768,35.9,44.56,1443,46,2024,73,3212,13,1
6769,31.8,44.16,1817,87,1412,61,504,11,1
6770,24.9,44.89,1324,94,3029,28,4600,13,1
6771,37.9,46.22,1139,49,2470,55,4747,9,1
6772,42.1,50.23,1508,87,2903,80,127,5,0
6773,40.1,47.75,1135,86,1034,69,624,6,1
6774,65,51.39,2674,71,3193,64,2100,5,1
6775,40.7,51.31,1500,67,1181,59,4783,14,1
6776,56,43.43,2968,94,1586,88,3697,2,1
6777,23.1,53.71,662,53,2379,50,1573,1,1
6778,30.3,51.59,734,79,3191,84,2930,11,0
6779,41.4,43.22,1099,93,2798,27,2496,1,1
6780,60.9,42.96,552,55,3194,66,2765,8,1
6781,42.7,52.3,2065,40,3020,77,1718,2,1
6782,26.6,48.41,2812,51,3446,66,3007,5,1
6783,34.8,50.82,1851,72,3223,55,1130,10,0
6784,66.9,49.15,2334,91,1282,65,1937,5,1
6785,67.6,47.07,1972,45,1384,85,4394,12,1
6786,30.1,47.52,2335,95,864,82,3509,3,1
6787,67,44.82,1113,57,1917,55,4771,8,1
6788,23.4,46.83,1676,63,2765,83,4688,2,0
6789,56,51.14,546,72,2958,55,3765,4,1
6790,45.4,52.28,2811,71,2647,68,3533,4,0
6791,46.9,47,655,45,3429,41,888,8,1
6792,40.2,44.96,2055,42,1302,53,4292,5,1
6793,39.9,50.05,588,44,2000,45,4279,2,1
6794,27,46.57,2470,100,3081,79,780,6,0
6795,46.1,50.58,1037,72,3083,41,1679,15,0
6796,20.7,52.75,1143,80,1349,77,3720,9,0
6797,21.2,48.76,2031,54,3168,36,2528,11,1
6798,27.7,48.51,2063,68,1168,86,4985,9,1
6799,21.3,52.36,1969,80,805,32,2050,4,1
6800,67.2,47.13,820,52,2418,92,3275,9,1
6801,52.6,42.46,545,41,992,64,2929,2,1
6802,58.7,52.18,2397,63,2331,30,2337,12,1
6803,32.9,52.15,1568,86,1286,65,1752,14,0
6804,40.6,42.57,1092,98,1746,63,1509,3,1
6805,23,48.62,2477,64,1817,51,130,6,0
6806,61.3,43.11,1195,50,1670,82,793,10,1
6807,28.1,46.7,2686,73,2203,50,2723,2,0
6808,30.8,50.57,1714,57,1449,91,158,6,0
6809,44.1,45.45,1208,69,1026,57,3902,10,1
6810,41.2,43.7,542,86,2150,32,3782,10,1
6811,32.8,48.1,2556,56,3064,59,1115,5,0
6812,22.2,48.43,1194,96,2325,69,3145,9,0
6813,57.8,48.9,1315,48,1900,47,3089,3,1
6814,40.6,44.85,613,71,2085,49,2716,4,1
6815,22,44.16,661,77,1324,82,2339,13,1
6816,66.7,51.62,2408,95,1742,80,4994,14,1
6817,24.2,42.72,742,65,2545,35,4028,10,1
6818,59.8,53.02,1396,93,1968,45,4374,13,1
6819,58.7,43.97,1900,94,1751,75,3670,5,1
6820,26.8,50.25,2368,41,3131,64,534,14,1
6821,31.7,42.38,2328,44,896,36,3121,10,1
6822,28.5,46.93,761,56,1603,24,3028,5,0
6823,59.9,45.25,2081,89,1284,81,4278,13,1
6824,25.7,50.14,2311,82,940,58,666,6,1
6825,68.6,53.22,2960,78,2511,27,1869,15,1
6826,44.7,53.46,2937,90,2257,22,1869,8,0
6827,31,47.81,2895,86,3387,89,549,6,0
6828,30.5,48.96,2036,42,1548,43,4678,11,1
6829,39.8,44.7,2894,48,3391,53,287,10,1
6830,59.1,48.95,1045,61,1991,39,4307,8,1
6831,38.7,42.56,737,86,1940,36,4008,4,1
6832,57,42.3,2692,53,2266,89,3992,9,1
6833,33.3,44.16,2614,69,2695,78,3909,13,1
6834,45.8,48.66,2851,41,2949,28,474,12,1
6835,53.6,50.92,2659,76,2713,83,2310,2,0
6836,62.2,49.76,2604,90,3364,63,2525,5,1
6837,34.1,50.05,2273,67,1641,78,2790,14,0
6838,52.6,45.01,749,63,2283,84,3259,6,0
6839,24,50.49,638,47,1942,52,4568,10,1
6840,53.8,47.64,2395,76,919,23,2814,10,1
6841,46.7,48.97,1985,92,1351,68,4262,13,0
6842,64.1,47.14,1705,49,2795,65,745,6,1
6843,23.3,44.18,1435,70,1700,72,2600,7,1
6844,26.5,47.39,1740,49,1372,23,2734,7,1
6845,53.8,42.3,787,62,2216,64,507,11,1
6846,39.9,53.43,2327,97,1298,59,2481,3,0
6847,63.1,46.95,633,86,1233,90,3276,8,1
6848,52.3,53.07,1393,44,2273,36,2902,4,1
6849,65.3,43.95,1597,77,2410,57,1414,15,1
6850,54.2,49.45,1790,83,1479,55,2876,10,0
6851,41.6,51.27,806,100,2063,60,3507,1,0
6852,26.8,48.51,630,93,2770,20,152,4,0
6853,28,52.79,2690,70,1098,75,2385,13,1
6854,59.7,44.57,698,69,1360,78,3818,4,1
6855,36.1,52.51,2510,78,3030,45,4024,11,0
6856,23.9,53.99,2722,60,1123,64,3109,15,1
6857,53.1,46.05,1468,78,1530,31,2092,12,0
6858,29,42.81,2481,91,2448,48,2257,14,1
6859,63.6,52.71,931,69,1181,43,245,15,1
6860,25.1,53.45,1034,95,1550,87,1251,1,0
6861,50.5,42.49,2162,48,2211,60,1739,6,1
6862,46.1,50.05,715,56,1125,61,878,2,1
6863,35.8,44.78,2867,57,1949,62,3514,5,1
6864,46.3,43.39,2339,50,2108,20,3663,1,1
6865,63,45.79,1715,78,1803,78,4165,15,1
6866,27.2,51.89,2045,89,1401,37,2457,1,0
6867,36.3,50.46,1525,46,3434,54,4111,9,1
6868,28.1,51.67,864,83,3408,85,2594,14,0
6869,55.7,53.13,853,53,1181,59,303,3,1
6870,60.9,43.57,2532,99,1186,91,3977,7,1
6871,55.5,48.66,800,75,1120,26,980,9,1
6872,39,42.19,959,51,2428,25,3710,9,1
6873,45,45.53,801,93,3343,84,1842,5,0
6874,21.5,47.65,649,92,1487,75,2363,6,0
6875,43,42.7,1011,66,2170,90,4886,3,1
6876,50.6,51.89,1197,78,1910,82,4617,5,0
6877,40.8,46.84,2800,68,3122,87,1770,11,0
6878,66.1,47.21,1727,75,2004,21,1987,11,1
6879,25.6,48.42,1591,88,1579,34,3683,3,0
6880,35.5,45.81,921,60,1128,56,573,1,1
6881,54.8,52.13,1026,47,1172,22,3846,14,1
6882,25.9,42.92,2468,94,1904,78,2245,12,1
6883,53.9,46.12,2868,82,3304,26,3498,13,0
6884,33.3,44.19,2023,85,1588,37,4219,2,1
6885,68.7,51.04,1387,99,1435,49,3633,15,1
6886,20.8,46.43,2794,54,1427,21,3610,3,1
6887,65.9,49.83,1927,84,1805,32,1294,10,1
6888,42.4,49.07,916,48,2517,57,209,8,1
6889,47.3,53.34,706,69,917,71,3404,14,1
6890,62.9,46.15,712,79,2357,89,2592,10,1
6891,30.9,42.26,2528,40,2780,22,1758,6,1
6892,45.3,45.65,2515,43,2090,46,2861,9,1
6893,30.9,45.63,2352,55,2362,75,1083,2,0
6894,53.7,52.97,1689,70,805,80,4830,6,1
6895,33.2,47.23,2648,71,2763,20,2949,11,0
6896,51.9,45.25,1235,75,2189,87,1457,12,0
6897,34,52.33,2373,59,1173,90,1532,13,1
6898,43.2,43.94,2799,51,1353,21,4560,3,1
6899,59.8,49.73,873,74,2974,64,3322,14,1
6900,61.9,45.55,1139,46,2379,47,4246,12,1
6901,31.4,44.19,721,53,929,81,816,1,1
6902,56.5,51.44,1721,46,1665,84,1922,14,1
6903,63.5,52.35,1927,46,1412,50,3232,5,1
6904,66,50.78,2252,75,1507,83,745,15,1
6905,34.5,53.94,2338,80,2438,31,1635,12,0
6906,20.9,52.3,1080,97,2857,82,947,13,0
6907,28.5,49.7,1501,77,2501,74,436,9,0
6908,49.4,44.92,1513,41,2688,75,4120,9,1
6909,66,49.75,962,87,1241,92,1258,2,1
6910,40.9,44.54,1172,63,1615,56,311,4,1
6911,55.1,45.32,2368,48,2693,60,2494,7,1
6912,45.8,48.52,1209,85,1278,94,3683,13,0
6913,36.5,43.28,1489,90,2447,33,3283,14,1
6914,64.4,46.11,904,42,3492,21,1435,5,1
6915,64.3,51.49,678,91,1800,48,2568,2,1
6916,41.6,42.56,1064,56,2726,46,1263,7,1
6917,34.8,51.19,752,84,2620,68,4361,5,0
6918,32.9,51.05,1827,85,3342,86,1514,10,0
6919,43.3,45.67,2714,67,3350,59,3223,7,0
6920,58.4,52.14,1077,55,2223,44,4489,2,1
6921,48.9,53.57,1937,73,1214,72,941,3,0
6922,48.4,48.63,824,55,1180,95,4535,1,1
6923,63.2,47.39,1556,99,1564,70,701,9,1
6924,60.8,43.09,2482,50,3428,69,3085,12,1
6925,32.4,50.38,1671,82,2901,95,2759,12,0
6926,35.7,46.79,1187,63,3160,38,3691,14,0
6927,59.3,45.96,899,80,3447,20,859,8,1
6928,30.7,51.2,639,92,3470,58,115,13,0
6929,58.8,51.61,1053,85,2693,91,548,1,1
6930,41.4,47.24,864,90,1571,64,3103,2,0
6931,21.3,48.88,2199,46,1376,84,4083,8,1
6932,65.6,51.52,726,47,996,68,3489,6,1
6933,51.3,52.34,1276,93,2555,54,930,1,0
6934,23.2,47.93,1142,43,2534,53,4003,3,1
6935,63,50.57,2081,70,1386,75,4428,5,1
6936,64.5,52.15,1820,90,1779,84,4357,12,1
6937,23,51.73,585,84,1436,67,423,9,0
6938,21.1,53.25,2957,78,2634,53,3469,6,0
6939,68,46.82,1352,62,2918,80,4792,12,1
6940,59.9,51.3,2372,78,1082,27,4167,8,1
6941,44.1,50.8,1911,66,3218,78,4520,2,0
6942,42.3,52.41,1697,77,2459,72,2577,5,0
6943,63.7,45.14,2968,86,1931,91,3954,13,1
6944,56.3,43.44,966,67,2888,37,895,8,1
6945,46.8,44.62,2429,91,3029,75,4228,7,1
6946,44.3,53.62,588,59,3274,67,4849,14,0
6947,65.3,46.09,1845,81,958,62,421,14,1
6948,21.6,50.74,2890,58,1827,27,3893,4,0
6949,26.7,48.09,1771,41,2131,76,1855,14,1
6950,43.6,42.07,800,73,1963,31,2478,6,1
6951,36.4,43.66,2775,43,2632,58,2356,11,1
6952,28.3,51.39,800,61,1229,49,2921,14,0
6953,52.2,45.21,1560,46,3413,36,1192,8,1
6954,40.5,46.9,2729,86,2515,32,4743,14,0
6955,60.7,47.73,2964,73,3325,57,678,6,1
6956,36.9,51.71,1669,50,2276,56,2222,11,1
6957,34.6,52.97,1870,67,2163,35,4966,12,0
6958,46.5,47.41,1473,71,2195,21,2578,3,0
6959,44.3,51.68,1845,86,2459,95,2531,15,0
6960,26.9,50.14,2646,76,1244,60,3948,10,0
6961,69.8,42.56,1011,55,3262,95,2003,7,1
6962,46.2,42.29,579,41,3271,91,3520,13,1
6963,27.9,44.96,2496,58,1789,85,1971,4,1
6964,42.6,43.61,2317,68,1763,54,2666,6,1
6965,42.6,42.8,2640,72,2477,56,1721,14,1
6966,22,48.49,2474,97,2400,57,256,2,0
6967,27.5,50.38,2019,92,2534,53,1947,12,0
6968,68.3,43.1,1202,52,2481,40,3719,15,1
6969,43,52.06,1474,67,1464,35,2667,3,0
6970,57.1,43.15,2428,62,3146,93,3642,15,1
6971,28,47.37,2666,42,3255,53,3652,5,1
6972,23.8,46.67,633,56,3289,29,4029,10,0
6973,63.7,44.17,1552,49,2558,28,3615,8,1
6974,44.3,44.75,1602,58,1133,47,1208,10,1
6975,51.5,52.33,1911,75,2082,31,4203,3,0
6976,43.4,53.56,1836,85,1135,40,3593,10,1
6977,36.6,53.44,2349,40,1736,37,4283,13,1
6978,27,46.18,743,47,1921,76,1950,14,1
6979,55.9,52.71,1042,61,2763,80,3363,13,1
6980,20.7,53.48,782,85,3360,44,214,15,0
6981,57.6,51.98,2088,46,1779,47,3239,8,1
6982,46.6,43.84,2659,98,1118,65,937,7,1
6983,43.7,44.35,716,79,3369,66,2726,8,1
6984,34.2,49.78,2854,74,868,22,3127,15,1
6985,64.1,42.3,2148,67,1605,63,1532,10,1
6986,36.3,47.73,2505,79,1560,83,4987,9,0
6987,39.9,48.65,2046,51,918,29,4394,1,1
6988,34.8,49.98,2262,91,1164,71,1989,5,1
6989,64.2,44.94,2854,79,3257,56,1679,15,1
6990,62.6,48.59,693,100,809,26,3073,6,1
6991,29,52.27,2745,65,2450,91,2389,5,0
6992,27.8,45.91,2271,71,2697,67,3104,15,0
6993,45.5,52.13,594,66,1439,80,2288,2,0
6994,50,49.26,545,45,1951,31,4275,1,1
6995,39.3,51.09,634,98,2016,47,440,5,0
6996,50.1,43.49,2193,72,2787,66,4127,5,1
6997,53.2,44.22,835,42,2894,59,2072,6,1
6998,48.1,51.53,2448,82,2182,54,1684,6,0
6999,37.4,42.74,1062,57,2014,61,644,3,1
7000,26,53.8,2139,64,2907,66,561,3,0
7001,53.5,48.08,2017,77,2861,83,1424,5,0
7002,67.9,46.04,2750,50,1720,40,1568,1,1
7003,21.7,43.08,2475,88,1965,92,4005,8,1
7004,31.3,42.58,2812,82,3149,38,1340,5,1
7005,61,45.93,1990,66,2182,79,3950,3,1
7006,61,51.93,1720,44,2286,61,2888,12,1
7007,69.8,45.88,1001,92,2676,64,4134,10,1
7008,41.5,43.87,2039,60,2295,37,3493,15,1
7009,49.2,46.58,1880,41,1940,33,4991,5,1
7010,63,43.61,1500,87,3186,48,4067,8,1
7011,60,43.84,636,44,898,90,3994,13,1
7012,62.1,48.92,1215,82,921,68,526,1,1
7013,50,46.7,2127,73,1288,53,1816,15,0
7014,27,45.25,2350,65,3001,88,4748,1,0
7015,53,53.72,2477,59,2246,20,863,10,0
7016,49.7,47,2590,47,3136,26,4960,3,1
7017,29.4,46.09,2486,46,2661,37,108,4,1
7018,54.6,48.21,1230,56,2334,61,4641,3,0
7019,43.1,46.11,806,81,1987,92,4299,12,0
7020,67.7,53.69,1834,83,3484,91,296,14,1
7021,64,44.48,2805,67,959,63,166,5,1
7022,26.4,50.9,1145,57,1002,95,4726,9,1
7023,59.1,52.29,2429,83,2312,68,3698,1,1
7024,30.4,51.16,1728,77,1923,26,2223,1,0
7025,29.6,47.3,994,82,1708,49,4447,8,0
7026,60.9,51.01,1685,72,2660,38,4877,14,1
7027,28.5,48.37,2487,41,2298,24,4771,6,1
7028,34.9,52.41,1913,97,1640,72,156,4,0
7029,35.7,47.23,1745,46,2486,72,1939,2,1
7030,25.3,46.58,898,78,2448,59,891,11,0
7031,41.4,51.61,1311,55,1926,89,4982,15,0
7032,40.9,45.98,2100,98,1815,44,4270,10,0
7033,49.8,45.55,2816,65,1252,46,3008,14,0
7034,35.9,44.05,1269,77,2727,41,4878,12,1
7035,63.3,50.12,695,73,2089,86,288,2,1
7036,64.3,49.42,1759,56,1975,23,1037,8,1
7037,27.9,50.25,864,58,1918,59,2797,7,0
7038,28.2,43.87,2246,91,3497,66,2151,2,1
7039,45.3,43.26,1002,91,1383,69,4907,14,1
7040,57.4,45.29,964,46,2305,61,2232,12,1
7041,31.6,44.09,1489,79,2686,47,3532,15,1
7042,65.8,48.68,946,86,1318,86,3762,1,1
7043,58.9,50.71,1635,80,1432,60,4337,1,1
7044,55.6,49.19,742,99,2385,94,623,15,1
7045,26.9,45.84,1183,53,1559,51,3056,2,1
7046,33.4,46.43,1651,79,2328,32,4125,4,0
7047,42.1,51.51,1179,77,1882,71,169,14,0
7048,68.6,52.83,2641,50,2871,45,3735,3,1
7049,31.2,45.59,883,68,3269,25,4266,7,0
7050,27,42.44,549,86,2459,83,3746,9,1
7051,54.1,50.69,2080,79,3063,85,2843,12,0
7052,65.4,45.38,2244,89,3466,78,627,15,1
7053,58.8,51.99,2698,41,2623,37,858,3,1
7054,64.6,42.75,1718,92,1529,44,1303,6,1
7055,66.2,42.81,2224,77,2227,35,1333,1,1
7056,26.5,42.62,2024,44,1712,77,4925,2,1
7057,52.9,52.12,2181,90,2918,26,573,11,0
7058,35,50.26,819,52,2032,78,4710,15,1
7059,30.5,43.83,1672,88,2042,80,4178,4,1
7060,44.7,50.66,1902,59,3119,51,1171,3,0
7061,48.1,49.88,1341,64,3045,94,4358,4,0
7062,54.7,46.79,1781,61,2784,82,1587,1,0
7063,62.3,47.9,1716,71,2280,22,2446,4,1
7064,67.7,44.08,1600,54,2959,86,1475,12,1
7065,26.6,43.34,1042,75,2957,85,1966,9,1
7066,50.6,51.87,2237,76,1478,45,2839,4,0
7067,20.3,48.3,2209,79,1129,71,686,4,1
7068,64.6,44.75,2726,67,1985,71,4863,8,1
7069,64.1,48.01,936,94,2453,77,2377,9,1
7070,68.3,47.39,954,78,971,48,4533,14,1
7071,60.9,44.4,1654,48,1936,34,2847,1,1
7072,47,44.34,2177,83,2886,41,577,14,1
7073,33.5,49.54,636,77,2068,54,827,8,0
7074,37.2,50.11,2907,47,1562,36,1930,3,1
7075,58.9,52.17,1766,42,3016,25,4178,14,1
7076,64.6,50.98,1079,91,1626,74,4024,2,1
7077,49.2,50.04,1683,54,981,55,4775,10,1
7078,62.6,52.91,2602,68,923,73,3615,14,1
7079,49.2,49.39,2000,96,2907,57,2923,12,0
7080,65.7,51.32,1512,77,1617,49,4871,13,1
7081,42.6,43.86,1906,88,1928,63,1506,4,1
7082,27.1,51.71,1735,95,1136,61,377,3,1
7083,38.6,50.97,2748,67,2962,78,990,1,0
7084,42.9,47.6,651,67,2557,78,1858,12,0
7085,40.9,45.62,613,57,3464,25,2128,3,0
7086,53,43.2,2380,47,3288,42,823,6,1
7087,59.8,48.76,1362,96,1249,25,1097,9,1
7088,59,49.36,2330,65,3336,33,3635,10,1
7089,58.6,45.86,2233,98,1172,20,2453,3,1
7090,25.3,48.52,1390,68,2270,83,3165,6,0
7091,57.3,51.41,1270,58,3078,87,196,14,1
7092,64.8,50.28,810,42,1240,38,4957,8,1
7093,25.1,42.28,2252,42,3364,75,671,2,1
7094,45.3,48.66,688,59,1691,24,4623,13,0
7095,60,53.13,2151,84,2191,32,1018,10,1
7096,49.6,45.1,1787,73,1783,41,3698,14,0
7097,38.8,49.28,2163,100,1576,75,3812,3,0
7098,27.6,49.18,2171,71,3227,22,2129,7,0
7099,56.2,50.17,1100,77,2936,78,921,10,1
7100,55.2,42.59,1477,51,1832,89,4122,5,1
7101,38.3,46.2,1754,96,1484,52,3281,14,0
7102,62.5,51.99,1080,85,1037,79,3640,3,1
7103,64.1,46.67,2550,65,3108,59,3015,13,1
7104,57.9,51.31,2194,53,2967,66,247,12,1
7105,34.5,50.86,2579,89,1647,47,3571,5,0
7106,49.4,45.46,1754,40,2629,27,1022,15,1
7107,27.7,46.35,2842,63,2932,66,2496,14,0
7108,50,43.67,2108,54,1487,78,1362,15,1
7109,65.9,52.02,1983,52,1635,45,344,1,1
7110,39.1,49.88,1777,89,2730,78,4663,9,0
7111,26.8,44.03,1469,54,3032,34,4870,12,1
7112,52.6,45.55,500,89,2991,51,4210,11,0
7113,37.5,49.96,1170,75,2422,59,4506,9,0
7114,32.3,46.68,2541,99,1558,30,1879,12,0
7115,34,43.07,2556,40,2060,68,1071,5,1
7116,56.5,44.82,2521,52,1798,70,288,13,1
7117,43.7,53.36,1778,66,1471,44,303,14,0
7118,26.1,48.28,1008,95,919,95,841,12,1
7119,23.4,42.45,670,77,2462,50,2902,12,1
7120,46.3,52.95,749,50,1483,93,4834,3,1
7121,32.7,44.08,503,77,2480,47,4284,1,1
7122,23.3,45.71,1765,87,3263,81,1303,5,0
7123,27.5,42.28,1913,82,1582,37,4488,10,1
7124,31.9,44.82,554,88,878,69,2241,8,1
7125,47.9,49.1,895,91,2389,36,4896,2,0
7126,40.1,52.58,1366,49,1787,60,2792,8,1
7127,50.6,52.61,1242,94,1115,95,3891,14,1
7128,26.3,42.19,586,56,2717,37,636,10,1
7129,33.5,50.57,1869,94,1905,55,1297,13,0
7130,22.5,50.13,1595,41,2153,78,1411,2,1
7131,56.2,42.53,2146,56,806,81,1103,4,1
7132,47.5,50.74,1089,66,1691,51,2248,7,0
7133,32.7,46.71,2644,64,2505,26,1526,1,0
7134,38.8,49.6,1269,71,3266,43,1252,11,0
7135,61.5,49.96,1875,99,857,66,394,7,1
7136,24.8,49.27,1317,54,959,48,3042,5,1
7137,66.2,52.07,1034,72,1766,58,3006,8,1
7138,44.5,48.42,2694,65,3402,55,944,5,0
7139,29.9,53.8,1208,97,2639,51,1670,5,0
7140,59.4,44.86,840,47,891,73,2289,11,1
7141,23.8,45.29,990,91,1618,29,2852,15,0
7142,65.3,49.33,643,73,3389,46,270,10,1
7143,61.3,43.17,1850,64,2810,43,2506,7,1
7144,42.5,43.01,2821,61,3470,41,1036,11,1
7145,28,52.21,2290,82,1517,68,3970,13,0
7146,37.8,51.32,2675,65,1267,91,4496,10,0
7147,66.9,53.15,2829,42,2123,39,3840,5,1
7148,57.6,43.64,2525,40,1234,61,3588,11,1
7149,34.5,50,592,49,2130,41,338,14,1
7150,62.7,49.71,1215,54,2752,80,3974,7,1
7151,61.6,53.2,1072,98,2660,20,3213,15,1
7152,59.4,43.16,2029,59,2776,74,1244,10,1
7153,69.2,51.92,1495,90,2786,39,3497,6,1
7154,34.8,44.3,2849,55,3387,66,1161,5,1
7155,21.9,47.03,1114,81,3271,36,3923,5,0
7156,61.5,44.65,2287,57,808,65,375,15,1
7157,28,52.51,1024,49,839,29,3757,10,1
7158,29.7,47.55,2046,49,2125,28,1040,2,1
7159,23.9,43.8,1357,81,2371,87,1776,4,1
7160,68.2,44.99,677,79,2032,25,3561,1,1
7161,51.2,46.66,1947,66,2594,59,3677,7,0
7162,39.3,51.29,2827,77,1871,58,3963,6,0
7163,58,43.49,1978,100,808,94,1463,5,1
7164,20.1,53.34,2717,86,1152,30,3189,12,1
7165,35.4,49.62,1576,77,904,65,1467,15,1
7166,57.6,50.25,1033,67,1721,80,4274,12,1
7167,37.6,50.99,2145,93,1261,57,3096,7,0
7168,23.3,52.66,2386,86,2462,20,1005,10,0
7169,44.5,45.25,1010,78,2945,70,3411,14,0
7170,64,49.48,1988,61,1711,47,579,7,1
7171,66.9,43.91,564,94,904,61,1170,12,1
7172,39.7,53.57,2165,73,1952,46,2593,6,0
7173,61.1,45.93,2121,78,1694,71,3365,4,1
7174,23.1,47.77,1007,62,3446,68,3608,11,0
7175,49.7,46.08,2925,64,2423,56,4372,8,0
7176,27.6,53.73,1376,92,3262,55,4751,2,0
7177,53.3,53.03,1491,99,1170,37,2600,10,1
7178,41.8,52.87,842,90,916,67,206,6,1
7179,48.7,49.24,2868,87,2540,58,2251,14,0
7180,29.7,42.72,2242,65,2984,27,3838,5,1
7181,53.2,42.74,1150,77,1214,27,3130,3,1
7182,31.8,51.91,1400,92,2643,38,2561,9,0
7183,28.3,53.41,2417,40,1839,21,1545,7,1
7184,62.3,42.25,580,51,3286,48,4265,6,1
7185,50.7,53.4,1426,65,1472,65,465,15,0
7186,49.2,44.84,2315,52,2987,93,1712,12,1
7187,24.2,47.21,1244,84,1367,85,1299,3,0
7188,43.5,53.19,1449,72,2123,26,2895,13,0
7189,57,45.38,507,85,2481,88,1656,1,1
7190,50.4,48.77,1405,100,2934,73,3026,13,0
7191,44.4,44.46,1166,70,1861,34,3195,6,1
7192,59.4,48.63,2346,58,3435,35,2850,7,1
7193,62.1,50.04,2919,53,3113,39,4671,11,1
7194,28,46.68,738,51,1490,90,4923,12,1
7195,63.1,42.78,1235,44,1186,52,2375,13,1
7196,42.1,42.05,2720,40,2769,22,420,11,1
7197,59.9,45.02,1258,89,2269,38,1637,1,1
7198,30.1,50.91,639,100,2409,84,3148,15,0
7199,29.6,53.42,689,97,1455,46,1652,10,0
7200,58.3,49.67,548,79,2354,76,140,1,1
7201,33.8,43.36,2234,50,1374,59,4795,7,1
7202,53.9,50.8,1328,63,1171,37,3287,5,1
7203,42.9,47.36,1819,62,1639,84,449,9,0
7204,53.8,46.75,740,95,1241,94,2012,14,0
7205,39.3,46.04,2235,46,1305,22,1017,3,1
7206,49.8,53.99,2320,45,1723,79,1525,9,1
7207,52.1,48.38,545,50,1799,86,1567,13,1
7208,20.8,45.88,1529,81,3013,21,2688,13,0
7209,44.1,51.15,2246,77,1445,89,2761,5,0
7210,56.5,45.62,2807,43,1390,95,4209,9,1
7211,23.9,52.98,2458,50,2763,94,1463,6,1
7212,63.7,47.11,1613,68,2601,91,3815,10,1
7213,53.3,44.34,1825,44,1337,27,4162,3,1
7214,24.1,42.29,655,61,2323,56,3166,4,1
7215,34.6,46.22,2200,78,3065,20,1497,1,0
7216,20.5,45.37,2998,62,3188,44,4169,14,0
7217,32.2,50.73,872,83,964,38,3107,14,1
7218,27.3,44.74,1075,97,2405,59,3649,10,1
7219,69.9,52.94,2755,95,2167,83,4312,9,1
7220,67.9,47.09,1516,69,3448,93,3556,5,1
7221,65.1,49.26,2755,72,3177,40,187,1,1
7222,59.1,45.09,2414,67,3414,81,1605,4,1
7223,41.8,48.96,2655,59,3341,24,4284,6,0
7224,23.3,50.75,1541,78,2245,65,4252,5,0
7225,54.7,50.7,730,65,1099,60,1771,9,1
7226,44.3,49.72,876,89,2906,24,3253,11,0
7227,35.9,46.14,2137,79,1226,25,3687,10,0
7228,23.4,43.6,2963,43,2207,65,1661,3,1
7229,26.8,47.43,1213,94,2043,52,3221,6,0
7230,67.7,50.37,501,97,1415,38,684,3,1
7231,24.3,43.63,1609,62,1259,32,2634,6,1
7232,25.6,53.84,932,44,3281,62,2449,11,1
7233,50.7,48.93,2822,67,1679,20,752,7,0
7234,44.7,52.9,1433,65,1987,74,3206,1,0
7235,66.4,46.6,1158,61,2229,51,224,3,1
7236,55.6,48.12,2609,58,3181,36,4228,4,1
7237,20.4,46.13,821,44,949,81,3674,10,1
7238,22.4,44.44,1266,46,2188,86,2790,1,1
7239,61.2,44.32,1653,90,982,89,1104,15,1
7240,44.5,44.57,973,100,2969,77,4314,9,1
7241,24.3,44.55,747,52,1980,69,4973,9,1
7242,43,50.66,1065,100,1635,29,2288,6,0
7243,64.9,51.9,2879,98,970,78,2856,10,1
7244,54.6,52.45,1792,96,1814,71,3450,15,0
7245,59.5,47.21,1129,81,855,46,2549,10,1
7246,22.7,44.47,881,63,1895,61,4018,14,1
7247,54.5,53.74,1245,61,1699,92,1379,6,0
7248,38,45.94,2908,64,3440,24,3869,5,0
7249,61.1,46.48,2771,99,2643,57,4916,7,1
7250,36.3,47.85,1802,76,1275,25,720,12,0
7251,38.7,53.85,2957,57,1302,74,2683,12,0
7252,35.1,43.46,1734,74,1180,40,4387,10,1
7253,50.2,45.43,713,91,1542,74,2298,13,0
7254,37.2,45.94,1957,96,3121,67,316,6,0
7255,64,45.58,729,93,3389,41,3813,10,1
7256,64.2,43.74,647,42,2776,55,1288,11,1
7257,43.6,44.9,633,99,926,55,261,4,1
7258,49.1,52.68,1296,83,827,30,1734,13,1
7259,40.7,47.97,1810,83,1837,64,566,1,0
7260,41.4,48.1,789,59,2541,27,2879,14,0
7261,64.3,48.51,2941,45,2267,42,866,8,1
7262,69.3,52.49,1053,88,1484,40,718,14,1
7263,58.8,53.02,2817,87,1268,20,1591,10,1
7264,23.5,50.8,2527,100,1793,32,4887,13,0
7265,47.8,42.49,2671,72,2555,78,668,8,1
7266,27.2,50.47,2992,52,1112,53,4917,14,1
7267,58.2,44.32,1544,99,3138,25,3490,7,1
7268,44.2,46.69,693,43,2998,61,4164,10,1
7269,59.3,53.01,1816,78,2056,93,2586,2,1
7270,42.8,53.14,919,53,2429,82,540,2,1
7271,68.8,45.09,2259,76,1097,93,377,6,1
7272,68.6,48.16,990,79,1825,26,139,1,1
7273,66.1,52.06,1147,71,2490,73,4225,14,1
7274,50.8,43.83,2160,52,2225,43,4505,10,1
7275,62.7,51.69,2843,87,1689,78,3933,13,1
7276,69.6,53.89,2956,87,3217,37,3588,14,1
7277,23.4,51.54,2675,89,1760,32,3845,14,0
7278,44.3,51.18,2192,61,3069,53,1151,11,0
7279,54.5,47.26,1704,52,1402,40,3717,3,1
7280,39.1,42.73,732,78,1990,70,4591,12,1
7281,26.2,43.64,2381,70,1457,89,2484,3,1
7282,28.7,49.89,2100,54,2299,69,3953,1,1
7283,20.3,43.61,826,89,1327,53,3554,15,1
7284,31.9,52.02,975,83,1974,45,2559,13,0
7285,62.5,45.86,1917,52,2537,72,4646,13,1
7286,66.4,52.52,2442,96,2097,73,154,11,1
7287,63.3,52.45,922,60,1527,54,4451,1,1
7288,29.2,42.26,1805,70,1212,65,3895,9,1
7289,50.9,49.76,1322,69,2173,60,1949,2,0
7290,23.5,43.85,2640,48,2337,90,2739,13,1
7291,42,44.65,2970,42,2798,20,3770,11,1
7292,22.9,44.31,1032,57,2744,42,1381,15,1
7293,37.3,50.57,507,58,3065,46,3349,3,0
7294,37.7,50.09,1984,56,2249,86,4361,9,0
7295,30.9,51.62,2034,72,1339,71,2756,4,0
7296,27.3,42.26,1948,66,1222,85,4266,7,1
7297,29.6,43.8,1321,48,1803,94,172,8,1
7298,55.3,42.56,2604,97,3330,39,931,14,1
7299,63.5,52.5,2117,77,2457,62,2032,3,1
7300,29.9,46.59,1044,75,2145,56,2936,2,0
7301,57.9,43.88,919,57,2838,24,2370,10,1
7302,39.5,49.23,2656,50,1907,58,4091,7,1
7303,41.8,47.67,1214,40,1607,78,1926,3,1
7304,58.6,52.91,973,64,2080,27,3789,13,1
7305,30.8,43.43,843,67,3346,60,2590,3,1
7306,52.6,43.6,2913,95,3100,28,4709,15,1
7307,36.4,45.72,1085,55,1814,31,4921,9,0
7308,32.7,47.04,2501,76,2583,81,3721,3,0
7309,51.6,52.51,2005,40,2664,39,2605,11,1
7310,27.2,45.15,1284,69,3180,30,4413,1,0
7311,48.8,49.03,2010,54,3011,23,949,5,1
7312,54.4,42.42,734,54,2340,72,1453,4,1
7313,34.1,44.34,2739,75,2022,54,4633,1,1
7314,39.6,50.08,843,43,2404,36,747,5,1
7315,36.1,43.22,2283,44,3097,23,1651,11,1
7316,58.9,44.76,1051,49,2818,58,1452,14,1
7317,27.2,49.51,2160,41,2317,64,695,10,1
7318,31.3,42.47,1875,79,811,28,3262,11,1
7319,36.3,52.54,2529,84,1537,24,1785,14,0
7320,52.1,44.85,944,100,1717,70,4793,1,1
7321,65.7,43.17,1368,57,1492,88,550,5,1
7322,34.2,49.95,1814,58,1458,91,3039,8,0
7323,58.9,47.89,2484,47,1057,90,624,4,1
7324,35.1,44.43,1378,86,3186,64,335,3,1
7325,59.6,46.57,1365,80,3225,31,3946,7,1
7326,31.5,48.42,1989,75,1895,78,3888,15,0
7327,64.7,47.69,1994,59,1752,63,4328,10,1
7328,28.7,42.11,1387,64,3133,92,4007,4,1
7329,45.5,49.33,1938,49,1236,27,1372,11,1
7330,64.3,44.68,765,45,3493,89,576,12,1
7331,57.5,53.39,1114,99,3059,64,707,3,1
7332,29.8,45.6,1330,80,2906,94,2664,6,0
7333,28.2,42.88,2187,84,3400,88,4660,13,1
7334,25.5,42.19,1016,54,2157,33,879,15,1
7335,63.5,43.15,1623,76,2713,76,1969,10,1
7336,37.5,53.87,2631,92,1877,83,4290,15,0
7337,61.6,42.41,2300,43,1304,33,3353,12,1
7338,58.7,45.02,2021,91,3201,72,452,7,1
7339,32.7,46.31,2387,89,1456,37,4773,13,0
7340,44.4,46.13,1780,92,3468,75,3272,5,0
7341,56.5,46.24,2197,62,1826,73,1248,9,1
7342,20.2,53.94,1206,81,2226,45,1303,3,0
7343,27.6,46.6,1966,54,1458,68,4661,11,1
7344,66,43.92,2299,71,1342,79,2078,12,1
7345,33.4,50.67,1075,99,1987,53,1874,4,0
7346,48.7,50.07,806,73,3170,55,4153,12,0
7347,32.8,49.98,1651,43,1257,46,3358,8,1
7348,21.1,49.35,982,70,3293,44,4967,13,0
7349,55.7,53.42,1569,61,1023,92,342,5,1
7350,20.6,48.44,2392,84,1119,76,4378,11,1
7351,46.5,52.37,689,76,3222,64,4786,3,0
7352,68,43.88,1590,67,1234,38,4896,2,1
7353,44,44.68,793,67,1583,40,2982,11,1
7354,45.3,44.82,1861,54,2052,84,3466,2,1
7355,36,44.83,2133,73,1777,23,4993,1,1
7356,34.2,43.2,1811,95,1548,52,3943,13,1
7357,48.9,46.42,2158,43,3036,93,751,4,1
7358,29.6,52.87,709,94,1021,65,2391,13,1
7359,24.1,49.05,2673,68,1285,76,4907,10,0
7360,62.7,48.14,572,81,2564,79,4911,13,1
7361,33.4,44.89,1208,40,1073,70,2703,8,1
7362,40,42.55,1441,73,3305,62,4690,4,1
7363,21.2,51.51,2877,82,2021,85,4630,10,0
7364,44.4,50.03,2566,84,1113,76,2784,11,1
7365,32.8,48.34,2598,42,1441,84,406,14,1
7366,60.9,49.35,1653,92,1582,36,1451,15,1
7367,48.4,46.99,2607,81,2462,45,601,1,0
7368,33.7,52.74,1194,92,1364,38,2156,14,0
7369,20.3,46.18,2109,82,3356,39,3627,14,0
7370,59.7,46.71,2418,85,3402,24,3562,7,1
7371,41.4,46.86,1198,67,2703,27,346,6,0
7372,42.2,46.79,2691,51,2449,37,3664,9,1
7373,31.4,44.35,2693,71,1324,30,2421,7,1
7374,53.4,44.1,534,58,1574,93,3903,2,1
7375,23.4,47.77,2576,91,2207,66,2035,2,0
7376,47.2,42.38,627,45,1212,54,2669,15,1
7377,38.3,43.59,2302,98,1414,60,4169,13,1
7378,22.4,52.95,2345,46,2465,93,3547,10,1
7379,22.4,50.95,567,65,1933,37,904,5,0
7380,48.9,53.34,1609,60,2079,23,117,4,0
7381,32,49.46,607,92,1966,32,3458,14,0
7382,56.1,52.73,1824,51,2635,95,1746,3,1
7383,23.4,49.11,2380,41,1586,75,1505,11,1
7384,37.8,53.6,2788,47,3497,92,3524,3,1
7385,64.3,48.25,2274,66,1380,39,1268,13,1
7386,67.7,48.06,699,62,1598,93,4181,8,1
7387,61.3,48.41,1194,55,3216,58,224,8,1
7388,50.2,49.13,1400,91,974,94,820,12,1
7389,52.1,49.32,1398,95,1677,63,4287,5,0
7390,46.4,45.86,1702,95,1593,63,2458,12,0
7391,38.5,50.54,2814,86,2869,60,2202,7,0
7392,41.4,51.38,1698,61,1823,94,1873,7,0
7393,31.9,44.37,1379,93,1903,37,338,9,1
7394,67.8,46.99,1872,76,961,54,1646,10,1
7395,63.1,51.5,2033,82,3314,95,650,4,1
7396,62.8,53.12,1803,73,1800,52,993,12,1
7397,67.9,48.41,2990,90,1094,36,3736,10,1
7398,57.2,46.37,501,51,1353,27,4269,9,1
7399,67.4,49.15,2472,63,1706,57,1107,15,1
7400,22.9,49.92,1800,61,1171,65,1275,14,1
7401,53.7,48.37,1488,95,1799,42,3108,8,0
7402,28,48.99,1905,67,1693,95,894,6,0
7403,42.1,46.03,1805,81,2781,80,2127,5,0
7404,65,53.33,1661,90,1610,27,645,7,1
7405,38.6,44.11,2313,45,2656,83,1837,14,1
7406,44.6,44.29,614,48,1000,67,5000,1,1
7407,64.5,49.48,2548,49,3373,68,651,2,1
7408,49,52.46,2430,44,3009,23,4536,6,1
7409,50.8,48.82,1897,65,950,67,4204,6,1
7410,48,48,556,88,3296,89,4779,5,0
7411,31.6,43.33,1249,40,1679,72,3866,8,1
7412,68.2,46.88,1227,88,1701,43,3781,15,1
7413,61.1,46.91,1691,83,1577,86,1295,10,1
7414,32.9,45.14,1714,91,2994,32,396,4,0
7415,58.4,53.41,838,64,2729,47,3422,3,1
7416,57.7,45.59,1464,45,2630,73,3888,3,1
7417,51.7,52.55,2096,100,2408,84,1103,13,0
7418,38.6,52.45,1361,89,2490,72,4619,14,0
7419,37.4,53.18,1300,71,2184,21,1537,6,0
7420,23.2,45.42,2152,71,1751,23,1246,8,0
7421,60.5,44.4,2178,40,2571,71,3261,8,1
7422,64.7,52.98,1053,97,3349,94,3791,11,1
7423,50.1,51.74,1503,50,3079,66,864,2,1
7424,64.6,53.95,2814,99,1988,28,3945,3,1
7425,65.5,43.7,2532,53,3076,35,652,8,1
7426,64.4,51.38,1388,100,951,53,1614,13,1
7427,26.9,45.19,1602,56,2210,88,1248,2,0
7428,51.8,43.32,840,74,2836,54,2932,2,1
7429,29.6,47.11,2350,79,3111,59,3024,8,0
7430,33.2,52.32,1538,40,1733,74,1200,14,1
7431,68.9,51.61,796,97,2754,66,3291,1,1
7432,61.7,47.4,2861,89,2354,62,1673,1,1
7433,63.9,51.44,1598,66,2511,78,3421,7,1
7434,34.8,45.03,2667,88,3117,74,3097,10,0
7435,55.6,48.84,545,81,3317,37,1975,2,1
7436,56,48.7,799,81,2103,60,1261,14,1
7437,25.4,43.73,1439,62,2931,72,1508,12,1
7438,68.1,46.98,1672,97,2466,55,3372,14,1
7439,60.2,52.67,1911,52,2881,68,3468,8,1
7440,51.3,50.38,1309,98,1958,86,4270,14,0
7441,40.4,53.6,2557,85,2122,26,4774,2,0
7442,43.2,45.76,1240,88,2489,49,2109,4,0
7443,61.7,52.7,772,75,1568,45,321,3,1
7444,34.9,51.02,2305,41,2955,75,2979,8,1
7445,58.7,52.23,2234,91,1566,31,936,2,1
7446,29.5,43.22,1073,100,3245,68,4251,5,1
7447,64.1,42.76,1679,74,3281,25,3451,10,1
7448,33.7,44.22,927,81,2133,52,2513,2,1
7449,67,50.6,2585,84,1532,74,2439,9,1
7450,40.4,46.69,1146,41,2431,85,3621,10,1
7451,31.7,47.55,778,87,1862,52,2046,5,0
7452,56,42.59,1905,83,2261,79,4912,15,1
7453,45.9,51.01,902,72,3119,89,3848,15,0
7454,69.8,42.74,2462,71,3237,58,3634,10,1
7455,22.8,42.46,1907,44,3167,86,2809,11,1
7456,63.1,50.67,2924,86,3254,54,4980,14,1
7457,47.9,45.63,1867,91,1054,78,1242,13,1
7458,31.9,43.63,2891,73,2144,53,1842,13,1
7459,38.4,50.43,2210,100,3181,87,4969,1,0
7460,68.4,44.33,2154,92,3284,71,3572,13,1
7461,59.5,48.88,1192,46,3326,63,3185,3,1
7462,65.4,43.86,1484,70,1875,73,4485,1,1
7463,49.5,46.03,958,56,1311,43,3043,11,0
7464,29.7,53.53,1527,40,1201,77,4307,14,1
7465,29.6,53.71,1874,61,2828,83,4779,7,0
7466,54.8,44.52,1709,59,2871,42,2565,11,1
7467,42.2,52.35,1410,68,2014,51,3849,8,0
7468,53.3,53.56,1407,80,2568,78,3363,7,0
7469,59.6,45.63,1193,52,1699,32,3202,4,1
7470,65.8,44.71,1560,75,2334,83,1578,15,1
7471,69.2,49.44,1700,46,3260,37,2637,9,1
7472,24.7,44.5,1968,86,3311,20,3537,15,1
7473,63.4,47.2,2123,45,1199,47,3069,3,1
7474,64.9,42.92,2173,59,2630,60,827,4,1
7475,49.4,53.58,2184,60,1144,41,2187,10,1
7476,47.7,46.18,830,41,1937,87,1194,1,1
7477,63.1,46.3,1573,51,3444,51,2382,8,1
7478,21.5,45.81,2237,79,2371,59,3674,15,0
7479,47.9,44.23,1572,99,1662,23,4902,6,1
7480,35.7,42.1,2805,95,1157,88,3851,9,1
7481,40.5,50.45,2785,81,1865,71,3274,6,0
7482,66.6,50.24,2696,92,2295,71,1346,15,1
7483,33,52.72,2636,57,1935,61,4073,6,0
7484,53.6,48.07,2510,46,3409,51,2647,3,1
7485,61.8,43.19,1648,48,2087,90,4651,6,1
7486,23,44.06,1794,78,2070,47,2925,7,1
7487,56.7,53.76,1952,69,2497,35,972,4,1
7488,32.8,45.68,1930,75,3219,22,4365,14,0
7489,21.8,52.75,910,69,1577,94,4965,12,0
7490,60.5,47.24,2672,78,2837,89,1296,1,1
7491,67.1,46.87,2643,60,3485,78,377,10,1
7492,30.9,48.53,778,83,966,44,2352,1,1
7493,62.2,49.16,1444,50,2576,45,3520,12,1
7494,43.5,52.69,984,99,1633,77,4098,15,0
7495,46.8,42.72,2624,68,3457,32,4139,15,1
7496,37.4,50.33,1937,80,1926,65,3627,12,0
7497,56.5,44.56,1777,54,2351,88,1405,5,1
7498,55.6,47.85,1903,94,1211,28,1705,14,1
7499,40.8,43.35,2355,51,1134,68,4295,15,1
7500,32.9,50.59,1110,74,3425,48,3444,8,0
7501,40.4,46.73,2825,43,1088,22,2154,13,1
7502,23.9,53.89,507,76,2386,56,134,13,0
7503,68.4,51.44,2373,71,1034,24,1754,13,1
7504,67.6,43.3,2321,57,1324,32,3287,14,1
7505,46,44.96,2280,76,956,67,3303,13,1
7506,47.5,42.4,1407,47,1340,86,3721,3,1
7507,57.2,45.03,2553,88,1872,41,3092,11,1
7508,63.4,44.01,2716,77,2202,25,1427,3,1
7509,61.5,53.13,2289,81,2111,66,3757,8,1
7510,22.6,46.09,1299,69,3320,45,2307,3,0
7511,23.1,53.37,1486,78,1727,88,2003,13,0
7512,30.3,43.51,2613,44,3272,85,3483,14,1
7513,52.1,45.53,2022,84,1462,80,4853,13,0
7514,45.9,44.55,2839,52,915,83,710,4,1
7515,60,50.13,1379,43,1434,27,1956,3,1
7516,45.5,46.41,1715,91,1946,52,2881,13,0
7517,23.9,48.73,1589,90,2979,57,4985,9,0
7518,35,47.76,1204,57,2790,29,2166,7,0
7519,31.8,48.95,1213,99,900,54,2543,6,1
7520,59.2,52.1,2465,49,1585,89,184,3,1
7521,47.5,51.43,1409,58,957,45,943,4,1
7522,58.2,44.54,2731,95,3243,54,3228,5,1
7523,50.5,44.14,2983,93,3137,76,1019,3,1
7524,61.6,50.78,668,82,2099,37,1401,1,1
7525,38.3,43.65,1740,44,3418,57,4848,3,1
7526,66.6,51.1,2707,75,943,83,2617,1,1
7527,58.9,49.54,1517,59,1353,87,160,5,1
7528,27.5,46.89,1278,98,1544,25,4720,2,0
7529,67.2,48.43,1068,44,3092,61,869,4,1
7530,36,44.15,2147,66,2952,20,786,1,1
7531,51.4,43.61,642,81,1893,48,4878,14,1
7532,41,47.85,1953,100,1613,58,4545,4,0
7533,26.4,49.2,770,84,2585,65,437,4,0
7534,44.9,43.13,2726,56,3441,86,2435,3,1
7535,45.2,49.24,937,92,2426,37,2849,5,0
7536,52.5,46.64,2770,45,3491,76,2920,4,1
7537,26.3,42.79,893,66,2036,90,4801,2,1
7538,55.1,48.34,2331,46,3308,77,4928,13,1
7539,37,42.83,1382,69,2691,63,4009,10,1
7540,35.3,42.33,2309,85,969,23,549,9,1
7541,66.6,43.86,2149,48,3065,28,3033,2,1
7542,61.5,51.04,2101,40,2365,34,2357,7,1
7543,29.1,42.43,2385,58,2502,92,415,14,1
7544,35,43.59,1299,59,1869,64,1262,2,1
7545,21.7,53.31,2317,94,1230,49,2473,2,0
7546,70,53.05,2904,51,3490,29,3134,7,1
7547,23,51.03,2393,73,3459,82,1130,15,0
7548,20.2,48.32,2701,95,2772,77,437,7,0
7549,53.7,49.14,1908,73,2214,58,2975,11,0
7550,36.7,51.76,652,63,968,81,4580,6,1
7551,50.5,46.06,2037,90,2866,45,3739,13,0
7552,51.6,50.56,2590,71,2818,87,227,6,0
7553,26.1,49.95,1209,44,1250,76,2412,14,1
7554,59.6,50.69,2937,58,978,69,4045,6,1
7555,37.7,46.41,2590,97,3289,53,1403,13,0
7556,55.9,43.46,1123,46,947,86,1119,6,1
7557,59.4,47.77,1605,94,2293,29,293,15,1
7558,39.5,51.65,1064,85,1757,30,2766,4,0
7559,29.1,53.16,841,85,2903,95,371,7,0
7560,37.1,42.81,2778,43,1723,23,294,15,1
7561,32.1,49.45,1714,72,2276,93,501,1,0
7562,64.2,51,922,68,2061,25,3994,14,1
7563,31.4,43.58,2162,76,2187,93,1478,1,1
7564,38.9,43.9,2040,45,3001,69,3490,10,1
7565,58.1,43.54,2480,53,3393,52,2544,12,1
7566,34.9,43.25,1920,71,812,50,4278,2,1
7567,68.9,46.48,792,94,1112,75,1955,4,1
7568,27.4,52.46,1659,92,929,69,2475,10,1
7569,58.6,49.21,896,50,1474,28,2174,2,1
7570,39.6,47.61,1579,78,1216,53,3411,11,0
7571,48.4,46.27,1756,77,2865,70,4793,2,0
7572,29,43.06,2543,88,3472,87,340,11,1
7573,66.4,49.8,1434,62,1596,81,4144,11,1
7574,54.7,42.41,500,62,2853,31,1297,12,1
7575,23.1,48.46,1448,55,1783,48,4771,12,0
7576,35,46.31,2594,43,2763,32,2318,1,1
7577,58.9,52.01,629,79,3249,57,953,9,1
7578,57,49.11,1575,69,3059,91,3207,15,1
7579,61.6,43.45,2621,59,2736,92,3062,9,1
7580,46.7,48.98,755,97,2164,22,1854,14,0
7581,33.2,52.9,1969,48,2797,35,486,2,1
7582,54.5,46.39,873,69,1737,89,1915,1,0
7583,65.6,43.37,988,60,1497,45,343,3,1
7584,38.3,44.73,733,56,2449,32,4516,14,1
7585,37.1,42.84,2627,65,1514,29,4868,12,1
7586,53.2,47.62,2605,67,1199,74,503,1,1
7587,66.6,48.58,1543,49,1199,24,3985,9,1
7588,66.6,46.74,1695,56,2879,54,3830,1,1
7589,24.1,53.06,589,61,1108,36,4810,12,1
7590,31.8,51.58,1697,79,1176,32,4637,14,1
7591,34,53.76,756,66,2405,24,1873,13,0
7592,52.1,50.69,1481,80,3301,75,4649,1,0
7593,22,45.92,2558,68,2635,33,1945,4,0
7594,29.3,47.9,1256,72,1908,20,1919,1,0
7595,37.5,43.93,599,63,1983,46,4888,5,1
7596,67.6,49.44,1727,85,2527,90,1603,9,1
7597,56.7,47.51,554,79,1068,36,2268,6,1
7598,60.6,45.38,671,84,3429,58,3077,15,1
7599,51.1,42.25,745,49,2112,43,3426,8,1
7600,28.4,49.86,2964,57,3296,35,3236,8,0
7601,30.8,48.59,1210,83,1230,51,4073,2,0
7602,48.9,50.61,1106,69,3448,92,4415,5,0
7603,38.5,50.86,1452,45,2382,33,1492,9,1
7604,50.3,52.55,1223,96,1710,31,763,6,0
7605,26.6,45.44,2884,98,1056,47,1148,14,1
7606,35.2,44.02,1868,41,2316,78,2296,9,1
7607,27.4,42.69,1578,51,1489,52,1309,4,1
7608,38.9,43.37,2350,99,2816,34,1237,15,1
7609,41.2,49.01,1303,91,2871,32,3416,11,0
7610,47.1,49.45,1732,62,987,95,3857,3,1
7611,44.7,42.8,1317,54,2359,93,1015,4,1
7612,67,49.18,1995,47,2513,29,752,7,1
7613,26,48.7,2337,79,1451,45,1363,9,0
7614,28.3,44.57,2080,75,3281,91,338,1,1
7615,47.7,46.84,893,71,2738,27,2759,13,0
7616,20,52.99,1137,67,2721,64,2806,3,0
7617,47.3,44.53,2360,70,1844,51,2517,1,1
7618,35,43.65,685,45,1851,71,1535,3,1
7619,55.4,50.69,1121,96,2788,53,4405,1,1
7620,37.6,47.13,786,71,3180,60,1878,2,0
7621,37.5,45.02,2707,62,1495,30,1959,6,0
7622,41.2,50.14,2116,90,2843,43,4179,5,0
7623,34.5,48.64,2381,40,2504,95,3583,13,1
7624,67.1,49.14,2264,76,1984,45,4701,7,1
7625,58.2,47.8,794,57,2717,41,2938,12,1
7626,58.7,50.15,2780,40,3241,38,2547,13,1
7627,32.6,42.55,2051,84,943,68,1000,13,1
7628,62.3,45.33,976,98,838,59,902,4,1
7629,64.7,46.94,1208,98,2767,30,1483,8,1
7630,41.1,43.47,2527,56,3308,51,570,9,1
7631,62.7,53.68,1999,45,2793,29,608,4,1
7632,67.2,48,547,52,1076,53,4232,7,1
7633,59.5,42.45,608,88,873,48,477,8,1
7634,56.6,45.63,683,49,1520,85,3646,14,1
7635,59.4,53.29,1559,69,3185,52,2553,2,1
7636,33.8,53.38,2864,53,2354,37,3175,2,1
7637,56.3,52.83,2567,57,2687,63,3544,10,1
7638,44.6,47.72,2758,44,3444,31,2919,14,1
7639,52.1,47.39,1215,98,1905,85,2035,8,0
7640,36.3,50.99,2456,91,1918,88,2052,1,0
7641,48.5,48.24,877,55,2520,43,1656,15,0
7642,48,47.46,2518,43,3250,47,3103,13,1
7643,37.9,48.27,2693,96,1776,85,3603,14,0
7644,58.3,47.22,1984,80,3257,80,2402,3,1
7645,39.6,51.51,2378,49,1440,43,996,3,1
7646,58.5,50.11,1082,87,1857,66,2798,3,1
7647,68.3,51.01,514,65,2656,59,4395,2,1
7648,47.5,53.1,2369,70,1330,95,345,12,0
7649,23.4,52.13,1913,51,1993,82,4395,15,1
7650,58.5,44.8,1504,94,947,71,2827,13,1
7651,27.8,43.81,2920,76,1989,73,1767,12,1
7652,37.7,49.24,777,94,2080,51,2332,2,0
7653,59.3,50.87,2580,90,2419,58,2228,3,1
7654,30.7,46.91,2390,65,3054,46,4890,14,0
7655,21.2,51.37,2055,47,3137,33,2804,12,1
7656,26.5,53.08,1139,52,2201,66,2291,13,1
7657,36.2,51.72,2385,86,1642,35,1783,6,0
7658,30.1,47.19,2945,69,2266,27,1388,15,0
7659,29.7,49.35,2663,41,3080,80,1873,11,1
7660,62.7,45.65,851,55,1343,70,4549,11,1
7661,20.4,42.99,2540,72,957,53,1357,12,1
7662,28.4,53.53,758,67,1306,27,2961,13,0
7663,35.1,50.69,647,91,2120,20,172,14,0
7664,34.2,45.11,866,96,942,40,2102,5,1
7665,59.7,50.3,800,59,3402,64,2466,2,1
7666,22.2,46.26,1555,57,2672,72,1441,5,0
7667,28.4,45.72,2750,74,2842,95,2173,11,0
7668,29.2,45.83,972,93,1890,36,4840,6,0
7669,46.3,52.9,2358,91,3368,71,3036,10,0
7670,62,45.43,630,65,2265,20,4676,8,1
7671,26.9,53.07,1395,99,2088,51,4716,9,0
7672,46.5,46.57,2860,54,2182,85,4404,7,1
7673,26.1,47.56,1660,63,3104,88,1119,15,0
7674,69.7,47.09,1043,92,2952,83,2593,14,1
7675,23.8,45.21,2438,57,1155,53,4346,14,1
7676,59.6,53.81,2656,73,2839,31,1601,6,1
7677,63.4,43.08,1293,44,3423,95,188,10,1
7678,27,46.83,1408,95,3371,81,479,14,0
7679,61.3,51.52,1756,43,3344,58,4678,1,1
7680,34.6,53.06,1035,57,976,36,4214,10,1
7681,26.7,42.56,2884,58,951,85,3301,5,1
7682,56.9,45.59,2036,51,3417,72,1013,13,1
7683,66.8,45.79,905,64,971,20,4361,10,1
7684,20.3,52.45,2466,53,1878,76,4802,10,1
7685,52.7,48.04,555,40,1918,43,1503,10,1
7686,49.7,48.87,1686,91,1641,68,4816,9,0
7687,52.8,49.44,2630,55,3188,66,1932,5,0
7688,57.6,46.01,2680,64,853,51,3089,4,1
7689,49.5,51.19,2293,87,1837,56,2668,6,0
7690,53.6,42.27,1128,67,2806,43,572,12,1
7691,45.8,45.4,2587,84,1255,23,4413,4,0
7692,50.3,46.63,1489,59,1085,89,2387,2,1
7693,60.7,52.42,2055,63,907,23,2175,5,1
7694,68,44.32,2726,74,1799,60,2455,2,1
7695,26.2,50.27,2663,86,2538,35,3894,1,0
7696,24.2,48.15,1981,77,1316,37,3202,4,0
7697,29.6,43.08,2155,52,3492,70,1024,13,1
7698,27.2,47.27,1551,40,2470,73,3569,14,1
7699,33.2,48.96,2062,57,3327,95,2356,4,0
7700,31.3,47.21,1340,98,1708,89,2908,13,0
7701,54.3,48.52,1427,67,1128,47,121,9,1
7702,55.5,52.93,2832,58,2008,21,4241,7,1
7703,57.4,45.78,850,64,2660,74,1981,1,1
7704,61.3,53.72,2273,51,2712,22,3034,12,1
7705,35.7,51.65,2777,67,924,73,1580,9,1
7706,39.9,49.81,635,98,1175,81,441,10,1
7707,26.4,53.36,636,92,3247,48,3822,4,0
7708,30.8,46.86,2171,46,2704,87,4957,5,1
7709,58.5,42.71,1019,56,1937,58,1507,6,1
7710,48.8,52.26,1643,81,2692,43,1568,1,0
7711,61.4,50.6,2365,94,2109,30,993,13,1
7712,56.2,42.46,1974,41,1691,48,4702,13,1
7713,42.7,50.04,1027,95,1771,89,4401,8,0
7714,49.5,49.83,2575,48,903,81,1993,2,1
7715,63.3,44.93,2350,83,2872,37,3545,14,1
7716,55.6,45.05,1450,49,1150,63,816,13,1
7717,42.7,48.39,2513,89,1983,58,2742,13,0
7718,65.6,51.22,1541,41,3323,92,2986,3,1
7719,28.1,43.33,2135,86,3273,78,4349,11,1
7720,24.4,50.88,1959,43,1641,64,464,12,1
7721,34.8,47.26,1988,97,1987,45,2089,4,0
7722,30.3,45,2484,66,3069,20,3997,13,0
7723,51.6,50.03,2723,45,2561,84,1025,13,1
7724,63.1,52.33,2816,88,3205,68,914,15,1
7725,24.3,45.84,1698,48,1954,63,1785,3,1
7726,42.8,48.01,2243,41,1823,27,3549,8,1
7727,50.5,42.3,2626,40,2168,71,2990,2,1
7728,52.5,48.6,1137,75,914,47,2923,13,1
7729,34.5,48.47,2033,45,1608,22,1059,10,1
7730,26.9,51.88,2966,43,1592,45,2248,9,1
7731,25.2,52.8,1382,74,1402,32,4489,6,0
7732,67.2,52.68,1492,70,1362,61,545,11,1
7733,34.2,48.07,2946,91,1665,46,656,7,0
7734,50.3,45.46,2508,55,1939,51,2137,9,0
7735,23.8,47.47,599,46,1036,54,1044,4,1
7736,26.8,47.98,2929,82,1540,75,2902,15,0
7737,50.7,44.84,1803,42,1141,50,4302,10,1
7738,20.6,50.22,2862,89,1107,68,3085,9,1
7739,28.7,50.97,811,65,1283,22,2386,1,0
7740,64.8,51.41,2481,67,2989,39,1271,11,1
7741,53.2,45.4,985,56,2873,87,2338,11,0
7742,44.6,48.96,2840,44,1680,63,4024,15,1
7743,49.8,42.35,1997,42,2863,68,3194,13,1
7744,40,42.34,2626,95,3190,21,232,15,1
7745,53.2,52.26,1035,41,1494,36,4174,2,1
7746,25.7,43.86,1619,61,2649,33,2567,10,1
7747,43.4,49.16,1374,52,1330,37,3160,6,1
7748,68.8,47.75,1586,73,2075,73,4087,7,1
7749,39.6,48.37,2701,56,3267,89,4480,10,0
7750,53.6,50.76,2675,52,995,63,1919,12,1
7751,48.8,48.63,1266,62,2677,42,4927,8,0
7752,57.9,50.66,541,77,2045,59,2784,13,1
7753,42.6,50.79,2637,62,1587,26,1102,3,0
7754,56.6,47.93,1605,54,3483,60,4643,5,1
7755,35.6,42.04,1027,56,3182,49,3177,12,1
7756,49.3,52.88,659,88,3427,47,1678,3,0
7757,41.2,50.4,1846,59,1677,72,4734,5,0
7758,60.9,53.8,547,95,2643,86,4361,11,1
7759,39.4,46.1,1963,81,2510,25,130,14,0
7760,48.3,47.21,1752,93,3401,41,242,10,0
7761,34.3,49.77,1131,58,1244,78,3742,8,0
7762,44.4,52.59,2427,43,2665,56,460,6,1
7763,56.2,53.8,2666,52,1391,56,1095,3,1
7764,39.3,53.15,2138,88,3399,84,2732,12,0
7765,32.6,53.82,711,89,2498,72,2979,8,0
7766,38.1,44.38,2730,75,1457,86,270,5,1
7767,41.9,49.21,1068,70,3303,80,4774,11,0
7768,35.6,52.26,2582,53,3418,22,532,2,1
7769,33.3,53.21,2734,52,2358,21,2240,13,1
7770,56.5,48.49,746,59,1657,83,4034,4,1
7771,30.6,50.53,860,93,1417,27,4355,6,0
7772,43.7,51.76,2766,91,1972,39,4455,2,0
7773,54.8,49.03,2484,41,2817,56,4264,13,1
7774,56.5,51.65,1766,63,1324,90,3838,2,1
7775,22.8,50.99,1566,74,1435,37,924,4,0
7776,50.1,51.7,1239,65,2416,26,763,2,0
7777,41.3,49.5,1726,88,3117,49,1587,5,0
7778,58.6,43.42,2834,84,1455,53,298,2,1
7779,49.4,43.93,2230,43,1418,92,4437,15,1
7780,67.2,52.97,639,50,2773,27,4853,6,1
7781,38.4,49.81,1552,76,2316,83,2855,4,0
7782,42.4,42.42,743,48,2513,24,155,5,1
7783,56.6,49.12,2275,91,956,41,3277,9,1
7784,34.2,50.88,1949,84,2438,87,1890,13,0
7785,37.3,45.47,938,71,2263,83,2700,8,0
7786,33.8,48.4,2109,95,1221,49,4385,2,0
7787,54.2,53.78,2345,84,950,38,2819,12,1
7788,61.3,49.28,1362,83,1876,83,3849,7,1
7789,45.8,52.23,2913,40,2384,25,1199,7,1
7790,46,51.78,2285,51,3350,72,4731,2,1
7791,62.8,47.51,2495,42,2162,42,2789,15,1
7792,31.1,49.08,730,76,1208,35,484,11,0
7793,44.2,45.8,1007,77,2756,35,1298,15,0
7794,44.7,46.12,1093,89,2899,64,3161,9,0
7795,54.3,42.92,2059,56,2039,23,2768,11,1
7796,61.6,46.74,2074,69,1860,78,4347,8,1
7797,40.9,49.88,2262,98,3159,90,3658,15,0
7798,63.1,45.17,2326,95,3351,73,3217,2,1
7799,28.3,46.23,1283,76,1796,36,2187,14,0
7800,57,53.41,609,97,2613,83,4724,15,1
7801,62.4,43.25,2755,66,2104,83,4208,13,1
7802,63.8,50.07,1661,78,868,20,1668,6,1
7803,57.8,45.04,1080,76,3063,55,503,2,1
7804,33.1,44.62,2273,83,957,86,957,6,1
7805,64.8,43.26,1521,46,1422,71,4182,10,1
7806,56.6,52.07,1101,52,1103,66,4940,13,1
7807,67.4,49.13,2831,63,2220,86,792,4,1
7808,35.5,44.14,2627,91,893,32,1803,12,1
7809,41.5,49.29,1030,57,3353,86,306,11,0
7810,44.7,49.41,2552,88,1751,32,3402,3,0
7811,34.7,50.88,1098,99,3308,52,2447,6,0
7812,33.8,42.96,896,87,1718,60,3107,2,1
7813,36.4,52.29,1548,60,2064,82,3837,3,0
7814,57,47.25,2646,82,2889,67,3713,14,1
7815,47.8,49.6,2648,55,3340,23,2360,11,0
7816,63.8,52.61,1560,70,1381,93,1180,3,1
7817,66,52.67,1050,84,1607,86,150,6,1
7818,44.9,50.02,525,77,2677,34,3543,12,0
7819,22,47.1,1352,43,3349,61,868,6,1
7820,28.4,44.27,2590,67,3303,28,4083,1,1
7821,55.6,49.11,1277,44,1418,44,379,8,1
7822,21.7,44.4,2421,43,2483,90,3813,8,1
7823,21.9,46.49,1812,90,1554,59,3545,1,0
7824,34.5,48.32,2678,91,1771,74,2364,1,0
7825,58.4,53.7,1294,90,1162,67,4581,10,1
7826,67.5,45.36,1938,81,1238,25,4985,15,1
7827,29,43.34,798,97,1710,61,3620,3,1
7828,69.7,45.84,1204,86,2709,25,4217,12,1
7829,27.9,46.78,1599,86,2796,68,4506,10,0
7830,37.7,44.58,986,80,1410,62,2186,4,1
7831,22.9,44.86,1510,57,1558,82,3328,13,1
7832,55.3,51.45,897,92,1331,60,1271,1,1
7833,32.5,47.53,1225,59,2409,62,1648,2,0
7834,42.7,47.63,923,92,2922,45,3401,1,0
7835,31.6,50.27,2544,91,1605,63,4704,15,0
7836,27.1,46.94,2746,84,1842,43,3217,12,0
7837,30.8,51.65,2934,46,800,20,4177,9,1
7838,38.2,45.47,2357,94,3206,33,1056,9,0
7839,53,47.08,922,71,1928,69,906,1,0
7840,63.9,47.93,869,84,1606,56,1684,6,1
7841,65.3,51.1,2850,89,2485,44,2518,9,1
7842,35.4,51.61,1917,93,1903,41,1389,13,0
7843,27.7,51.23,1661,48,1470,61,1504,10,1
7844,65.6,50.93,1997,74,1049,22,326,14,1
7845,61.4,46.47,848,50,2920,47,1096,12,1
7846,30.9,44.01,2294,80,2689,52,3647,5,1
7847,52.8,50.91,2471,47,2854,71,3160,14,1
7848,43.1,44.03,1379,71,2465,89,3475,13,1
7849,47.1,47.32,1715,91,1823,71,4966,4,0
7850,51.4,44.94,2157,70,3174,78,3019,1,1
7851,44,43.21,2745,60,982,30,2849,8,1
7852,50.2,42.82,1977,51,2624,21,3744,5,1
7853,31.2,42.59,1412,98,3237,52,2989,8,1
7854,23.3,50.9,1932,82,1308,93,3571,6,0
7855,50.3,48.46,2524,93,2206,93,3775,8,0
7856,64.8,47.46,606,50,3123,29,2663,12,1
7857,48.8,44.74,2944,72,1683,51,1507,12,1
7858,22,50.6,2873,92,3156,31,1619,9,0
7859,21,44.97,1062,80,3219,44,4367,10,1
7860,40.1,42.62,1394,56,2969,65,2251,3,1
7861,62.7,43.08,1958,94,1789,47,989,15,1
7862,57.7,50.22,2008,72,2518,46,448,13,1
7863,22.4,50.25,2405,70,2264,63,2868,8,0
7864,37.2,43.03,2703,89,971,71,4549,12,1
7865,36.9,42.67,575,55,3123,25,3609,4,1
7866,39.2,44.86,2104,100,2317,41,3793,10,1
7867,65.2,47.55,2506,100,1910,27,4361,15,1
7868,60.1,42.9,1018,64,2028,64,508,6,1
7869,24.7,48.36,2684,82,821,94,367,15,1
7870,35.6,49.14,749,80,2988,66,1332,9,0
7871,36.3,51.98,2076,50,2328,51,4472,4,1
7872,49.4,43.13,2623,57,1608,88,4734,7,1
7873,26.9,46.44,1303,91,2239,86,3530,7,0
7874,62.5,45.48,2098,46,3284,23,4916,15,1
7875,44.8,48.87,2276,80,2237,33,4202,7,0
7876,65.1,48.77,1533,89,2060,42,538,3,1
7877,42.9,50.2,2185,52,2265,42,4187,2,1
7878,26,43.66,2307,47,2641,73,1007,10,1
7879,57.9,49.23,2628,91,2208,85,1356,13,1
7880,65.5,53.66,1209,66,1725,85,3612,9,1
7881,22.9,49.9,2474,77,3009,76,1139,4,0
7882,28.4,46.06,2508,63,882,45,3412,14,1
7883,37.1,48.02,1756,90,1737,55,1954,7,0
7884,20.4,44.9,609,72,1341,25,3261,4,1
7885,37.6,46.96,2959,69,1644,53,1667,14,0
7886,50.5,50.17,1043,57,890,57,4714,8,1
7887,22.8,49.92,1890,96,2863,69,3213,13,0
7888,29.3,46.72,1354,96,2250,74,2806,4,0
7889,22.5,52.94,2406,61,1178,57,3100,1,1
7890,65.5,53.43,960,57,805,31,3897,11,1
7891,40.8,53.81,2370,45,2197,56,4912,9,1
7892,68,48.05,2930,40,2916,71,1835,10,1
7893,24.9,51.32,2210,47,1445,50,2758,5,1
7894,30.6,42.73,2426,57,1559,57,1090,6,1
7895,26.1,45.37,2705,43,1874,45,2737,10,1
7896,28.6,51.3,1013,66,1495,57,1980,5,0
7897,51,51.99,2378,80,1725,82,2999,2,0
7898,66.6,45.62,2106,74,1500,61,2218,6,1
7899,30.7,50.42,1281,45,3175,66,3884,10,1
7900,31.1,51.27,657,43,3197,81,2361,1,1
7901,34.4,43.3,2438,81,2848,69,2718,6,1
7902,39.9,53.3,1442,46,1643,76,4757,13,1
7903,56.9,47.45,2104,88,932,20,4232,6,1
7904,26.7,46.82,1714,66,931,69,2005,4,1
7905,40.6,42.14,2260,99,884,60,1094,1,1
7906,20.9,44.66,1105,64,2307,85,4200,12,1
7907,58.1,42.36,1901,50,3072,74,1943,11,1
7908,47.4,49.7,2312,47,1599,78,3567,13,1
7909,38.9,52.68,1967,45,1095,57,3557,1,1
7910,58.8,48.77,647,63,3049,37,2237,1,1
7911,37,53.45,1115,45,1001,49,3563,13,1
7912,37.3,48.28,2603,97,2649,27,2915,7,0
7913,23.3,52.36,2731,96,1405,69,4062,2,0
7914,24.4,53.75,2345,70,3008,72,3833,7,0
7915,49.5,44.75,2448,60,2330,72,4307,10,1
7916,23.5,53.29,1466,55,2540,47,3395,13,0
7917,54.5,46.02,2861,71,1771,86,3497,5,0
7918,40.4,52.36,1093,71,2472,24,2849,7,0
7919,51.7,47.52,831,83,3397,90,3182,3,0
7920,24.4,44.48,2198,85,3005,93,3141,1,1
7921,62.9,45.54,1285,44,1029,62,253,7,1
7922,44.9,49.04,1645,93,3232,76,3581,3,0
7923,34.3,47.12,854,48,1418,39,2140,7,1
7924,47.1,49.43,1107,40,3082,91,1094,7,1
7925,68.6,52.94,1121,69,941,81,494,3,1
7926,22.1,49.22,2177,46,1377,52,3125,9,1
7927,24.3,44.3,2723,69,1184,89,870,15,1
7928,26.2,52.12,924,84,2863,48,307,1,0
7929,46.6,42.66,1713,58,954,91,336,15,1
7930,60.7,53.32,866,80,2463,35,1732,15,1
7931,30.3,50.41,2741,98,2242,76,1220,10,0
7932,29.9,44.78,2728,46,872,77,3084,4,1
7933,62.2,43.55,2680,65,3275,82,3924,15,1
7934,69.8,46.08,2992,89,914,20,4876,11,1
7935,65.3,53.53,1717,82,2047,21,3709,4,1
7936,46.9,47.65,2869,78,2694,69,1023,3,0
7937,26.4,48.84,1857,66,3013,47,4900,8,0
7938,28.5,45.87,715,63,883,94,2161,8,1
7939,29.8,50.43,2706,90,3447,89,715,12,0
7940,39.1,42.93,684,90,2629,55,4703,14,1
7941,43.2,51.58,2574,41,2371,89,2064,12,1
7942,27,42.11,2765,89,3284,41,306,4,1
7943,43.2,42.67,2771,55,2386,78,448,15,1
7944,53.1,42.04,2720,50,2497,88,2753,4,1
7945,69,45.64,1874,96,992,31,1206,7,1
7946,30.8,52.98,1834,46,1438,74,4319,6,1
7947,23.7,51.51,2162,81,1557,40,1629,13,0
7948,58.3,50.97,966,41,3312,73,818,5,1
7949,24.3,53.57,1614,56,2550,44,3553,2,0
7950,69.3,49.39,1833,88,1398,27,2709,7,1
7951,38.8,47.69,1463,58,1552,33,2124,8,0
7952,37.3,51.08,2603,75,3183,25,4109,1,0
7953,55,51.62,2596,55,1463,56,2256,3,0
7954,21.5,48.82,1525,44,1555,86,1555,11,1
7955,69.3,51.65,2320,56,3096,40,4495,4,1
7956,21.5,52.56,1334,47,1207,31,611,4,1
7957,32.5,53.97,2236,67,3244,77,4562,8,0
7958,41.9,42.32,940,86,1468,75,1143,6,1
7959,46.8,52.7,2789,98,1217,72,2287,6,0
7960,51.5,48.08,1442,72,2214,43,2201,1,0
7961,55.2,49.51,1764,93,1437,27,3079,2,1
7962,56.3,51.54,2785,99,1010,57,4098,9,1
7963,44.1,51.57,1859,74,1950,65,3972,12,0
7964,63.4,50.65,2140,84,824,21,4644,8,1
7965,65,42.48,2793,60,2363,62,4358,3,1
7966,29.9,48.68,2164,82,1844,25,4347,1,0
7967,59.2,44.51,2234,81,1196,64,3032,1,1
7968,58.9,45.45,2650,72,1100,39,1865,1,1
7969,23.2,52.15,1182,51,1423,68,417,11,1
7970,20.8,48.68,2036,70,1478,66,473,3,0
7971,49.4,45.4,2329,47,1175,90,3881,5,1
7972,61.7,52.46,569,94,3180,69,2097,11,1
7973,26.4,52.92,2198,85,3491,31,2165,6,0
7974,50,50.21,2262,95,1210,43,4972,9,0
7975,34.5,50.45,2226,71,3465,89,4168,8,0
7976,23.4,43.34,1501,96,859,76,328,5,1
7977,44.4,51.79,1418,47,1240,94,1448,3,1
7978,53.6,45.18,962,89,2133,46,3582,4,0
7979,28.3,51.55,2257,93,1896,28,1174,10,0
7980,21.6,50.62,2562,48,2930,45,112,15,1
7981,54.8,49.92,1092,66,2936,31,759,9,0
7982,66.9,48.99,2300,61,2748,62,4291,10,1
7983,48.7,48.9,1894,85,2943,49,4498,9,0
7984,63.3,45.74,1255,43,1700,78,4621,7,1
7985,25.3,48.9,2824,89,2680,35,2726,15,0
7986,28.2,51.29,1022,41,2632,80,2320,7,1
7987,60.1,45.32,1075,98,2434,21,2811,4,1
7988,39.7,47.93,2464,47,3355,82,3987,6,1
7989,47.2,49.32,2254,58,1105,95,821,1,1
7990,25,48.39,1651,78,1590,57,1491,13,0
7991,31.4,53.66,1153,84,2119,64,1626,13,0
7992,36.2,46.76,1167,66,2481,36,1744,6,0
7993,60.7,53.33,950,94,3177,40,2662,6,1
7994,23.9,50.07,2668,59,1079,24,1579,5,1
7995,66,53.31,2630,56,1680,59,2843,13,1
7996,49,46.51,1990,87,2680,87,153,10,0
7997,47,44.52,1717,87,2380,32,325,8,1
7998,25.7,43.75,1446,82,1534,44,4171,14,1
7999,53.4,48.84,2796,91,2105,95,545,11,0
8000,39.1,43.3,1429,55,2959,25,1318,9,1
8001,20.2,52.84,2950,52,2416,43,4539,14,1
8002,49.2,53.07,1841,94,857,25,3408,5,1
8003,57.2,53.57,2666,87,2143,50,3410,3,1
8004,64.5,51.34,1361,58,1597,54,150,1,1
8005,53.7,48.97,2985,94,2593,65,2481,12,0
8006,33.3,48.19,1012,63,3236,42,1072,13,0
8007,32.2,44.26,1751,93,3107,31,2052,7,1
8008,24,48.87,2542,84,831,82,926,9,1
8009,66.9,46.36,1990,86,1980,89,4820,2,1
8010,24.4,52.07,963,86,3033,39,4710,9,0
8011,28.6,49.88,2813,89,3377,75,4352,5,0
8012,21,47.07,1666,78,1685,87,1413,15,0
8013,42.2,50.68,1117,71,943,65,4791,4,1
8014,26.6,43.63,1882,43,2675,78,3198,6,1
8015,45.2,50.86,1911,44,2031,73,4810,12,1
8016,22.4,47.8,2161,78,2356,53,2952,4,0
8017,50.3,50.31,2758,71,2851,52,3379,12,0
8018,68.3,48.11,932,75,2684,79,4493,8,1
8019,27.5,42.18,2377,72,1409,37,3583,4,1
8020,24.1,49.01,1897,97,1683,32,2782,15,0
8021,38,47.94,2149,86,2364,48,2040,10,0
8022,46,43.6,2448,40,2528,79,2737,14,1
8023,54.3,47.02,2006,59,3121,59,4120,11,0
8024,63.7,45.76,2759,93,1027,28,2453,1,1
8025,36.3,48.53,2112,75,2897,94,331,7,0
8026,50.1,44.2,1372,85,1396,37,3549,8,1
8027,37.5,48.85,2235,63,1810,80,4918,2,0
8028,34.2,47.97,1544,99,3311,51,160,3,0
8029,24.5,42.66,1490,48,1218,70,4744,4,1
8030,28.2,53.87,501,61,1862,82,2055,15,0
8031,20.3,49.89,1549,90,2454,32,4825,11,0
8032,41.3,47.77,2506,51,2090,73,3833,8,1
8033,29.2,43.93,2081,94,2619,74,564,13,1
8034,21.7,43.06,2235,47,2513,82,2129,4,1
8035,40.9,51.24,1998,96,1274,26,1892,14,0
8036,34.9,51.67,543,58,2347,87,4376,7,0
8037,61.8,47.2,1918,86,1079,94,4474,7,1
8038,69.5,48.22,1210,72,934,26,3684,6,1
8039,32.9,46.54,1195,94,1477,38,974,7,0
8040,59.7,50.15,2056,95,1696,45,2180,13,1
8041,45.4,53.22,2472,81,2928,41,2059,7,0
8042,64.1,49.84,2497,48,1150,91,4133,15,1
8043,39.7,45.24,1731,90,2232,88,3967,10,0
8044,32.4,48.62,2620,62,3033,76,1942,8,0
8045,31.8,46.78,2226,73,3400,71,4147,6,0
8046,58.1,50.79,590,80,2037,76,1312,1,1
8047,33.5,47.59,1315,80,2355,31,4534,6,0
8048,66.8,50.63,1951,76,822,70,164,13,1
8049,47.6,53.79,2811,56,923,37,514,6,1
8050,49,46.15,726,85,1337,45,4488,15,0
8051,31.5,46.2,711,49,3101,37,1095,6,1
8052,21.1,50.03,2109,99,3268,78,2427,15,0
8053,31.5,45.31,1494,63,2770,35,3554,13,0
8054,24.1,44.95,1108,53,3151,64,1948,5,1
8055,55,43.15,2510,66,3457,21,1675,10,1
8056,29.6,45.16,1488,99,2544,85,290,2,0
8057,24.6,43.72,651,79,2127,65,176,1,1
8058,38.4,48.27,2661,70,2015,95,2997,13,0
8059,53.2,50.86,2218,96,1020,26,1763,12,1
8060,56.9,47.9,2451,84,932,23,949,6,1
8061,55.7,44.51,2333,88,1072,56,687,7,1
8062,61.3,48.83,1862,43,3039,39,4694,15,1
8063,29.7,51.1,2697,88,1371,35,3564,11,0
8064,63.7,44.13,752,62,2047,75,4082,4,1
8065,24.9,49,2858,88,3057,91,4605,1,0
8066,69.6,48.48,2513,63,2805,60,1379,10,1
8067,60.3,47.33,2325,48,3438,52,2644,2,1
8068,56.5,45.43,2112,46,2101,69,3167,14,1
8069,56,50,2583,57,3374,75,3303,3,1
8070,50.4,53.35,1964,90,2643,72,1598,12,0
8071,34.1,49.22,558,49,911,24,4545,3,1
8072,21.9,48.63,1015,42,1643,80,4875,7,1
8073,69.2,45.07,2261,82,2175,67,3141,2,1
8074,47.2,48.89,2462,60,2094,53,703,3,0
8075,66.6,53.92,2131,88,2977,63,1796,2,1
8076,57.5,48.62,1397,67,1036,74,3881,7,1
8077,23.9,42.2,681,69,1731,77,3942,3,1
8078,21.6,44.76,2865,49,1477,47,2312,13,1
8079,48.2,45.91,2849,71,2976,45,2142,2,0
8080,50.6,42.78,1866,99,2833,59,3086,3,1
8081,30.4,50.18,585,57,2652,52,4608,9,0
8082,68.5,49.25,1538,78,2870,24,2781,9,1
8083,60.2,43.52,2229,87,1527,60,3270,3,1
8084,47.3,49.65,624,72,2051,72,2332,3,0
8085,32.4,51.33,2208,76,1008,44,2243,15,1
8086,60.5,49.65,965,69,1798,57,2740,12,1
8087,53.9,46.79,1499,45,2402,71,2867,4,1
8088,59.4,51.03,1724,54,2368,23,4883,15,1
8089,67.9,52.94,2691,63,2383,55,2822,6,1
8090,46.9,44.29,1887,43,1026,46,1212,13,1
8091,67.3,48.11,1934,75,898,40,318,8,1
8092,20.2,46.87,1415,63,2796,27,2745,14,0
8093,39.6,42.57,2140,83,2366,85,2626,6,1
8094,40.3,42.78,1467,80,3201,31,851,5,1
8095,52.4,53.79,753,76,3157,38,3939,2,0
8096,23,45.3,2761,82,2035,61,2068,15,0
8097,59.1,42.02,2805,91,2227,40,2723,9,1
8098,69.9,49.44,2363,99,3397,29,653,12,1
8099,31,51.95,725,46,1668,63,4078,9,1
8100,69.3,45.28,1113,76,3309,59,2722,3,1
8101,67.9,47.18,1034,87,2740,91,2190,8,1
8102,45.3,44.91,1737,96,1684,35,4350,14,1
8103,22.9,42.27,1156,56,3017,52,4636,8,1
8104,38,47.55,1905,42,2914,90,1023,14,1
8105,25.4,44.66,2451,81,1474,75,2788,6,1
8106,29.5,49.09,1656,99,2385,34,2265,11,0
8107,41.2,49.41,2057,76,1119,84,1970,10,1
8108,20.6,42.72,2580,51,1444,48,4026,7,1
8109,64.8,46.94,998,80,1443,56,1908,2,1
8110,55.5,42.2,2903,78,2197,81,4953,5,1
8111,25.3,47.64,1440,84,2639,32,4851,3,0
8112,39,42.33,1392,64,2864,77,2304,5,1
8113,69.7,43.73,1859,68,858,65,2837,4,1
8114,35.3,43.16,2964,78,1391,45,4568,12,1
8115,30.1,51.41,1913,67,948,38,3326,9,1
8116,45.1,43.07,2915,40,2115,74,1364,7,1
8117,61.3,43.62,1208,54,2090,24,2108,6,1
8118,23.1,43.51,2978,67,1630,72,1144,6,1
8119,58,43.63,1121,95,905,29,2339,2,1
8120,67,50.11,1634,62,2344,23,762,7,1
8121,68.6,47.84,2266,65,1190,77,4854,12,1
8122,44.1,48.25,509,40,1067,47,2782,2,1
8123,27.1,42.4,1000,88,2672,75,3240,14,1
8124,34.1,42.48,2307,83,2120,61,1745,12,1
8125,44.3,43.23,1596,80,2253,20,2542,12,1
8126,66.9,44.2,1526,81,3293,50,2775,6,1
8127,30.6,50.47,1700,46,1109,23,2761,15,1
8128,30.4,53.1,1849,90,3482,34,1314,13,0
8129,20.5,43.1,1385,43,1194,47,4800,5,1
8130,66.1,42.59,2399,98,2431,22,2297,9,1
8131,59.7,49.08,2229,92,1863,32,1753,3,1
8132,64.1,48.42,621,62,842,30,4453,9,1
8133,50.3,42.46,1029,42,1300,95,2833,12,1
8134,68.6,49.61,2147,97,947,55,2707,7,1
8135,29.1,49.89,2650,52,1043,29,3355,4,1
8136,58.2,51.36,1411,46,1989,59,1676,12,1
8137,47.2,46.31,979,74,2373,80,3443,6,0
8138,51.7,49.91,1776,54,2415,32,2548,13,1
8139,60.4,46.38,2053,47,1100,49,482,12,1
8140,54.2,50.35,2648,64,2704,84,822,4,0
8141,64.3,44.09,1900,95,1352,55,1310,10,1
8142,41.1,48.5,2424,54,2791,70,3904,9,1
8143,41.9,53.78,2149,93,3448,74,4318,12,0
8144,22.4,45.1,2964,94,1580,35,3579,3,0
8145,28.2,46.19,1446,80,1297,30,2927,8,0
8146,53,49.44,695,94,810,76,675,10,1
8147,56.3,43.13,2465,48,1993,77,4559,2,1
8148,32.5,48.56,2539,42,1951,54,359,3,1
8149,25.3,46.32,1384,65,2744,44,4593,5,0
8150,51,51.29,2362,46,3295,81,631,1,1
8151,34.2,42.08,2204,40,3058,65,487,8,1
8152,45.8,52.5,2938,47,3171,81,1173,4,1
8153,23.1,48.58,2433,79,1640,64,1878,15,0
8154,43.1,50.51,2102,92,1212,61,724,11,0
8155,67,53.93,2347,95,2742,30,3722,4,1
8156,26,50.75,770,93,1298,55,1908,10,0
8157,32,51.68,1560,97,2835,36,4725,5,0
8158,63.5,51.9,1589,62,2141,52,1543,15,1
8159,50.3,52.38,2351,68,3430,83,1144,3,0
8160,22.5,52.16,1532,48,973,53,1438,9,1
8161,34.1,45.58,1253,43,1528,78,4565,6,1
8162,44.6,49.42,2014,84,2252,94,1341,4,0
8163,49.4,46.45,1375,67,1116,70,2174,4,1
8164,53.6,49.42,1341,49,2761,59,4431,4,1
8165,67.4,50.6,935,64,1551,42,3369,15,1
8166,47.9,53.19,2272,97,3263,24,228,8,0
8167,37.4,52.35,1947,75,2958,33,1067,5,0
8168,20.2,50.9,2632,47,1784,24,3962,1,1
8169,54.9,49.84,1712,40,1787,50,3896,12,1
8170,36.5,47.92,1924,63,1035,43,3550,7,1
8171,57.2,49.06,1936,49,1507,28,4532,5,1
8172,51.4,48.69,1655,80,2775,46,4636,12,0
8173,52,51.13,972,79,2317,65,2683,10,0
8174,33.8,48.98,626,72,3389,81,3136,3,0
8175,64.8,46.12,1634,70,3282,75,4613,12,1
8176,41.5,53.88,2086,42,1240,25,1319,5,1
8177,40,46.44,1961,73,1831,47,2109,3,0
8178,21.7,53.24,576,88,2862,86,215,2,0
8179,66.1,47.92,1819,61,902,84,3297,6,1
8180,59.4,43.35,2238,85,3370,95,4679,4,1
8181,68.7,44.95,2362,49,2909,89,4217,10,1
8182,20.8,46.68,721,74,2022,41,2467,12,0
8183,36.6,43.75,2989,62,2261,21,1266,8,1
8184,25.2,42.5,629,86,2740,25,2526,11,1
8185,54.8,44.06,1274,57,1115,45,2098,9,1
8186,49.4,53.18,2076,65,2061,58,1410,15,0
8187,67.5,52.18,2920,40,2443,78,3818,14,1
8188,25.1,47.55,927,67,2938,55,1021,15,0
8189,68.9,50.54,1925,61,1371,47,3412,8,1
8190,54.9,43.76,2226,54,1077,23,4006,9,1
8191,22.9,42.49,1399,89,3456,61,2711,4,1
8192,47.2,43.72,1745,89,1785,91,1354,4,1
8193,21.3,45.56,1370,41,3486,60,915,13,1
8194,30,50.01,2317,67,2904,57,194,12,0
8195,23.5,50.99,948,49,1335,80,1935,12,1
8196,29.7,43.86,1825,72,2408,65,4932,3,1
8197,24.7,53.26,579,91,3237,37,1871,3,0
8198,40.1,45.15,2850,43,2818,74,2877,14,1
8199,64.5,50.27,2885,70,2339,47,3265,11,1
8200,63.3,47.96,1070,74,2355,71,476,5,1
8201,70,49.9,1159,56,3233,58,1419,2,1
8202,61.1,50.34,2008,67,2837,43,2741,2,1
8203,43.8,51.82,2132,72,2027,82,3574,7,0
8204,36.3,54,2985,78,1462,81,1980,6,0
8205,57.5,47.06,2204,71,3351,52,2384,5,1
8206,53.5,51.11,858,61,1908,94,2476,12,0
8207,38.1,44.84,1656,57,2470,49,316,7,1
8208,40.2,44.85,1358,49,1766,82,1732,3,1
8209,32.2,51.81,528,73,2719,95,4930,11,0
8210,49.8,43.8,2195,69,3468,21,2271,3,1
8211,31.7,45.43,1122,43,1826,90,1221,2,1
8212,67.2,43.96,1445,44,1826,24,1315,9,1
8213,68.2,52.93,2172,68,3192,30,130,7,1
8214,55.3,52.51,2921,65,3322,25,564,7,1
8215,63.1,53.11,2419,79,2617,40,811,4,1
8216,48,43.16,2902,45,2937,39,721,4,1
8217,63.2,51.09,2699,69,2259,67,789,1,1
8218,38.1,45.03,2963,44,2446,86,1866,6,1
8219,40.7,43.76,1251,84,3220,51,4027,12,1
8220,51.3,46.22,521,47,3289,47,959,6,1
8221,68.7,48.96,2620,41,1021,21,1211,4,1
8222,33.5,44.68,1020,55,3029,59,1843,7,1
8223,22.8,46.12,1804,46,2697,43,2946,8,1
8224,50.7,45.86,1263,94,2831,57,4100,14,0
8225,68.2,44.3,813,41,2570,90,4874,9,1
8226,38.3,45.61,2819,51,2843,93,4842,6,1
8227,24.7,51.38,1589,60,2485,64,3517,3,0
8228,62.5,51.36,1006,96,2263,88,1646,11,1
8229,53,48.55,1801,68,3477,64,3653,13,0
8230,28.7,49.86,1804,42,2975,72,2150,14,1
8231,20.9,47.05,2870,75,3482,70,4945,1,0
8232,48.5,52.66,1358,66,1360,34,376,11,0
8233,69,44.29,1866,88,2304,46,1442,3,1
8234,53.7,47.9,793,72,914,32,153,13,1
8235,52.6,47.81,2001,98,3422,82,558,13,0
8236,23.7,48.03,1759,60,2118,71,3618,13,0
8237,64.7,43.46,925,56,3062,76,1465,8,1
8238,36,44.54,1975,77,1739,38,2258,11,1
8239,47.8,52.91,2139,45,2742,52,4010,13,1
8240,63.7,52.54,795,57,932,65,4106,2,1
8241,65.1,43.42,810,88,3161,54,264,13,1
8242,68.4,44.45,681,80,3046,51,4632,6,1
8243,39.2,46.24,1137,74,2629,32,2986,9,0
8244,59,48.41,1115,73,1084,88,2274,6,1
8245,38.7,53.56,2653,41,3042,22,3541,9,1
8246,23.3,48.74,2293,73,2875,81,1912,4,0
8247,26.3,43,904,91,1436,35,2689,11,1
8248,29.5,48.09,2910,98,2756,74,346,15,0
8249,63.7,50.49,713,95,2938,49,2080,1,1
8250,52.3,51.84,1292,82,2750,58,2943,7,0
8251,51.3,47.09,2209,56,3148,68,2446,13,0
8252,30.4,42.1,1630,43,3081,89,2205,4,1
8253,44.4,52.11,736,72,2127,28,2683,12,0
8254,54.5,50.89,2399,80,2801,55,4561,9,0
8255,33.3,45.73,2015,67,1058,42,4413,12,1
8256,50.8,42.11,2550,100,3205,91,1292,14,1
8257,59.3,50.64,755,89,1692,47,4714,14,1
8258,30.2,50.99,1195,81,1809,79,423,1,0
8259,20,43.12,2352,66,1851,41,2473,7,1
8260,54.3,42.45,2262,77,1023,41,1933,10,1
8261,55.4,47.32,2325,93,2871,41,3999,11,1
8262,42.3,49.53,618,62,3358,95,2224,2,0
8263,60.8,53.97,2409,86,2878,27,4338,7,1
8264,54.2,53.98,1987,65,1557,89,3579,3,0
8265,20.5,53.58,2397,80,1414,53,4007,11,0
8266,20.6,51.33,638,70,2721,34,166,15,0
8267,53.3,42.94,1103,54,836,59,4594,9,1
8268,45.8,42.67,2100,48,3016,53,778,13,1
8269,32.6,53.79,2803,100,2465,32,2476,13,0
8270,60.7,48.3,994,91,1402,74,1528,15,1
8271,31.7,49.02,2761,57,1152,47,2588,1,1
8272,36.3,45.28,925,44,2754,70,4426,11,1
8273,49.1,47.1,2527,46,3053,69,2227,8,1
8274,33,43.97,639,62,901,47,4781,15,1
8275,37.8,49.85,590,68,2548,73,2220,12,0
8276,68.5,49.07,1544,43,3029,28,4427,10,1
8277,59.5,50.83,2537,75,2863,65,630,4,1
8278,31.1,49.41,1705,51,2838,34,1163,10,1
8279,31.6,43.63,2932,79,876,62,4152,13,1
8280,36,45.73,585,41,3457,27,197,1,1
8281,33.9,53.18,531,60,2838,44,3565,14,0
8282,55,50.25,2347,41,1058,81,4455,13,1
8283,39.3,45.61,1421,52,1717,34,2631,8,1
8284,24.8,44.45,932,76,1682,38,596,15,1
8285,39.9,48.49,1717,86,1672,30,3102,8,0
8286,47.2,46.67,624,91,2733,83,638,9,0
8287,49.7,49.67,598,77,3144,63,1171,15,0
8288,55.6,47.73,1562,52,1985,86,2379,11,1
8289,67.1,44.33,573,63,1893,86,540,13,1
8290,56.7,47.63,2040,58,2462,30,2657,6,1
8291,51.6,52.12,1355,66,3285,58,4458,4,0
8292,34,52.94,1217,89,3337,63,4628,11,0
8293,32,48.9,1344,59,2388,64,2688,10,0
8294,22.1,47.26,2573,99,2881,39,4425,9,0
8295,31.9,50.89,874,98,2238,65,1692,3,0
8296,69,46.93,875,64,3452,44,4355,5,1
8297,43.5,45.93,2059,65,2395,59,2754,15,0
8298,45.3,43.08,1127,45,1952,89,1389,7,1
8299,20.8,45.74,1540,89,2369,29,2916,12,0
8300,39.9,46.68,2202,42,934,78,457,12,1
8301,22.2,51.34,2861,45,866,94,4563,4,1
8302,30.7,47.9,1899,57,2846,84,1334,11,0
8303,50.5,51.14,2208,51,3250,94,3585,8,1
8304,33.4,53.85,2222,61,1964,60,2984,10,0
8305,32.8,47.23,786,42,1337,67,4001,4,1
8306,59.2,44.24,1765,83,1260,59,3482,8,1
8307,27.2,53.97,597,88,2667,35,936,4,0
8308,52.1,43.27,2056,53,1328,43,1495,10,1
8309,56.7,50.17,2336,84,2557,67,2151,14,1
8310,67.3,48.43,2277,42,1045,43,4745,11,1
8311,49.5,49.99,677,67,2557,31,4334,11,0
8312,21.2,51.83,814,55,2200,25,2612,10,0
8313,20,52.76,2791,84,2345,77,2349,13,0
8314,48.7,42.28,999,65,2885,63,122,6,1
8315,23.4,42.1,1153,84,2087,37,4551,2,1
8316,66.1,45.59,1806,99,2481,24,2821,11,1
8317,33.1,51.94,1126,82,2230,23,2491,10,0
8318,61.2,50.77,2035,52,2464,71,1076,3,1
8319,48.5,51.51,631,96,3305,78,752,13,0
8320,50.5,49.72,1184,100,1981,52,1256,3,0
8321,58,45.77,2745,71,2352,22,2619,4,1
8322,44.7,44.21,658,88,1722,47,4864,3,1
8323,61.4,46.46,909,73,1246,78,3124,15,1
8324,34.9,49.27,1452,74,1917,35,3934,5,0
8325,43.9,50.29,2904,45,1436,87,2217,13,1
8326,55.1,51.02,1845,45,1446,92,409,12,1
8327,61.3,49.02,618,86,1214,67,1067,9,1
8328,42.8,48.69,1142,65,1696,94,539,1,0
8329,51.8,49.07,2294,98,3015,49,1403,6,0
8330,30.9,43.58,1399,60,1832,24,2159,12,1
8331,56.5,43.35,541,96,1321,89,4066,3,1
8332,56.4,42.84,1495,82,1070,21,1433,11,1
8333,61.8,52.05,2267,78,1283,92,1544,13,1
8334,66.2,52.71,2360,67,1796,39,3190,14,1
8335,51.7,46.68,1745,67,951,87,3637,11,1
8336,35,43.84,1204,53,2911,32,4837,14,1
8337,47.9,51.33,1551,76,2334,53,2776,14,0
8338,50.9,52.81,1459,74,1176,38,1125,6,1
8339,30.7,43.7,1844,44,3395,73,401,7,1
8340,69.1,46.04,2044,92,3358,75,1502,4,1
8341,33.4,51.64,1051,98,2770,53,4748,11,0
8342,33.9,48.13,566,96,1752,76,2137,5,0
8343,28.7,50.27,2848,94,3149,26,1443,13,0
8344,31.2,49.18,2090,50,3035,58,1958,7,1
8345,41.9,44.82,917,60,3034,77,127,4,1
8346,47.4,45.76,2027,73,1341,66,1534,6,0
8347,54.8,52.57,2344,44,803,64,178,13,1
8348,40.8,53.88,974,89,3250,33,3104,13,0
8349,27.4,44.33,2900,44,1973,71,4035,6,1
8350,33.3,43.02,648,59,2115,35,3587,9,1
8351,62.7,44.29,1172,88,936,60,672,9,1
8352,38.9,43.36,1947,79,2758,35,4245,8,1
8353,35.8,50.54,1072,100,1503,54,1301,10,0
8354,48,45.37,1022,84,2679,44,745,5,0
8355,48.6,44.7,2767,78,1094,34,4558,6,1
8356,52.3,46.46,1671,59,2258,31,2598,7,0
8357,51.4,46.86,947,76,995,46,4333,6,1
8358,68.9,46.84,1962,77,3058,66,1221,1,1
8359,68.5,47.63,2789,76,808,60,4499,8,1
8360,52.1,45.35,1138,96,2660,87,1002,14,0
8361,36.7,51.38,2264,44,2618,46,4074,1,1
8362,29.3,45.13,2002,67,1980,36,1191,11,0
8363,32.3,50.84,979,54,2689,78,4073,14,1
8364,41.9,42.84,1588,90,1371,48,4916,6,1
8365,36.3,47.3,2616,51,3072,65,298,7,1
8366,43.7,47.65,1594,98,1559,94,3716,2,0
8367,42.8,46.46,756,77,3065,86,1579,9,0
8368,22.3,47.31,1381,85,2240,73,3344,9,0
8369,44.8,45.49,1373,46,1024,43,2095,14,1
8370,68.8,51,1150,89,2438,41,831,10,1
8371,63.7,42.33,1875,81,2940,82,4549,2,1
8372,41.7,44.56,862,72,2428,51,3685,3,1
8373,51.4,45.48,2406,40,2622,71,3375,9,1
8374,64.3,53.47,2421,90,2044,26,4232,4,1
8375,68.3,44.91,1136,65,3042,31,830,2,1
8376,24.6,43.91,1835,60,1716,89,4186,1,1
8377,61.5,49.08,1023,72,3269,22,3212,11,1
8378,62.8,49.3,2128,41,3259,27,3450,12,1
8379,42.6,53.07,2487,57,3290,87,1138,14,0
8380,56.2,46.35,1085,60,3105,28,3713,5,1
8381,67.3,51.58,1521,72,1138,48,217,9,1
8382,69.8,43.64,1044,87,944,41,787,11,1
8383,42.4,42.9,703,55,1995,55,1544,11,1
8384,51.9,51.36,2347,71,1520,38,3618,7,0
8385,20,47.32,2403,45,846,50,2924,1,1
8386,65.8,44.17,2165,96,2500,50,1693,4,1
8387,45.8,43.11,1207,40,1094,27,2294,10,1
8388,31.7,42.68,1826,100,1991,84,751,13,1
8389,57.6,51.65,1609,61,1162,51,4315,13,1
8390,58.2,47.17,1520,60,1307,59,540,5,1
8391,23.2,50.56,1245,71,2053,66,350,3,0
8392,22.3,43.99,2708,94,3004,42,339,10,1
8393,27.4,53.1,1699,56,1478,37,382,11,0
8394,67.7,49.47,1306,77,1526,31,4457,3,1
8395,33.8,48.64,1315,96,2393,80,1167,9,0
8396,45.3,42.6,2522,98,3194,77,1702,14,1
8397,25.3,52.81,591,73,3347,72,4659,12,0
8398,64.2,43.65,2326,48,1744,78,2648,10,1
8399,50.1,53.54,2342,64,1684,70,3106,11,0
8400,33.8,51.29,667,83,1931,41,4255,2,0
8401,63.9,49.64,919,73,2928,61,3199,6,1
8402,42,48.44,2481,92,973,36,3960,11,1
8403,23.1,45.1,1896,48,3325,85,1240,11,1
8404,48.5,47.65,2730,90,3324,35,948,3,0
8405,62.5,50.71,1092,80,2515,54,773,4,1
8406,46.3,45.48,750,62,2766,37,2272,3,0
8407,55.6,43.51,1235,49,913,83,1241,11,1
8408,56.8,50.85,2327,94,1079,59,4206,3,1
8409,29.8,49.37,2704,61,3127,80,317,15,0
8410,67.1,50.15,2309,55,2796,45,3395,14,1
8411,46.9,42.7,613,86,1247,70,240,1,1
8412,23.1,46.69,1386,91,3031,57,3335,4,0
8413,21.9,49.44,1047,83,2439,27,4999,4,0
8414,31.4,45.92,1928,73,1097,29,4761,2,1
8415,48.2,42.77,1741,78,2260,46,4501,12,1
8416,41.2,50.52,1349,47,1937,56,3003,4,1
8417,41.3,48.54,2294,69,3045,79,1896,15,0
8418,24.1,49.74,1616,64,1678,84,3381,8,0
8419,24.4,52.68,1473,100,3010,37,1142,3,0
8420,33,50.55,1497,48,1187,30,2242,13,1
8421,68.1,53.17,1112,74,2009,58,1989,1,1
8422,46.2,53.4,997,40,3319,53,1357,6,1
8423,20.8,47.5,1996,53,1607,74,848,15,1
8424,52.3,49.58,604,75,2617,93,3039,4,0
8425,36.5,53.66,2213,64,1705,34,240,6,0
8426,42.8,43.89,1719,71,1226,30,4838,12,1
8427,36.2,43.23,1087,80,1522,92,766,11,1
8428,27.2,46.82,2052,49,3044,58,1847,12,1
8429,52.6,49.67,1426,97,1316,54,4040,14,0
8430,45.2,49.31,2291,90,1880,64,3392,2,0
8431,68.6,46.25,2259,70,2398,31,4412,5,1
8432,24.8,53.38,1669,93,2863,77,4457,12,0
8433,29.7,42.47,1635,69,1020,55,103,6,1
8434,29.6,49.63,2289,76,2965,51,3609,2,0
8435,64.6,52.71,1581,65,1271,48,2259,13,1
8436,55.9,51.02,2063,78,837,36,1732,1,1
8437,67.6,45.69,2200,51,1858,64,2020,10,1
8438,53.2,48.86,1256,58,2377,51,4430,9,0
8439,53.6,46.66,2701,66,3477,20,486,1,0
8440,24.7,46,2080,94,3082,38,1170,13,0
8441,39.5,48.92,1683,83,3353,31,3404,4,0
8442,25.8,50.54,2064,72,1774,73,3896,14,0
8443,43.9,46.22,1546,66,1826,86,1795,6,0
8444,25.2,53.87,556,43,1448,46,2877,12,1
8445,25.1,48.11,2864,88,2239,70,3463,15,0
8446,45.3,48.72,2025,84,3005,63,4731,4,0
8447,48.6,43.42,2365,48,850,23,2813,9,1
8448,65.7,45.14,1329,98,3093,48,2472,9,1
8449,27.8,51.96,2728,49,2102,81,979,12,1
8450,20.4,42.2,1546,62,1556,50,2402,12,1
8451,23.4,49.62,929,99,1971,32,1949,9,0
8452,32.7,52.23,1974,64,3483,20,3788,2,0
8453,25.2,44,1675,61,2758,64,2739,1,1
8454,35.5,44.66,923,82,1129,48,947,12,1
8455,32.7,48.79,1776,64,2289,30,4888,6,0
8456,46.2,46.16,2578,55,1271,70,1159,10,0
8457,65,43.37,1879,43,1776,82,1082,11,1
8458,46.6,51.81,853,93,1125,41,2664,8,1
8459,69.1,44.71,524,84,2115,73,628,5,1
8460,65.1,43.15,1843,43,3031,33,4808,12,1
8461,65.8,51.2,2773,44,1172,21,4950,3,1
8462,49.8,52.38,844,61,2274,44,3641,10,0
8463,30.6,52.86,2904,83,1486,68,1015,4,0
8464,69.9,46.08,1398,69,1298,66,1461,1,1
8465,49,46.63,1056,78,914,47,3645,12,1
8466,68.7,51.82,1713,91,3363,87,208,9,1
8467,38.2,52.58,584,79,2716,72,2405,10,0
8468,38.9,42.42,1799,60,3374,46,1667,12,1
8469,44.7,46.05,2697,67,2756,37,340,9,0
8470,29.6,42.84,1429,76,1120,94,3654,12,1
8471,49.1,48.55,2081,86,3497,62,3912,12,0
8472,43.5,48.5,2502,61,1460,23,2192,12,0
8473,66.5,44.44,2443,54,2277,70,1689,2,1
8474,57.2,53.75,1985,75,1503,76,352,13,1
8475,50.8,51.56,1681,60,1428,74,1478,6,0
8476,53.2,46.49,928,97,1952,56,3284,1,0
8477,52,46.91,2482,52,3163,94,1335,14,1
8478,54.6,53.24,1252,50,1809,69,3609,5,1
8479,22,49.62,1759,49,3044,62,4347,14,1
8480,32.3,42.95,1455,69,1037,42,2492,2,1
8481,45.7,42.09,2832,85,2400,75,3717,9,1
8482,50.2,45.97,1843,99,3169,51,2939,11,0
8483,50.3,52.47,2150,67,1478,76,3079,4,0
8484,30.7,53.17,2707,41,1676,21,2869,11,1
8485,22.8,47.31,947,69,1144,47,3863,12,1
8486,21,43.5,1189,53,2972,92,4990,3,1
8487,22.7,50.72,2825,66,2990,75,4679,12,0
8488,62.6,44.12,2535,94,3331,83,371,12,1
8489,24.9,47.48,786,61,2172,37,3543,15,0
8490,22.1,46.91,2121,44,1556,27,2874,15,1
8491,56.3,45.69,2791,89,1138,31,2753,4,1
8492,49.6,42.48,1187,45,2864,21,827,11,1
8493,41.9,49.1,1602,51,1800,51,1493,5,1
8494,49.7,51.22,825,57,2414,82,2501,4,0
8495,69.1,46.7,2581,81,3055,41,2457,5,1
8496,24.8,46.25,2526,75,1617,43,2231,9,0
8497,21.9,45.12,2618,93,2752,85,292,3,0
8498,51.7,43.68,1659,75,1621,41,4357,10,1
8499,24.4,49.38,755,54,2078,93,2512,8,1
8500,37.4,50.93,1849,80,2759,30,1706,1,0
8501,28.4,45.92,1571,89,904,69,686,11,1
8502,48.8,42.87,1021,68,2294,48,2406,5,1
8503,66.8,53.23,2273,78,1577,25,4531,9,1
8504,32,43.87,1927,48,2924,58,1123,13,1
8505,42.6,49.27,2847,50,2463,20,2974,1,1
8506,67,45.12,1607,62,1916,25,1651,14,1
8507,47.1,51.46,851,45,3337,28,1343,6,1
8508,24.4,49.45,1763,55,1671,89,944,1,0
8509,44.9,44.78,2452,56,1649,35,1286,5,1
8510,50.6,48.35,2620,75,1624,61,2111,2,0
8511,22.6,46.84,767,45,2510,76,1012,11,1
8512,65.1,47.54,820,59,1723,72,1517,12,1
8513,59,45.31,963,45,3363,85,2265,12,1
8514,59.7,53.69,1123,54,2219,82,1792,4,1
8515,41.7,50.32,1355,90,1618,66,112,7,0
8516,28.7,44.76,1772,57,1893,44,4682,7,1
8517,24.5,49.46,1685,55,1841,93,1568,15,0
8518,59.9,50.03,1873,65,869,37,3951,10,1
8519,56.2,47.25,1180,82,1620,77,992,8,1
8520,36.9,44.23,2267,54,2812,29,4370,9,1
8521,68.5,44.51,1405,78,1768,32,633,10,1
8522,29.4,49.52,2655,87,1535,59,3472,14,0
8523,27,49.83,2462,74,3227,80,510,4,0
8524,34.4,43.19,2132,78,2771,83,2963,9,1
8525,27.2,48.63,1982,45,1815,38,3636,12,1
8526,32.3,51.88,1186,96,847,32,1455,14,1
8527,52.5,42.78,2751,41,865,48,1974,13,1
8528,59.8,51.81,1027,100,889,39,590,4,1
8529,67.1,53.64,1452,96,2909,34,2105,7,1
8530,63.2,49.41,2965,91,831,67,781,12,1
8531,46.6,46.12,1119,93,1209,53,972,5,0
8532,44.3,44.41,765,100,3275,56,3312,3,1
8533,38.3,50.01,1529,45,2980,67,2176,15,1
8534,26.4,43.03,1155,100,1145,60,1754,9,1
8535,24.5,45.36,1633,96,2412,88,2378,4,0
8536,26.6,53.73,1445,87,1635,37,3609,4,0
8537,25,42.32,1969,81,2688,47,618,2,1
8538,41,46.65,1594,85,2440,50,2587,6,0
8539,43.6,44.93,1610,69,2983,31,335,2,1
8540,29.2,51.91,2969,43,2910,52,3808,8,1
8541,35.3,53.1,1730,99,2150,62,3167,11,0
8542,26.6,51.33,783,93,1063,39,2703,12,1
8543,64.7,44.63,1760,67,2051,20,4497,11,1
8544,63.9,52.13,1641,47,1799,33,4021,5,1
8545,69.7,48.66,1453,60,2087,59,343,3,1
8546,66.5,44.13,1025,77,3254,71,344,5,1
8547,57.9,52.92,2236,75,2748,27,3282,14,1
8548,64.3,45.08,1246,83,2947,67,2985,5,1
8549,68.1,50.71,1884,50,1932,23,2854,15,1
8550,52.7,44.74,1392,43,2667,94,3280,7,1
8551,57.3,51.64,1569,74,3098,84,3379,2,1
8552,57.9,45.08,2297,80,3262,38,2804,3,1
8553,39.1,46.68,2814,48,1949,28,390,13,1
8554,26.6,47.57,1245,55,901,57,1377,11,1
8555,39.6,46.02,2294,53,3451,87,1118,3,1
8556,47.5,49.34,1380,44,3205,29,1240,15,1
8557,36.4,52.68,1651,56,2054,73,1279,1,0
8558,38.5,52.81,2807,100,1709,49,3579,8,0
8559,20.6,48.56,1973,81,909,23,689,9,1
8560,20.9,53.83,1208,90,3118,51,433,12,0
8561,52.9,52.11,1833,61,1095,59,1249,10,1
8562,35.9,46.88,1170,64,1131,82,586,2,1
8563,38.2,50.07,1947,68,2847,75,2180,5,0
8564,40.6,44.25,1616,49,1863,62,4551,3,1
8565,40.9,42.24,655,75,3027,62,4533,1,1
8566,32.6,51.7,2829,95,1708,59,2606,3,0
8567,40.5,45.78,2460,79,1032,85,1163,3,1
8568,56.2,42.54,1563,94,1724,31,3534,3,1
8569,20.6,45.26,709,78,2898,48,1506,14,0
8570,21.8,45.96,1806,49,2790,32,448,8,1
8571,54.6,48.32,2747,85,1187,65,347,10,1
8572,65.8,45.21,1096,55,3115,88,281,4,1
8573,42.5,53.86,2025,70,1333,65,4056,6,0
8574,33.5,50.44,2755,96,2419,55,3131,5,0
8575,32.5,51.02,1223,64,2561,85,713,13,0
8576,64.5,51.38,2731,54,2689,45,3639,13,1
8577,51.5,48.51,2048,96,913,52,2061,5,1
8578,68,45.19,1701,88,2389,49,1632,10,1
8579,68.9,53.14,2750,97,3316,81,702,15,1
8580,46.7,51.51,1046,69,1899,71,3169,15,0
8581,53.7,42.25,1447,95,2987,31,3797,9,1
8582,21.3,52.2,2183,57,3411,75,1131,9,0
8583,33.5,53.17,2857,92,850,60,539,13,1
8584,20.4,45.18,1912,63,2877,27,4116,8,0
8585,30,46.2,1462,87,3363,31,2735,7,0
8586,43.3,42.53,655,60,2064,21,4611,4,1
8587,45.9,48.23,2290,89,2987,69,3330,10,0
8588,26.9,50.67,2107,56,1869,84,534,6,0
8589,50.6,44.99,1610,54,1826,88,3222,8,1
8590,47.9,50.09,2851,93,1703,29,2527,15,0
8591,40.3,50.9,1310,97,1447,70,2935,11,0
8592,55.4,45.27,1018,58,2726,79,2224,10,1
8593,39.6,44.58,1205,96,1308,85,3241,2,1
8594,50.4,43.51,2533,50,2526,45,2129,14,1
8595,63.3,43.2,1807,81,1335,38,1612,7,1
8596,58.2,43.9,2589,86,3259,36,4627,5,1
8597,42.5,51.16,1272,47,1840,57,1063,12,1
8598,37.4,45.97,2951,77,2228,76,1791,1,0
8599,29.7,51.39,2762,68,1853,47,1994,13,0
8600,48.4,43.53,1871,56,3361,62,1230,6,1
8601,31.2,47.37,2814,89,1338,49,1526,12,0
8602,65.7,51.05,2648,42,2582,31,723,5,1
8603,25.5,48.84,1298,100,2802,52,1340,4,0
8604,41.9,45.6,557,84,1371,29,298,9,0
8605,54.5,46.23,1232,94,2058,56,3917,1,0
8606,20.6,46.36,1713,82,1694,52,990,3,0
8607,46.8,42.56,1715,87,2356,59,698,1,1
8608,23.2,50.1,1046,88,2063,63,841,6,0
8609,48.6,52.81,610,98,1842,82,325,8,0
8610,58,44.47,2482,63,2160,45,2012,1,1
8611,22.5,49.6,721,49,2840,52,4149,10,1
8612,32,48.99,631,86,916,48,3652,10,1
8613,55,45.56,824,96,801,67,3200,9,1
8614,35.3,50.11,1272,51,2293,73,1573,13,1
8615,23.4,51.6,1525,49,1558,67,3940,13,1
8616,53.1,53.46,798,72,1060,25,4100,14,1
8617,21.4,49.19,2639,87,2174,34,3619,4,0
8618,22.4,42.68,1370,96,2478,63,3368,13,1
8619,28.7,47.95,2477,78,2013,53,4094,4,0
8620,33,45.6,1520,95,3087,56,4828,9,0
8621,47.9,43.42,1106,63,831,72,4034,14,1
8622,20.9,47.07,1998,58,3065,52,1754,15,0
8623,48.7,46.65,1243,74,1466,73,3754,15,0
8624,52.5,46.1,839,99,2936,66,562,1,0
8625,38.5,48.32,1551,92,1725,93,4751,14,0
8626,43.4,51.64,2052,53,2159,36,2165,12,1
8627,49.2,48.62,2532,63,2161,92,2696,10,0
8628,33.4,50.6,2816,76,1659,23,1100,12,0
8629,48.5,50.42,977,96,1605,71,208,6,0
8630,44.6,47.05,2592,46,894,39,1831,8,1
8631,39.3,45.21,2507,41,2762,66,2262,11,1
8632,43.7,50.76,630,100,2017,34,3037,5,0
8633,29.4,46.41,760,47,1240,74,2480,11,1
8634,27.8,46.7,1842,85,2614,75,3813,6,0
8635,67.1,47.64,1131,92,1804,24,1551,13,1
8636,30.2,47.54,2025,95,3191,26,2066,10,0
8637,43.2,44.83,570,69,2352,63,3608,12,1
8638,45.4,53.87,1899,57,2229,81,1962,10,0
8639,27.2,53.7,1940,67,1932,47,1797,10,0
8640,44.9,46.59,2018,69,2418,47,1880,6,0
8641,29.1,50.95,983,64,1419,49,3730,11,0
8642,22.6,46.54,2118,99,2796,36,236,6,0
8643,35.2,52.16,984,58,3085,62,2529,6,0
8644,34.5,50.94,2080,46,3341,61,4614,3,1
8645,60.5,42.59,2956,59,928,78,3375,7,1
8646,44.5,43.07,1047,50,2248,81,4478,13,1
8647,30.2,45.7,2183,69,2605,81,2327,6,0
8648,69.2,52.17,2458,75,3163,85,1082,9,1
8649,41.7,45.35,1988,59,866,30,257,1,1
8650,64.3,44.02,729,47,1482,46,660,13,1
8651,21.6,46.04,2405,73,3364,67,4879,13,0
8652,30.2,47.2,1626,43,3138,37,4685,1,1
8653,58.6,48.23,1041,72,3394,94,4193,5,1
8654,32.9,45.7,2427,63,2616,75,3418,7,0
8655,40,46.43,2614,61,1512,87,4439,9,0
8656,50,42.42,2223,51,3453,50,1271,5,1
8657,39,44.19,2100,81,1038,82,1004,3,1
8658,42.9,46.38,1492,59,2243,79,4567,4,0
8659,38.1,43.44,1978,48,2062,90,2513,1,1
8660,32,51.09,2956,89,2820,57,4181,6,0
8661,57,53.15,1480,45,1510,36,706,8,1
8662,57.5,53.21,2825,42,1309,47,1538,6,1
8663,62.7,45.59,897,77,2459,37,1170,6,1
8664,33.1,42.27,1195,45,2036,69,3763,8,1
8665,62.5,52.68,2839,93,3232,34,911,15,1
8666,42.5,44.72,2928,82,1652,90,4969,2,1
8667,36.2,43.84,2545,100,2764,40,1508,4,1
8668,51.6,46.68,572,90,3262,27,2470,13,0
8669,50,52.8,2585,91,2147,70,4477,10,0
8670,69.7,51.53,929,79,1598,53,1385,3,1
8671,65.7,47.3,2657,68,878,25,2231,2,1
8672,43.8,46.86,787,52,1032,55,3078,13,1
8673,61.3,47.8,1560,88,859,29,4843,15,1
8674,36.6,46.8,889,45,2231,33,3296,11,1
8675,52.7,44.65,2321,65,1073,23,4945,5,1
8676,63.2,42.86,2469,42,1119,85,3281,11,1
8677,63.6,51.3,691,68,2039,43,603,1,1
8678,22.6,42.92,1249,68,1482,43,1027,6,1
8679,62.1,42.42,2772,73,1543,56,1104,1,1
8680,39,51.08,1932,47,1672,89,1674,8,1
8681,69.4,51.22,2464,73,2746,92,3560,3,1
8682,48.3,51.17,1600,86,1278,89,4808,3,0
8683,30.5,52.48,2199,70,2776,27,4780,10,0
8684,33.1,53.6,2750,93,1206,67,1781,1,0
8685,35.6,42.61,1827,76,1650,49,4428,5,1
8686,65.3,53.03,2602,97,2347,31,3183,14,1
8687,32.1,43.15,1231,77,3403,25,3712,10,1
8688,46.6,50.02,835,84,2398,22,3272,13,0
8689,26.3,47.21,1606,74,2970,77,1500,10,0
8690,64.3,44.73,2343,57,2389,69,3538,14,1
8691,41.7,50.17,2790,43,3322,77,3838,7,1
8692,38.5,50.02,1456,60,3273,72,1709,10,0
8693,20.6,51.52,1651,89,3284,23,3560,11,0
8694,24.7,53.59,504,45,2635,31,4074,9,1
8695,40.2,48.99,1844,86,1293,24,1643,9,0
8696,68.7,49.82,1704,99,2196,91,2870,10,1
8697,35.6,50.4,2261,68,2728,45,4509,2,0
8698,47,53.26,1877,88,2554,57,3518,12,0
8699,50.3,52.61,531,77,3355,88,1217,6,0
8700,23.3,53.05,2797,46,1981,67,1401,14,1
8701,52.6,50.58,1241,100,2627,29,4031,4,0
8702,68.2,52.98,1543,42,3251,66,1178,9,1
8703,41.2,51.49,2537,100,2033,86,1135,13,0
8704,34.6,42.83,720,43,3256,83,1481,11,1
8705,41.3,49.21,2081,91,816,85,645,4,1
8706,63.6,46.22,1035,91,3433,79,517,15,1
8707,51.7,47.16,2112,75,2040,87,4570,6,0
8708,64.2,47.46,533,89,1115,57,4430,4,1
8709,51.3,42.61,631,41,2381,35,2970,1,1
8710,59.5,42.58,2485,54,2273,62,1513,1,1
8711,69.5,53.92,1572,54,2323,82,2521,4,1
8712,64.3,42.71,641,68,2115,43,193,12,1
8713,64.6,49.25,2073,81,828,31,1478,13,1
8714,20.8,47.83,2431,73,2488,37,3637,13,0
8715,67.6,42.92,692,61,3131,68,870,4,1
8716,44.4,50.02,2402,74,1669,63,892,12,0
8717,63.8,44.34,2634,64,1301,52,2000,2,1
8718,59,42.37,1369,65,1407,37,4730,3,1
8719,50.1,46.95,2443,54,3113,29,2770,7,1
8720,42.3,49.05,1036,71,1931,80,3809,5,0
8721,26.3,51.31,2576,72,3397,68,1802,3,0
8722,65.9,45.89,976,45,2782,37,2657,4,1
8723,41,51.34,2534,72,1510,31,1978,6,0
8724,20.6,42.74,2723,60,2736,79,648,12,1
8725,44.5,43.39,1606,42,3059,85,2328,5,1
8726,53,46.74,2082,70,2307,31,2684,5,0
8727,29.3,51.07,941,44,1113,90,4066,15,1
8728,60.4,53.41,609,70,1445,66,2279,14,1
8729,22.9,48.73,1916,51,1768,85,3125,6,1
8730,48.7,46.25,1962,43,2355,41,653,8,1
8731,28.9,46.11,1171,57,1742,49,3217,9,0
8732,63.5,53.54,1942,50,1967,89,4508,1,1
8733,49,48.29,1709,88,1200,23,2832,3,0
8734,47.1,45.42,2551,90,3321,95,2046,15,0
8735,60.1,43.97,1914,54,2874,58,4924,5,1
8736,45.4,48.38,716,95,3267,53,4127,6,0
8737,56.1,48.02,993,48,3313,20,1335,1,1
8738,55.6,44.63,2808,42,994,41,3578,3,1
8739,65.5,53.15,1193,92,2586,25,1897,7,1
8740,39.7,47.25,1051,81,841,85,4667,1,1
8741,69,43.83,1867,54,3225,75,592,4,1
8742,67.5,42.59,2395,98,2163,80,4437,9,1
8743,51,52.47,2932,64,2188,52,344,6,0
8744,57.1,44.08,2800,84,1930,43,4362,10,1
8745,48,50.91,2942,89,3219,57,692,13,0
8746,51.3,53.4,2338,66,3190,36,2114,3,0
8747,53.2,52.75,1480,96,2713,39,2029,7,0
8748,60.3,50.22,1651,67,2002,87,4691,7,1
8749,22.2,47.58,883,82,2295,62,106,7,0
8750,39.1,49.85,2713,98,1146,95,3564,7,1
8751,58,42.21,2864,42,1206,63,4657,5,1
8752,27.1,49.92,2064,78,1208,55,3451,14,0
8753,29.1,47.25,2617,44,851,71,708,4,1
8754,33.9,52.18,1781,61,2501,54,388,14,0
8755,50.4,52.64,609,42,1825,47,1260,11,1
8756,56.2,48.69,1901,66,945,92,2360,4,1
8757,69.7,50.49,2740,84,2883,39,2667,10,1
8758,32.1,50.38,2371,79,1408,21,1996,13,0
8759,49.6,50,2780,78,1433,51,2203,9,0
8760,52.5,45.84,1837,43,2062,74,1717,8,1
8761,39.6,51.26,1723,51,1626,26,3742,7,1
8762,46.4,44.51,1779,54,1256,51,560,12,1
8763,69,51.9,1691,43,2334,37,2012,12,1
8764,25.4,43.26,1222,68,1713,36,2160,5,1
8765,50.1,43.41,2885,96,2055,63,4259,4,1
8766,58.2,52.67,2381,69,1742,51,1689,14,1
8767,31,48.34,1817,54,3338,91,3804,15,1
8768,53.1,52.17,2879,52,2362,71,3294,1,1
8769,65.8,48.44,2106,41,2331,42,4394,8,1
8770,52.6,42.11,548,66,1206,27,4328,14,1
8771,67.1,49.35,1750,65,1321,36,2107,2,1
8772,46.2,43.33,2219,98,2251,72,3962,7,1
8773,27.3,45.86,1714,69,890,50,2862,15,1
8774,25.3,51.96,2143,62,2397,52,2081,4,0
8775,63.7,52.54,2209,43,2112,58,3085,8,1
8776,54.9,53.68,2822,52,1023,58,1896,10,1
8777,53.6,45.43,2672,48,2747,63,1411,9,1
8778,26.6,46.83,1988,83,2202,63,1886,15,0
8779,69.1,43.88,655,47,1095,88,4283,4,1
8780,58.2,53.59,1513,75,1747,33,172,12,1
8781,52.8,47.63,2174,74,1538,41,2027,7,0
8782,59.1,53.07,2378,62,2954,87,4830,2,1
8783,46.6,45.38,1455,79,2097,54,4044,7,0
8784,53.5,46.78,1233,90,2422,56,3515,4,0
8785,60.3,52.04,1780,60,2171,79,4617,5,1
8786,29.7,51.77,972,86,3469,23,2691,12,0
8787,46.1,53.76,1132,98,822,79,3432,11,1
8788,26.7,43.36,2472,50,1907,73,3670,2,1
8789,58.1,52.62,2658,65,1931,95,2873,14,1
8790,25.7,52.96,641,46,815,88,1768,8,1
8791,69.8,49.78,2817,55,2238,84,3250,11,1
8792,59.6,52.94,2722,96,3014,57,4035,7,1
8793,36.7,48.41,1426,80,2990,33,247,4,0
8794,51.1,44.31,1020,47,2956,71,1296,8,1
8795,51,50.07,2110,93,2060,30,2775,15,0
8796,48.8,42.73,2138,88,3369,60,4909,11,1
8797,25.1,42.64,1037,94,3001,49,3228,13,1
8798,44.4,52.07,1876,64,1703,40,3601,6,0
8799,64.4,50.3,2875,42,2471,20,2202,5,1
8800,45.4,42.78,2821,93,2828,88,1771,5,1
8801,34.6,42.6,921,66,1533,55,1471,12,1
8802,46.9,46.2,1370,83,3208,92,316,5,0
8803,63.9,42.42,944,72,2012,59,3728,3,1
8804,27.9,48.94,2454,42,2530,60,3610,14,1
8805,26.9,44.21,1211,78,3230,86,4819,1,1
8806,69.9,50.21,1842,92,3385,61,2121,4,1
8807,23.2,42.02,2824,48,2722,43,4559,13,1
8808,21.2,44.53,886,75,3370,84,2310,13,1
8809,53.3,50.89,2978,82,1669,21,1229,7,0
8810,38.4,44.09,1231,53,894,55,2317,2,1
8811,39,52.06,985,71,2675,44,3895,10,0
8812,66.4,47.35,1785,55,2068,58,3328,8,1
8813,44.5,49.28,842,80,2370,30,2458,6,0
8814,33.4,50.05,2781,95,3250,66,921,14,0
8815,38.7,45.5,569,94,3084,22,4652,4,0
8816,69.5,46.23,1206,60,3264,63,1405,2,1
8817,38.5,45.15,1582,93,1555,33,778,13,0
8818,24,50.84,2477,65,1330,70,1827,2,0
8819,40.9,48.91,2674,81,2125,77,3298,5,0
8820,48.4,46.87,1489,48,1431,50,766,14,1
8821,21,44.85,2437,87,2007,61,1844,10,1
8822,55.8,48.76,2085,97,2834,85,1031,7,1
8823,25.8,52.92,2019,83,2744,29,440,8,0
8824,53.3,44.69,1115,50,2283,26,2110,12,1
8825,50.7,52.29,1989,86,2924,64,1793,15,0
8826,68.1,42.99,588,69,1648,44,3044,5,1
8827,50.5,43.27,1486,89,2114,65,2048,13,1
8828,44.9,49.65,997,90,2346,30,931,1,0
8829,51.8,46.3,1567,91,1288,79,4249,14,0
8830,59.4,50.15,1799,100,3373,86,4363,11,1
8831,52.9,43.31,2869,84,2378,29,2115,14,1
8832,53.9,42.36,1289,81,3300,20,2884,4,1
8833,36.9,42.14,1160,68,2227,83,2868,9,1
8834,59.5,49.55,2660,82,1431,33,3071,2,1
8835,29.3,48.73,2817,76,985,95,3285,1,1
8836,42.2,46.78,1844,45,1082,40,1089,6,1
8837,60.4,48.5,1820,66,3080,62,4827,5,1
8838,59.2,46.5,711,54,2398,90,4747,9,1
8839,58.5,52.97,1083,51,3151,89,352,12,1
8840,52.7,50.4,2217,77,2967,93,3341,13,0
8841,44.4,46.54,2683,45,1717,62,4299,12,1
8842,61.8,44.83,2734,46,1319,40,2804,9,1
8843,61.2,43.37,2530,72,940,67,1007,1,1
8844,69.1,48.43,1440,63,1523,71,1269,8,1
8845,66.1,50.65,2419,94,1556,66,752,13,1
8846,29,50.61,2018,59,2240,38,2281,2,0
8847,51.9,42.63,1209,55,2770,71,4332,1,1
8848,21.7,42.1,2618,60,2035,44,4038,1,1
8849,35.4,44.86,1178,54,3110,82,4360,11,1
8850,35.7,42.58,2623,52,3191,76,3430,5,1
8851,64.6,45.67,1187,99,2030,29,4858,12,1
8852,34.1,48.44,1325,91,2590,76,3591,7,0
8853,47.1,45.84,924,58,2749,68,4955,9,0
8854,29.8,48.94,2669,72,1203,87,4796,5,0
8855,52.6,45.45,2068,78,1736,23,4283,15,0
8856,48.2,45.11,1056,58,3160,67,202,4,0
8857,44.5,49.57,2768,91,1401,27,2422,9,0
8858,56,53.34,1665,66,1193,79,4637,2,1
8859,36.1,49.3,1633,61,1792,83,4254,5,0
8860,60.6,51.32,1878,76,2066,58,4578,5,1
8861,48.1,48.34,2748,91,2542,89,4516,9,0
8862,51.6,47.95,1713,76,1879,95,3533,2,0
8863,66.8,49.27,1935,91,1891,49,4685,1,1
8864,53.5,45.77,2331,49,1766,26,274,7,1
8865,65.8,52.56,2943,56,1908,20,3102,5,1
8866,49.9,48.9,1979,63,2596,55,4526,13,0
8867,66.2,44.22,957,95,3340,31,740,1,1
8868,67.1,45.29,2356,94,1262,74,1811,10,1
8869,30.7,45.58,2429,61,2809,68,3635,8,0
8870,28.8,49.03,884,54,1314,92,3598,13,1
8871,67.7,50.48,1220,40,1685,51,2377,8,1
8872,21.3,46.19,2563,41,1025,40,2699,3,1
8873,31.8,42.41,2495,49,2093,56,3559,5,1
8874,36.9,47.65,1400,90,1776,70,1797,13,0
8875,31.5,46.77,2853,59,2674,38,1015,6,0
8876,21.7,47.88,2626,63,1375,90,1179,11,0
8877,29.4,45.42,2981,78,1890,27,1486,11,0
8878,33.6,43.75,1701,78,1707,79,3248,1,1
8879,38.2,50.06,2970,43,1469,28,496,10,1
8880,28.4,42.22,2367,81,2850,72,4334,13,1
8881,46.8,45.84,2869,99,1717,73,1477,7,0
8882,27.5,42.16,1705,41,2342,95,4317,13,1
8883,59.2,45.61,1669,60,2544,69,4321,7,1
8884,62.2,52.86,1629,65,3240,73,1343,2,1
8885,29.7,44.53,1081,97,3443,81,4380,8,1
8886,41.9,48.83,980,72,3397,58,1892,7,0
8887,26.6,49.31,2835,80,3186,90,886,7,0
8888,45.3,42.21,2900,87,2101,89,2390,8,1
8889,57.9,47.34,2639,71,1862,58,2913,5,1
8890,51.1,50.58,1083,62,2997,31,2405,15,0
8891,25,52.59,964,51,2752,54,3736,14,1
8892,60.8,52.16,2590,48,1547,60,3399,4,1
8893,29.6,49.08,2479,99,2658,54,2288,14,0
8894,22,52.46,1347,98,2039,46,663,14,0
8895,64.1,44.95,2772,89,3372,86,4693,1,1
8896,54.1,49.47,2871,98,1709,81,3538,14,0
8897,61.2,49.14,1578,85,1533,25,3139,6,1
8898,65.3,49.81,2547,79,1709,89,290,5,1
8899,68.7,52.29,1587,100,2123,90,1370,1,1
8900,47.5,45.43,1867,64,2533,53,3678,7,0
8901,34.6,46.09,664,48,1087,44,3632,8,1
8902,69.9,43.95,1907,46,2024,35,4538,13,1
8903,40.9,43.72,1654,74,3455,70,4090,15,1
8904,50.5,45,1611,73,842,70,4482,15,1
8905,62.8,50.3,745,81,2385,23,4096,11,1
8906,28.1,47.73,1045,83,1160,56,4581,9,1
8907,49.8,49.88,1416,51,1171,85,2895,6,1
8908,44.1,50.6,2772,76,3406,25,261,13,0
8909,21.1,43.18,1727,65,829,28,3909,2,1
8910,65.6,51.43,861,91,2965,78,773,3,1
8911,45.4,53.84,2074,52,1991,22,1863,5,1
8912,59.9,43.61,1347,89,821,50,3576,6,1
8913,37.4,46.76,567,76,2090,53,3198,14,0
8914,46.1,53.61,851,97,2685,41,2741,6,0
8915,25.7,43.71,1951,85,842,53,4106,9,1
8916,53.3,42.6,800,75,2785,62,2492,2,1
8917,36.7,49.57,2822,62,1736,93,710,14,0
8918,24.2,44.08,2262,65,2108,36,420,14,1
8919,67.4,52.91,1771,67,1192,82,3490,12,1
8920,52.5,46.74,1306,72,1322,79,3085,3,0
8921,26.6,51.34,2200,87,1813,74,865,1,0
8922,38.9,53.3,1508,67,3250,66,496,10,0
8923,26.2,43.6,839,84,2908,35,1011,9,1
8924,40.1,42.4,2544,54,2095,48,154,1,1
8925,21.4,42.05,1028,95,3067,28,2608,1,1
8926,36.4,43.71,745,44,882,95,1980,4,1
8927,68.9,47.54,2744,51,1625,21,3890,14,1
8928,66.9,47.28,1971,54,1738,63,2341,2,1
8929,27.6,42.5,1593,68,3310,73,1384,2,1
8930,38.4,48.36,845,87,2034,90,4773,2,0
8931,29.3,52.88,1356,91,1075,29,3829,6,1
8932,48.8,42.99,882,93,3113,21,3068,9,1
8933,63.9,45.22,722,41,1767,48,111,13,1
8934,55.7,49.79,1634,40,2813,79,2455,15,1
8935,42.1,45.77,2597,81,1643,92,2925,8,0
8936,40,46.55,2314,72,2149,94,654,15,0
8937,67.2,44.66,1774,78,2132,42,3131,6,1
8938,25.6,50.69,1404,42,926,91,1987,3,1
8939,37.5,47.22,1147,79,3458,67,3113,15,0
8940,45,43.92,734,41,2038,89,4687,4,1
8941,20.7,43.24,1280,64,2326,89,2289,10,1
8942,35.9,51.51,802,83,3300,28,591,6,0
8943,54.9,50.22,1952,98,1012,68,2204,2,1
8944,53.6,53.09,1425,55,1339,54,1498,6,0
8945,39.1,47.85,1058,81,1121,65,2901,11,1
8946,61.2,53.59,2969,74,1039,44,3086,15,1
8947,37.6,52.4,2243,53,3374,76,678,1,1
8948,43.8,52.64,2262,45,1328,24,1183,10,1
8949,43.7,43.74,2465,80,1110,53,4980,1,1
8950,43.2,53.39,1414,80,2404,50,1205,8,0
8951,36.5,50.52,1962,94,1308,37,4708,7,0
8952,61.9,52.67,1091,52,2934,88,2389,9,1
8953,61.7,45.9,2988,97,2492,29,4312,15,1
8954,61.7,48.82,1134,65,3301,63,1333,7,1
8955,58.5,43.92,1293,63,3153,37,2931,2,1
8956,33.7,46.62,2351,95,2508,66,1454,1,0
8957,52.7,50.6,1834,42,2119,61,4578,12,1
8958,28.5,42.98,649,92,2327,69,3794,11,1
8959,51.8,53.17,1477,56,1418,30,4089,15,0
8960,55.9,46.82,1201,41,3000,77,4573,5,1
8961,38.6,45.54,2193,45,3122,40,1428,6,1
8962,53,48.69,2570,84,3152,32,401,1,0
8963,46.1,42.73,1992,50,2253,36,3382,7,1
8964,68.6,52.76,1031,59,1065,80,948,3,1
8965,38.5,45.91,1393,93,3180,88,3366,10,0
8966,46,45.36,1421,82,2649,45,3813,7,0
8967,23.3,50.87,2542,40,1333,26,2356,15,1
8968,42.2,48.77,2182,70,3487,20,4049,10,0
8969,58.3,44.63,1064,47,1158,41,4856,9,1
8970,68.9,47.89,660,41,2967,90,989,12,1
8971,39.8,50.21,1213,63,2824,32,3271,10,0
8972,61.2,46.74,2843,81,1095,23,1726,8,1
8973,46.5,43.44,2843,93,1720,39,2621,7,1
8974,24.3,50.19,662,98,1160,66,3496,8,1
8975,48.7,53.12,678,71,1825,93,2027,1,0
8976,38.7,51,2092,42,2536,27,1541,1,1
8977,35.3,53.28,2120,63,1740,95,3778,6,0
8978,63.4,48.08,1595,96,2244,51,544,14,1
8979,64.3,49.81,504,75,3444,94,590,9,1
8980,29.5,52.22,1653,44,1573,50,1912,2,1
8981,57.2,50.52,2890,73,2402,70,4504,5,1
8982,50.2,50.54,993,77,1853,34,795,8,0
8983,20.5,47.45,2472,60,2386,29,4054,7,0
8984,30.8,48.2,2774,93,2025,92,3952,11,0
8985,36.7,42.66,1516,77,2131,52,2975,4,1
8986,21.2,45.05,2909,83,1011,29,1166,8,1
8987,52.5,46.91,1344,75,1040,69,1150,1,1
8988,48.4,47.23,1045,48,2050,32,4062,11,1
8989,29.4,43.74,2757,45,3430,90,1017,2,1
8990,58.1,50.49,2210,89,1298,93,4679,12,1
8991,64.6,47.11,562,50,2623,85,1889,8,1
8992,66.7,47.63,2207,50,2443,93,580,13,1
8993,46.8,47.56,916,83,1442,41,814,14,0
8994,69.4,45.66,727,74,2209,20,3885,9,1
8995,38.8,47.31,1727,46,2814,70,2691,3,1
8996,23,53.3,1569,74,1067,24,966,3,1
8997,46.5,45.33,2461,49,1403,58,1798,2,1
8998,65.1,53.83,1747,59,2912,41,1306,15,1
8999,58,44.81,2813,66,3469,22,1534,12,1
9000,31.4,52.63,1955,40,3029,31,3762,4,1
9001,54.9,53.24,546,46,2477,76,583,12,1
9002,30.9,51,789,74,2770,80,3342,8,0
9003,64.6,51.24,2871,61,3245,88,2290,15,1
9004,34.7,52.41,843,49,1036,95,675,2,1
9005,45.8,49.18,2339,55,3222,92,2798,15,0
9006,25.3,45.82,1315,92,1743,91,4382,13,0
9007,59.9,53.73,2457,69,2557,56,4751,12,1
9008,25.4,47.77,1992,60,1622,41,2726,4,0
9009,46.6,47.39,2533,68,932,72,2543,11,1
9010,67.9,46.46,1749,51,2523,43,193,2,1
9011,55.2,47.19,2434,97,2822,41,1701,14,1
9012,22.7,53.14,2854,84,2003,57,4727,10,0
9013,63.3,45.68,1445,59,1313,70,869,14,1
9014,40.6,49.26,1540,75,1055,79,1079,2,1
9015,37.8,43.58,2719,47,2098,66,4630,5,1
9016,47.5,47.84,2845,99,2508,56,3747,10,0
9017,62.6,52.94,701,64,3042,79,2917,8,1
9018,68,50.33,1520,87,2135,65,4677,1,1
9019,63.3,52.57,2675,85,2821,45,932,15,1
9020,28,52.91,2827,51,3467,29,1945,13,1
9021,37.2,49.48,1853,99,1688,66,772,5,0
9022,49.5,48.97,1070,82,2547,83,1822,1,0
9023,55.3,53.58,1722,44,1522,44,4697,4,1
9024,57.6,45.41,2550,94,1306,29,3301,4,1
9025,51,52.65,521,99,2304,23,108,7,0
9026,25.7,53.16,1756,98,1608,81,1699,5,0
9027,60.7,50.26,1552,69,3372,55,3307,5,1
9028,42,47.66,761,99,2272,45,3590,1,0
9029,67.1,46.18,740,68,1644,78,3185,13,1
9030,26.1,52.28,2261,73,2699,69,3116,11,0
9031,34.3,47.1,2015,52,807,33,2044,1,1
9032,64.7,46.8,2263,42,3348,26,1746,10,1
9033,63.4,47.5,2053,99,1127,52,3848,5,1
9034,50.5,51.54,655,78,1016,33,4384,9,1
9035,29.3,44.97,1651,83,2721,64,3429,2,1
9036,26.3,45.23,1703,49,1267,34,2812,14,1
9037,21.3,50.48,1390,92,942,60,4894,12,1
9038,35.8,49.88,1300,47,1861,42,3406,15,1
9039,50,43.61,2641,80,1585,72,922,2,1
9040,43.1,42.09,1069,46,2479,56,1128,8,1
9041,69.6,46.8,1911,54,1572,51,3663,2,1
9042,28.1,43.23,1274,65,3440,92,4820,3,1
9043,64.1,47.87,2165,83,2949,42,3855,13,1
9044,49.7,50.46,2943,64,2924,41,421,8,0
9045,43.3,49.07,1670,79,3061,82,4715,4,0
9046,50.6,43.79,1342,81,2567,48,3010,9,1
9047,48.2,42.29,1640,41,2732,84,4797,2,1
9048,29.9,45.37,2548,51,2478,20,2181,2,1
9049,20.4,48.21,1951,65,2426,82,588,1,0
9050,37.7,46.75,1458,78,1374,44,1832,8,0
9051,48.4,42.02,1252,58,2481,52,3560,1,1
9052,61.8,52.47,2348,87,1011,87,2930,2,1
9053,56.6,45.94,1845,42,2095,80,4983,4,1
9054,22.3,49.94,581,77,991,43,920,4,1
9055,33.7,43.72,657,97,1422,75,3187,2,1
9056,49.1,52.43,2794,53,3468,38,1988,6,1
9057,58.3,51.69,1178,49,1862,82,3610,1,1
9058,21.9,42.6,799,58,3074,52,4018,12,1
9059,31.5,44.73,2894,98,3068,92,2251,12,1
9060,29.3,52.05,627,66,2788,61,1955,12,0
9061,46.5,45.18,740,44,1766,71,4105,2,1
9062,35.9,46.51,2208,97,2778,83,4591,5,0
9063,42.4,51.72,2226,100,2643,91,3033,1,0
9064,48.5,52.97,1796,90,902,81,1417,12,1
9065,40.1,49.57,669,65,3049,93,2458,9,0
9066,62.5,47.6,2308,65,979,80,2694,13,1
9067,68.1,51.22,2051,100,1114,64,2270,3,1
9068,30.1,47.45,2780,74,3482,20,2595,8,0
9069,32,44.83,2949,90,3195,28,3743,7,1
9070,64.9,52.92,1717,71,1963,91,433,7,1
9071,65.4,44.88,1219,43,1749,41,1498,3,1
9072,29.6,52.62,822,69,2775,86,3902,13,0
9073,35,50.21,629,93,2077,23,2861,6,0
9074,23.4,47.08,1499,93,3028,70,1961,10,0
9075,66,52.07,1538,48,1692,32,1463,6,1
9076,26.6,52.42,1663,49,2005,63,2328,10,1
9077,41,46.24,682,90,3243,58,1043,11,0
9078,56.7,52.29,2158,69,2111,58,661,14,1
9079,24.7,53.87,1598,42,1394,46,4718,13,1
9080,61.4,43.19,773,46,1301,80,4488,3,1
9081,24.5,43.63,2618,75,826,38,613,12,1
9082,58.4,49.22,1743,87,824,40,924,8,1
9083,26.4,43.15,1252,51,2448,61,4206,4,1
9084,26.3,47.03,1036,59,2066,69,2831,5,0
9085,32,48.09,1895,54,2046,71,3530,12,1
9086,38.7,45.12,625,98,2072,73,2709,14,0
9087,35.4,45.68,1369,50,1843,53,4540,11,1
9088,25.5,53.1,1359,72,2352,67,4409,13,0
9089,37.6,42.53,1400,84,3114,38,2558,3,1
9090,39,46.82,653,58,2331,50,352,4,0
9091,62.8,45.77,2728,47,2304,39,797,1,1
9092,41.9,44.21,2454,68,2140,91,3637,15,1
9093,41.1,44.84,1234,60,1282,40,151,8,1
9094,42.6,47.83,2771,88,1661,77,672,4,0
9095,51.5,44.93,1643,61,3257,31,1483,4,1
9096,65.1,47.12,1977,91,2883,40,371,5,1
9097,63,53.39,1718,99,1979,62,744,1,1
9098,28,44.07,2810,97,2721,81,3166,13,1
9099,29.3,47.96,601,94,2938,84,1059,9,0
9100,67.6,43.72,1234,48,2684,82,2349,8,1
9101,45.9,52.81,2042,91,1401,27,4016,8,0
9102,53.3,52.52,1470,85,2445,53,302,2,0
9103,28.8,53.6,681,89,2711,48,1664,3,0
9104,37.4,50.99,702,65,2363,66,4975,13,0
9105,25,46.06,1230,75,2781,56,4253,15,0
9106,26,52.24,1952,55,3019,32,3220,9,0
9107,57.3,47.51,1591,81,1791,49,3852,5,1
9108,47.4,48.17,2800,75,1507,36,1222,8,0
9109,59,48.81,2756,78,1637,21,3499,2,1
9110,38.2,47.54,2042,62,3281,69,3389,8,0
9111,38.6,48.88,2079,53,2763,52,1817,9,1
9112,29.3,42.74,2047,46,1199,75,3349,15,1
9113,44.5,43.3,2954,63,1230,26,2207,14,1
9114,46.6,44.27,1796,41,1203,71,2422,4,1
9115,52,48.23,2649,45,1226,64,2827,12,1
9116,23.4,50.36,2157,59,2900,61,4046,9,0
9117,24,42.72,2693,79,2594,71,855,11,1
9118,52.1,49.97,2321,88,2032,32,256,12,0
9119,61.1,49.11,2197,60,2004,71,3631,3,1
9120,64.7,46.78,604,87,3033,68,2043,11,1
9121,40.2,42.13,626,43,3283,73,701,14,1
9122,58.5,46.04,720,40,2916,88,2608,6,1
9123,51.5,53.09,1912,72,2195,74,4026,13,0
9124,32.8,48.67,2046,73,3143,23,3622,2,0
9125,46.5,46.46,1316,93,1615,30,4252,10,0
9126,56.5,42.06,1611,86,2569,74,1349,5,1
9127,31,49.93,586,65,2983,60,3332,2,0
9128,41.4,43.35,506,57,915,93,1820,15,1
9129,30.8,43.29,1903,74,1775,21,1826,10,1
9130,30.4,49.55,2682,63,3481,39,769,11,0
9131,32.8,53.15,1345,51,1591,41,1554,3,1
9132,66.2,44.61,2382,53,2273,35,496,11,1
9133,66.5,43.85,709,65,2255,32,4164,6,1
9134,47.6,53.98,933,97,2973,76,3706,15,0
9135,28.4,49.98,1033,65,1382,78,1996,3,0
9136,28.8,48.02,2936,50,2097,54,3658,14,1
9137,57.9,48.19,794,78,926,86,793,8,1
9138,29.2,46.69,768,44,2767,28,2042,3,1
9139,65.4,53.88,1364,73,1605,74,3827,15,1
9140,33.5,47.53,2889,52,1063,71,1273,8,1
9141,56.1,52.81,2740,45,2447,91,269,12,1
9142,38.8,47.43,1382,47,2327,87,3045,11,1
9143,59.8,42.14,2079,91,2637,27,1731,8,1
9144,59.3,47.16,533,72,3278,92,3625,7,1
9145,57.9,47.15,1315,43,1084,65,1354,3,1
9146,20.3,47.58,2981,54,2109,76,3321,6,1
9147,61.2,46.65,2647,88,1517,84,4707,6,1
9148,44.4,43.03,789,66,1714,37,4285,9,1
9149,26.6,51.11,2362,99,1327,78,1934,9,0
9150,49,50.1,2779,62,3314,77,645,12,0
9151,62.6,49.63,1429,55,3052,75,3879,14,1
9152,52.2,49.53,858,96,826,42,245,9,1
9153,23.7,45.34,1444,91,1928,46,2894,6,0
9154,63.7,47.31,1375,79,1109,41,1327,13,1
9155,32.7,42.35,2140,52,1969,23,165,9,1
9156,29.4,49.3,2595,85,818,49,4891,3,1
9157,68.2,43.13,2851,42,2614,20,1827,15,1
9158,35.5,45.63,1887,56,2434,44,918,11,0
9159,26.5,51.88,762,83,2002,26,2567,15,0
9160,23.8,45.28,624,56,2836,35,2649,6,0
9161,22.7,43.77,2824,52,2558,25,3201,13,1
9162,63.2,48.58,1243,55,1532,56,3494,4,1
9163,31.8,42.41,1311,54,1151,54,3072,10,1
9164,40.1,51.62,2559,41,2859,62,1639,5,1
9165,35.7,51.19,1532,76,2211,92,2075,11,0
9166,41.2,43.15,958,72,3329,58,2722,8,1
9167,34.4,42.96,2491,81,2397,89,3061,9,1
9168,61.1,51.56,2888,88,2318,95,4331,14,1
9169,67.4,50.91,2928,80,1379,68,3437,6,1
9170,66.2,47.85,2229,78,3195,24,1205,15,1
9171,54.2,53.99,1325,71,2888,57,3083,11,0
9172,47.1,49.31,2493,92,1386,33,550,1,0
9173,22.1,43.24,1015,69,2883,63,2831,11,1
9174,20.6,43.38,2361,82,859,48,2062,4,1
9175,41,48.05,1422,81,3098,53,2712,10,0
9176,29.2,49.92,1050,99,2539,30,618,9,0
9177,60.7,51.56,1839,43,2964,77,4853,13,1
9178,63.6,46.6,1987,82,2515,91,2067,12,1
9179,50.2,43.89,2701,58,2913,55,4725,2,1
9180,59.6,51.41,1840,50,1936,48,1893,14,1
9181,35.9,48.43,627,76,2481,81,997,1,0
9182,47.7,51.51,2981,88,1422,27,4141,9,0
9183,29,42.62,740,70,3413,48,1450,7,1
9184,55.2,53.84,2730,86,1597,40,771,2,1
9185,64.2,53.96,2066,88,2805,45,2762,3,1
9186,62.5,42.59,1553,71,2750,79,4792,14,1
9187,65.3,47,2425,51,1290,36,4654,15,1
9188,69.6,47.28,2429,53,1746,44,1671,15,1
9189,32,48.29,1749,54,1213,87,2652,14,1
9190,38.9,50.87,2302,94,851,91,4845,13,1
9191,44.4,45.29,1888,82,2665,48,3145,2,0
9192,34.3,44.52,2142,87,1203,21,2209,6,1
9193,24.9,43.99,2531,68,1501,63,1132,3,1
9194,28.1,45.98,1834,97,2172,20,2064,12,0
9195,66,46.39,2294,79,1672,90,766,14,1
9196,61.7,51,2270,62,2279,65,4067,11,1
9197,26.6,47.81,1400,64,1317,33,409,10,0
9198,33.2,51.07,2330,56,2722,86,2295,2,0
9199,62.1,42.26,1593,42,3018,93,4118,11,1
9200,55.8,43.77,2073,96,2021,28,2663,2,1
9201,21.6,44.23,2111,95,3308,48,4479,11,1
9202,68.2,42.93,1710,64,2541,60,3875,4,1
9203,67.5,42.04,2190,41,2345,91,371,9,1
9204,56.4,50.79,1211,55,3271,55,927,6,1
9205,60.3,43.05,501,65,1267,88,1867,8,1
9206,52.2,47.94,612,96,1287,37,3136,15,0
9207,62.9,51.64,2437,97,1222,60,2444,12,1
9208,32.9,48.09,2859,55,3405,37,4061,6,0
9209,35.6,48.97,962,72,1273,48,2102,2,0
9210,64.2,45.58,2043,100,2538,94,112,11,1
9211,46.9,42.34,1457,92,3499,69,2953,15,1
9212,26.1,53.88,1456,67,1403,33,2040,14,0
9213,48.4,44.14,1972,87,950,84,3395,12,1
9214,51,45.52,1014,51,2755,83,588,14,1
9215,32.5,51.43,2401,79,1345,63,181,8,0
9216,57.7,53.59,2406,67,3267,60,4434,6,1
9217,36.9,46.42,1410,70,1963,87,3735,8,0
9218,50.5,52.06,824,42,1160,20,3380,6,1
9219,24,43.56,2066,60,1061,35,216,14,1
9220,31.2,46.31,2280,99,826,46,4592,12,1
9221,53.9,45.16,2166,55,2014,83,920,7,0
9222,39.8,43.04,748,65,3139,45,2315,7,1
9223,54.6,42.17,2289,47,1886,25,4530,6,1
9224,37,51.47,1553,51,3246,73,740,1,1
9225,60.1,49.7,1695,69,1122,92,2939,8,1
9226,31.6,52.31,1694,56,2256,40,2268,3,0
9227,35.5,45.04,1758,87,2791,67,4370,12,0
9228,56.9,46.32,851,84,1845,93,4809,10,1
9229,57.7,50.58,2936,42,2479,91,3328,13,1
9230,26.1,44.97,799,92,1254,59,127,7,1
9231,36.5,48.48,2359,70,2084,54,4757,10,0
9232,52,45.07,1426,50,2236,86,355,6,1
9233,25.9,46.9,2108,54,1442,32,3727,13,1
9234,67.1,43.88,1233,92,3499,39,2097,1,1
9235,27.1,43,2883,96,2361,92,1836,8,1
9236,56.8,47.74,2346,60,2329,91,124,11,1
9237,27.2,45.1,1365,65,3427,41,2630,5,0
9238,37.6,53.74,797,60,2676,86,3465,1,0
9239,37,48.45,1129,74,2488,88,929,3,0
9240,47.5,50.57,845,48,1427,55,4894,3,1
9241,69.8,52.38,621,94,2875,95,1756,12,1
9242,44.7,44.3,926,49,3479,36,4928,8,1
9243,61,48.08,2093,88,1491,20,3911,10,1
9244,54.4,45.09,503,48,3140,42,4318,10,1
9245,45.1,52.43,759,95,1844,81,4583,6,0
9246,65.2,50.25,2351,63,1934,82,1369,4,1
9247,20.7,46.6,2382,100,2582,48,2768,7,0
9248,42.3,53.44,667,52,859,60,4409,8,1
9249,64,43.36,1422,85,2881,70,4538,2,1
9250,52.7,48.48,1258,95,2061,85,2835,3,0
9251,50.5,45.2,2896,53,2025,92,208,13,1
9252,43.1,46.14,1672,92,1110,46,1839,4,1
9253,61.7,50.47,2610,77,2332,72,4940,12,1
9254,52.1,42.98,587,51,1840,35,911,9,1
9255,40.8,45.12,757,76,2412,78,575,6,0
9256,34.8,50.65,1344,97,2924,60,2355,8,0
9257,36.6,44.19,2556,58,2817,60,3679,12,1
9258,27.1,44.92,1186,99,2243,39,3191,14,1
9259,22.5,48.58,1831,79,1707,68,3655,7,0
9260,39.5,49.17,2764,65,805,68,4860,11,1
9261,51,46.36,1170,45,1864,31,4288,10,1
9262,34.9,43.59,2111,69,2628,25,2583,10,1
9263,28.4,51.47,2206,62,1024,66,2388,7,1
9264,43.7,49.62,1405,87,2816,28,1248,3,0
9265,20.9,47.2,2449,66,3407,67,4123,5,0
9266,63.4,49.14,2632,83,1307,25,2573,7,1
9267,29.3,48.07,1291,96,1445,86,4522,4,0
9268,53.5,43.36,1086,92,2756,52,3515,4,1
9269,31.6,50.68,2116,66,1368,57,3402,5,0
9270,61.1,47.22,2053,84,897,28,4648,15,1
9271,48.3,48.12,2434,82,1016,82,383,10,1
9272,29.6,53.48,582,73,2937,70,1050,9,0
9273,23.3,45.87,2690,62,1500,45,4244,2,0
9274,64.6,50.88,2533,74,1978,23,4306,5,1
9275,60.9,42.64,1908,100,2428,95,2395,4,1
9276,34.7,42.4,1172,90,1413,62,4553,1,1
9277,62.5,48.73,1174,58,895,57,678,14,1
9278,64,51.98,1913,94,989,42,2401,11,1
9279,54.1,42.44,2788,84,1606,53,824,12,1
9280,24.5,42.29,682,63,2044,87,340,3,1
9281,61.2,49.41,2829,50,3353,88,3233,1,1
9282,32.9,48.24,1143,70,1008,78,496,7,1
9283,42.8,43.47,1277,55,2124,61,1551,13,1
9284,21,43.37,601,56,1102,83,3458,14,1
9285,39.7,47.09,562,77,2787,61,1820,15,0
9286,32,48.68,864,69,3042,41,839,6,0
9287,35.9,43.46,1968,46,2978,46,2930,2,1
9288,56,43.51,1636,55,2375,25,3083,15,1
9289,33.3,53.42,2950,68,2250,30,4063,14,0
9290,38.2,46.77,2103,86,1859,69,614,7,0
9291,63.6,47.94,906,78,1062,31,4679,4,1
9292,50.2,42.1,2652,87,1242,25,2454,2,1
9293,34.6,45.11,1236,94,1787,58,293,2,0
9294,59.5,48.91,1540,94,1866,57,4776,4,1
9295,64.2,42.42,1422,89,3473,79,1115,4,1
9296,34.7,50.27,2979,69,1280,88,4479,5,0
9297,28.6,48.03,1314,44,1331,62,2673,4,1
9298,35.5,48.11,2813,86,1383,38,2563,8,0
9299,61,45.28,2210,70,3253,81,4845,15,1
9300,21.7,51.69,2984,99,2964,56,1755,1,0
9301,65.4,48.32,1619,53,890,54,2515,10,1
9302,52.2,47.19,1575,64,2082,54,3690,6,0
9303,43.4,50.23,973,45,2752,22,3817,13,1
9304,62.8,45.08,2296,54,2590,45,1276,14,1
9305,46,45.83,1954,94,1287,63,4466,10,0
9306,35.2,44.4,2625,73,1356,70,955,6,1
9307,42.5,45.07,2571,66,2852,37,4873,4,0
9308,29.3,46.02,789,53,3183,50,4218,6,1
9309,26.5,49.93,1960,53,1441,67,2311,5,1
9310,41.1,49.61,1039,47,874,79,3522,4,1
9311,58,42.69,893,98,2439,91,1558,10,1
9312,22.7,52.88,2248,76,2364,70,1551,6,0
9313,59.2,47.84,560,72,2434,55,1979,10,1
9314,65,49.72,820,56,1409,85,2620,11,1
9315,58.4,42.94,2441,78,1082,40,4774,6,1
9316,52.5,52.81,1844,65,1310,67,1902,5,0
9317,67.9,48.35,828,44,962,30,4782,5,1
9318,25.8,47.41,2637,41,2393,71,603,2,1
9319,39.2,43.99,762,52,2808,30,3286,6,1
9320,54.7,46.9,1069,73,2064,53,4012,2,0
9321,26,49.15,1469,95,2107,20,439,10,0
9322,31.9,49.89,508,73,3266,24,2650,6,0
9323,23.6,46.57,1813,44,2030,53,3083,6,1
9324,63.3,53.18,1366,69,3429,70,636,5,1
9325,32.5,53.28,724,76,2785,43,3938,2,0
9326,26.2,42.56,2386,81,3103,84,1320,4,1
9327,51.6,49.25,516,68,1452,55,2146,5,0
9328,65.7,46.86,2239,95,974,74,2410,14,1
9329,64,52.89,2505,47,1400,20,2275,14,1
9330,21,51.47,2892,60,1064,26,2360,5,1
9331,45.8,52.69,2447,73,1892,65,282,12,0
9332,59.1,45.33,1323,58,979,70,2512,3,1
9333,59.8,48.15,2194,63,2018,42,2583,8,1
9334,36.8,44.99,1093,86,2972,62,3917,13,1
9335,38,53.46,1590,100,3456,95,1512,10,0
9336,32.3,48.69,2459,54,3111,67,3827,10,1
9337,63.7,44.56,1945,45,3325,53,1911,8,1
9338,62.7,51.69,1217,84,3390,77,2647,9,1
9339,42,42.44,2737,75,2952,55,1674,14,1
9340,42.6,45.73,2864,59,2709,43,2628,12,0
9341,32.8,50.77,603,61,1851,71,1715,6,0
9342,54.4,42.65,809,41,1183,50,655,8,1
9343,64.2,42.66,1397,50,879,79,1747,7,1
9344,63.6,50.59,1900,87,1160,43,3035,11,1
9345,51.4,44.75,2327,72,2107,30,3234,9,1
9346,39.6,53.23,2731,100,967,84,4479,8,1
9347,22.5,45.88,1204,66,1928,28,3892,5,0
9348,66.2,45.88,1369,54,3282,44,4329,11,1
9349,60.1,42.57,1142,69,2337,85,3713,4,1
9350,64.3,43.03,2332,100,3122,79,2601,11,1
9351,32.3,42.9,2469,94,1658,20,1675,5,1
9352,32.4,43.8,1322,66,1121,25,4866,11,1
9353,21.5,53.04,1616,67,1035,39,3842,8,1
9354,55.8,50.97,2747,49,2767,83,4857,15,1
9355,32.5,42.41,2759,81,926,76,1651,8,1
9356,31.9,51.76,1672,63,1398,93,4839,5,0
9357,64.5,46.72,1722,43,2326,84,1815,7,1
9358,40,46.89,1298,62,1026,81,1846,4,1
9359,66.4,44.88,2786,55,847,89,3607,1,1
9360,40.7,43.18,2851,84,2140,93,2888,4,1
9361,27.9,51.97,2137,75,1779,62,365,4,0
9362,68.8,52.88,2704,68,1574,65,767,1,1
9363,49.2,42.4,2812,74,1351,39,827,8,1
9364,53.7,48.68,719,66,2820,41,4221,2,0
9365,56.1,52.44,662,95,2642,45,355,2,1
9366,32.4,43.3,1203,61,2403,50,4329,1,1
9367,29.7,44.76,1571,77,1494,40,2930,11,1
9368,33.2,49.83,2665,70,3403,33,844,9,0
9369,37,50.27,538,96,2126,85,2536,4,0
9370,41.9,47.32,1625,69,2033,81,2973,11,0
9371,33.1,44.69,2393,86,1416,90,1614,8,1
9372,68.7,51.5,2615,94,1278,26,2491,13,1
9373,26.4,42.87,1471,85,1702,33,3137,12,1
9374,48.5,51.76,2386,75,3068,72,2460,15,0
9375,25.6,42.37,1234,69,1254,92,2214,11,1
9376,20.4,46.77,2651,61,1375,22,4973,6,0
9377,38.8,51.42,2031,83,2985,81,3805,3,0
9378,25.7,47.25,2806,75,1006,75,3922,5,1
9379,36.9,45.36,1781,52,1921,81,3858,15,1
9380,23.8,46.64,1752,71,2201,79,2253,14,0
9381,59.9,44.6,2641,48,1093,30,2694,11,1
9382,23,51.09,2423,76,1627,22,4325,3,0
9383,69.1,48.78,799,65,3132,75,4255,6,1
9384,55,51.33,958,78,3088,63,1796,1,0
9385,59.8,52.35,776,60,1759,33,1499,12,1
9386,64.5,47.99,2271,98,1652,40,4301,12,1
9387,32.3,48.09,2807,71,3114,61,3641,9,0
9388,65.1,44.47,604,83,3425,48,968,10,1
9389,54.6,50.06,2554,58,3041,35,4637,7,0
9390,61.2,44.95,2268,75,1524,89,4093,11,1
9391,20.7,51.02,2642,66,2851,86,779,4,0
9392,43,49.05,1059,86,1512,34,3502,11,0
9393,31.5,43.74,2218,88,3303,22,1286,10,1
9394,42.8,47.28,1856,91,3308,28,2795,11,0
9395,67.7,46.38,1172,71,2610,26,3341,5,1
9396,20.2,44.04,1238,88,3164,91,2131,15,1
9397,33.9,53.65,2703,91,2038,48,3310,9,0
9398,49.5,51.23,651,43,856,72,1445,3,1
9399,38.3,44.28,2604,46,1738,64,1460,15,1
9400,26.9,53.49,1756,75,1708,93,4548,15,0
9401,44.8,48.93,1033,71,2277,86,419,4,0
9402,26.3,48.9,1877,40,3048,79,168,11,1
9403,45.7,50.93,644,85,2814,44,2746,7,0
9404,59.1,47.62,2416,62,2960,21,1809,8,1
9405,66.8,47.49,1818,63,2941,32,810,9,1
9406,26.1,44.69,650,46,2000,73,3603,4,1
9407,35.4,46.4,2425,95,1884,40,2618,10,0
9408,55.5,47.81,1185,68,954,58,212,15,1
9409,58.3,46.66,1946,91,2177,35,1187,14,1
9410,32.6,44.31,992,72,3476,84,4389,11,1
9411,27,42.37,2420,62,2563,49,827,4,1
9412,29.4,50.72,2857,95,1210,74,2118,2,0
9413,46.5,49.94,858,69,2239,58,565,5,0
9414,35,52.3,2166,42,987,20,1645,14,1
9415,30.8,44.6,1691,71,1162,54,1086,3,1
9416,30.9,49.12,2242,45,1706,69,4977,12,1
9417,33.1,48.71,2363,62,3255,95,1480,1,0
9418,33.8,48.67,1163,93,1077,63,2671,14,1
9419,36.8,51.13,2993,40,1568,32,4650,1,1
9420,24.1,46.2,1106,100,904,57,4596,10,1
9421,30.7,50.84,2749,99,1420,23,3226,10,0
9422,69.8,50.08,2003,77,855,42,539,13,1
9423,23.9,51.6,2324,58,2738,28,828,7,0
9424,52.3,47.32,1133,66,2189,26,592,5,0
9425,30.8,52.4,1719,57,3047,27,3433,15,0
9426,22.5,47.72,1691,93,1146,94,4324,14,1
9427,67.5,44.67,1094,93,810,85,1347,11,1
9428,34.5,45,2148,70,1207,73,4447,2,0
9429,52.9,51.61,974,97,1999,57,2290,6,0
9430,23.7,53.87,796,62,886,23,3564,15,1
9431,55.4,45.44,1621,69,938,44,2970,3,1
9432,39.7,53.06,1084,49,2432,72,1224,14,1
9433,50.5,50.05,1045,60,2741,78,2890,10,0
9434,60.5,49.73,1704,58,1730,82,231,15,1
9435,56,46.34,1067,91,3025,24,2605,4,1
9436,42,52.89,1627,59,1851,41,3018,1,0
9437,61.3,52.64,1240,80,1187,91,1043,3,1
9438,47.4,53.1,905,85,1215,28,3090,4,0
9439,23.7,52.62,2601,77,2494,24,2766,10,0
9440,38.6,50.93,2261,100,1706,33,3963,15,0
9441,64.1,43.71,1219,63,2026,32,3414,5,1
9442,67.6,48.21,1791,84,3035,44,2886,4,1
9443,29.7,47.34,1485,62,2779,49,3601,10,0
9444,61.8,52.64,625,54,2263,78,2467,11,1
9445,21.6,48.73,1043,77,1456,33,2708,3,0
9446,34.1,42.24,1893,100,1547,56,273,9,1
9447,20.1,50.92,1164,80,1512,78,3568,8,0
9448,64.9,46.71,868,44,1586,80,3378,8,1
9449,57.9,53.85,1529,100,2461,24,2820,15,1
9450,66.3,52.72,1146,78,2063,70,3769,10,1
9451,49.5,52.92,1283,57,1300,22,1914,12,0
9452,38.5,46,2419,73,1294,57,4673,5,0
9453,25.4,47.08,2935,72,3358,37,3750,12,0
9454,40.5,46.5,2678,91,1257,62,3735,8,0
9455,24.7,43.54,1078,75,3116,76,2879,9,1
9456,64.9,42.9,1663,65,1862,49,4379,10,1
9457,48.8,49.74,1954,89,1441,33,2243,1,0
9458,63,47.51,1121,88,1461,69,2322,13,1
9459,66.9,53.91,1685,91,2986,50,4050,12,1
9460,64.9,47.21,1217,80,2640,60,1839,2,1
9461,38.3,44.56,2330,59,1454,68,3826,8,1
9462,33.2,47.33,1164,67,2584,75,1330,12,0
9463,60.3,47.43,1229,61,2857,22,4609,8,1
9464,42.6,53.63,1770,99,2669,29,1974,12,0
9465,25.5,52.21,2126,41,845,52,2871,1,1
9466,46.3,49.89,2714,59,862,51,1280,9,1
9467,59.5,49.82,2560,78,1942,82,3048,12,1
9468,21.9,50.56,2046,85,2638,33,3077,10,0
9469,34.3,44.61,1500,81,2630,30,2040,7,1
9470,35.6,48.74,2720,84,1509,91,2254,14,0
9471,66.7,52.49,554,96,3367,95,1020,10,1
9472,45,53.25,1490,71,1841,53,1071,2,0
9473,58.6,44.13,2531,85,1186,20,433,14,1
9474,59.5,46.58,2325,65,1583,78,4952,5,1
9475,65.5,45.09,673,49,1099,89,917,4,1
9476,32.4,50.83,1247,96,1273,89,3692,14,0
9477,23.5,49.5,1896,41,1891,36,4173,2,1
9478,22.2,45.92,2671,46,1020,42,2440,13,1
9479,53.2,49.07,1748,48,864,33,5000,3,1
9480,23.2,44.02,2971,43,1518,31,2880,10,1
9481,50.2,47.43,2842,90,2156,53,856,13,0
9482,69,48.7,1298,75,940,26,1135,3,1
9483,61.5,48.34,2771,56,1685,50,4759,6,1
9484,22.9,53.64,1828,48,3233,23,1885,3,1
9485,30.5,43.54,2332,47,2017,75,1866,12,1
9486,45.8,43.91,1236,82,2477,68,4717,13,1
9487,41.6,49.04,1490,66,1812,42,3945,10,0
9488,32.4,50.44,933,60,1751,45,4791,2,0
9489,22.7,52.5,2787,45,1180,87,663,11,1
9490,50.2,46.01,2209,99,1355,21,1619,2,0
9491,45.1,44.84,2257,86,3414,67,4307,4,1
9492,53.7,53.49,573,96,2208,84,2559,7,0
9493,30.9,53.78,635,44,2626,46,2476,1,1
9494,43.1,44.43,1845,75,1135,56,650,4,1
9495,30.6,53.87,2820,89,3319,40,284,7,0
9496,55,43.84,2792,66,835,44,1658,10,1
9497,37.7,51.64,2463,49,3297,60,2422,4,1
9498,56,51.89,1155,56,2610,94,4414,6,1
9499,21.8,44.41,2241,96,1223,28,622,10,1
9500,65.3,43.47,850,57,2704,32,1305,4,1
9501,52.2,46.72,612,43,2985,28,505,14,1
9502,30.9,43.95,1581,95,1491,31,4735,8,1
9503,40,43.52,2851,58,1229,55,2793,6,1
9504,32.8,53.62,771,48,3408,44,650,5,1
9505,21.1,45.22,2121,59,2108,30,830,13,0
9506,27,52.05,2760,83,1820,60,1674,10,0
9507,25.6,42.83,1067,58,2253,93,353,15,1
9508,36.1,53.25,1914,69,2958,21,2761,6,0
9509,52.2,47.5,2897,84,3384,91,4872,4,0
9510,68.1,47.26,732,98,896,75,1530,4,1
9511,50.2,47.39,1690,60,1543,24,4947,15,0
9512,64.6,51.93,688,67,1261,29,1908,11,1
9513,46.5,53.35,1174,91,1544,35,502,1,0
9514,25.9,53.23,1015,72,1192,50,4927,15,1
9515,55.7,49.35,2739,99,1913,51,4307,7,1
9516,45.5,46.96,1814,56,3048,56,4660,13,0
9517,21.8,43.99,1718,48,3346,93,1572,8,1
9518,31.6,49.5,2802,98,920,37,4947,6,1
9519,37,50.65,1674,90,2542,60,4551,6,0
9520,45.2,48.08,1667,70,2969,80,565,5,0
9521,67.5,43.48,2091,74,2062,83,3073,7,1
9522,24.7,45.35,2583,96,2318,77,1815,7,0
9523,49,49.29,1303,59,3349,66,4344,10,0
9524,65.8,42.32,1575,65,1079,90,3407,4,1
9525,53.7,51.44,1506,40,1203,33,2937,14,1
9526,37.5,42.74,2472,99,2175,77,2285,8,1
9527,38,46.72,2121,43,2327,63,4521,14,1
9528,67.2,44.78,2499,95,1458,32,1402,12,1
9529,61.5,53.52,1464,44,901,26,557,7,1
9530,20.9,42.45,1581,58,2100,53,837,3,1
9531,43.7,42.01,2149,67,1310,25,4808,5,1
9532,45.8,44.85,1633,62,1872,25,2783,3,1
9533,24.9,42.87,1033,62,1034,26,1904,2,1
9534,40.5,42.78,2631,92,2347,57,1516,11,1
9535,31.4,53.12,676,48,1639,63,2903,1,1
9536,43.2,44.08,1417,87,2563,93,1532,2,1
9537,47.7,52.21,2532,67,3148,53,749,10,0
9538,49.8,45.55,1628,73,1260,37,2263,7,0
9539,66,43.33,610,54,3035,57,4464,6,1
9540,65.8,51.68,647,89,2167,38,1643,15,1
9541,60.6,43.44,2258,80,3421,52,1538,9,1
9542,46.1,52.72,2252,74,1802,51,1886,11,0
9543,45.2,45.67,1027,84,1882,37,823,12,0
9544,64,44.1,2648,92,2228,53,459,5,1
9545,22.6,51.37,766,58,3117,41,3150,3,0
9546,68.4,52.36,918,95,2662,70,4034,10,1
9547,61.2,46.94,2139,97,1326,77,2612,10,1
9548,36.6,52.38,966,87,832,42,920,11,1
9549,57.9,48.91,573,68,1112,54,4385,10,1
9550,26,44.33,2083,62,1086,54,2692,8,1
9551,59.1,49.93,1610,42,3210,68,1966,10,1
9552,41.4,43.83,2679,72,2893,57,4971,9,1
9553,37.6,52.4,1765,56,1482,65,4906,4,0
9554,52.4,42.91,654,47,3474,40,184,14,1
9555,41.6,46.92,1213,45,2942,38,643,12,1
9556,38.7,47.51,2727,73,2356,89,2243,14,0
9557,21.6,53.54,1018,46,1535,28,4845,8,1
9558,63,45.78,1278,43,1252,60,4102,13,1
9559,37,53.25,2478,73,2256,58,2548,13,0
9560,21.1,45.62,2064,52,1869,27,1375,2,1
9561,44.5,43.7,2525,99,1916,44,3158,15,1
9562,50.7,48.09,2506,41,940,50,2477,7,1
9563,68.7,45.76,1343,43,873,68,4735,11,1
9564,53.7,48.31,2134,100,2330,35,1668,8,0
9565,50.2,51.36,631,97,3495,47,676,5,0
9566,56.6,52.44,1063,67,3390,41,133,7,1
9567,57.3,46.72,557,82,2136,28,951,15,1
9568,66.9,45.93,2268,60,2811,74,3067,5,1
9569,68.9,46.04,2534,67,3374,81,4542,9,1
9570,35.9,50.37,2052,91,1132,78,1163,14,1
9571,40,50.24,931,45,3478,60,2038,7,1
9572,41,47.19,2160,70,1398,64,2149,7,0
9573,49.8,44.55,2935,74,879,23,2751,11,1
9574,55.3,46.31,1859,78,2354,61,2885,5,1
9575,69.8,50.95,621,66,2987,73,4520,8,1
9576,33.7,48.14,2863,90,3310,56,1267,8,0
9577,42.2,47.34,2523,47,3415,90,3313,10,1
9578,37.2,45.07,2640,53,933,61,3369,1,1
9579,62.3,53.55,1177,65,2858,69,1546,6,1
9580,33.1,46.86,887,92,845,44,4309,7,1
9581,27.2,43.18,2973,68,2042,48,303,14,1
9582,28.5,51.66,1337,57,2091,44,577,10,0
9583,67.3,49.66,2458,44,2083,69,1094,9,1
9584,29.2,46,2539,99,3183,81,290,13,0
9585,31.4,53.52,2641,100,2306,39,1152,6,0
9586,49,44.29,722,66,1418,28,756,8,1
9587,40.7,49.35,2181,73,1100,63,3934,11,1
9588,67,44.6,1205,100,2246,89,2478,9,1
9589,44.1,43.81,627,86,3242,61,2361,4,1
9590,53.2,47.28,1400,57,1342,59,1851,15,0
9591,55.1,48.65,1590,56,1210,37,3851,5,1
9592,45.5,48.17,2816,66,3249,24,2225,4,0
9593,66.7,45.63,518,75,1803,84,4439,14,1
9594,57.7,49.43,1096,40,1628,56,4331,14,1
9595,44.6,44.03,2746,95,2496,28,2844,11,1
9596,23.2,43.55,768,60,1184,70,4585,10,1
9597,49.8,45.89,1705,58,1767,22,448,4,0
9598,35.2,46.97,2307,57,3319,90,2811,14,0
9599,63.2,48.28,730,83,3413,47,4780,6,1
9600,44.5,53.34,756,50,3037,31,3728,11,1
9601,29.5,49.98,1563,97,816,45,4643,9,1
9602,40.3,49.64,2054,98,3027,41,143,1,0
9603,26.9,44.63,1876,54,1611,55,3161,11,1
9604,28.5,47.14,2833,51,1242,32,2877,9,1
9605,28.2,43.64,1028,41,3463,69,2858,9,1
9606,47,42.3,1648,70,1540,40,1755,13,1
9607,29.1,51.7,2167,85,3284,52,1240,13,0
9608,22,46.02,2012,77,1778,42,3330,11,0
9609,34.7,49.17,1705,48,1166,46,579,8,1
9610,23.3,44.62,2509,79,1469,64,3697,10,1
9611,35.2,42.72,814,100,3196,26,4296,4,1
9612,50.5,42.3,1673,40,3333,57,525,15,1
9613,40.1,47.48,2832,84,3111,34,2447,5,0
9614,67.3,42.85,1947,49,1986,45,1533,13,1
9615,58.1,53.84,1106,71,2096,22,1498,11,1
9616,63.9,50.35,574,78,2606,45,4512,3,1
9617,60.5,46.32,1699,100,2961,45,4252,10,1
9618,28.4,44.27,644,74,2333,75,3392,9,1
9619,35.4,48.2,1030,64,3371,51,4422,7,0
9620,66,44.12,2306,63,3326,60,2431,14,1
9621,65.6,47.49,2152,78,2114,77,3382,13,1
9622,31.3,44.06,2352,79,2796,34,1108,7,1
9623,63.4,46.12,2342,98,1552,83,3810,7,1
9624,64.6,53.98,1462,97,3308,44,4466,1,1
9625,22.6,51.05,2163,72,1695,77,3718,14,0
9626,53.4,45.84,2188,66,1587,87,2794,9,0
9627,69.8,50.67,1203,55,2568,91,3237,6,1
9628,31.5,47.15,2461,59,1538,22,4186,3,0
9629,45.5,43.21,2697,50,2596,88,2916,2,1
9630,26.9,42.91,1608,78,1198,20,2094,6,1
9631,63.3,49.69,1974,91,2714,27,4851,12,1
9632,56.7,43.49,1178,64,3434,72,513,2,1
9633,61.1,52.63,997,58,2169,68,3285,13,1
9634,64.2,50.96,2483,100,2179,49,4312,7,1
9635,57.2,53.39,941,49,3207,49,1073,11,1
9636,37.3,51.1,2904,47,1685,42,3583,7,1
9637,64.7,42,2768,53,893,74,4811,7,1
9638,24.3,46.74,1412,40,2258,20,1409,7,1
9639,38.3,51.13,2016,86,3240,39,4837,3,0
9640,43.3,46.87,659,82,2430,73,4153,2,0
9641,47,53.88,1114,93,2234,85,2153,11,0
9642,53.7,51.44,2274,60,2090,52,2224,15,0
9643,66.2,53.49,1396,84,1601,36,4376,4,1
9644,26,51.28,747,52,3383,49,3280,2,1
9645,39.1,50.2,2076,55,3015,89,410,12,0
9646,34.3,43.75,512,96,1428,24,2737,3,1
9647,25.7,46.24,2122,54,2367,86,2173,5,1
9648,69.9,43.93,1286,42,1008,64,856,9,1
9649,62.2,47.43,2654,80,2400,72,4734,4,1
9650,54.1,49.95,2331,99,2107,89,2989,6,0
9651,28.9,52.91,1314,77,900,53,4582,5,1
9652,55.5,52.84,1327,96,1980,83,2872,3,1
9653,54.8,43.09,547,40,2772,61,857,10,1
9654,40.4,51.58,652,51,3450,53,1860,2,1
9655,21.7,44.6,2654,84,2981,31,3954,15,1
9656,69.9,42.07,1212,53,1514,88,2550,4,1
9657,38.8,52.91,2780,62,907,44,1808,12,1
9658,41.4,50.23,1323,86,2759,84,1225,11,0
9659,51.9,45.47,1132,85,1246,39,510,2,0
9660,44.1,42.53,2622,53,1281,61,2666,4,1
9661,21,51.07,1562,64,1911,25,1460,13,0
9662,34.4,51.18,1999,68,805,61,2426,9,1
9663,29.2,50.78,2777,94,3109,75,3778,7,0
9664,28.9,53.14,2118,41,1691,89,2075,11,1
9665,45.1,48.66,2183,91,3405,20,1521,13,0
9666,33.2,47.38,733,94,810,28,4314,12,1
9667,23.8,51.81,1875,76,858,91,2527,15,1
9668,61.7,42.1,1862,47,1581,60,2656,3,1
9669,29.4,51.72,857,40,1872,91,1888,7,1
9670,39.8,47.12,975,95,3097,58,1283,1,0
9671,24.2,45.05,2470,100,1602,22,809,14,0
9672,51.4,49.46,1624,81,2437,93,1889,9,0
9673,36,46.07,1995,60,2220,94,122,1,0
9674,40.1,45.65,2358,50,1223,31,4376,11,1
9675,32.2,45.14,1686,93,1116,79,4395,12,1
9676,63.3,44.95,746,60,3082,62,2832,9,1
9677,49.5,43.56,2793,73,1969,88,129,7,1
9678,21.6,51.54,670,61,1942,64,2815,1,0
9679,48.4,43.6,2787,76,1012,30,4711,1,1
9680,38.7,49.09,2735,40,3403,65,2280,1,1
9681,66.2,49.51,2069,94,807,81,3876,13,1
9682,24,48.71,1511,80,2128,63,2657,10,0
9683,51.4,51.02,1739,49,3354,94,2139,14,1
9684,53.6,44.99,693,56,2241,55,2895,12,1
9685,20.1,50.4,804,45,2715,59,700,11,1
9686,50.6,47.19,2120,50,3474,78,3911,5,1
9687,62.7,43.85,2972,87,2113,50,4533,9,1
9688,53,51.26,2488,50,2408,85,3839,9,1
9689,43.8,46.62,632,48,1007,71,3041,11,1
9690,46.2,53.97,2099,51,1779,38,4440,13,1
9691,34.1,43.9,1856,64,1556,37,2531,12,1
9692,47.8,43.31,2343,56,1285,90,1340,12,1
9693,28.4,53.72,1725,41,971,70,475,3,1
9694,54.7,52.23,968,88,2044,72,3183,13,0
9695,30.3,44.13,796,90,3270,68,2229,14,1
9696,42.5,45.66,755,65,2622,87,1488,6,0
9697,32.4,44.65,2793,92,3254,57,741,5,1
9698,45.9,44.5,1475,62,2893,69,2039,10,1
9699,56.1,50.62,2153,93,2456,76,2026,12,1
9700,62.3,48.79,1408,85,979,52,2784,8,1
9701,32.4,47.22,2616,95,1811,95,497,10,0
9702,24.9,46.56,717,57,874,64,4551,12,1
9703,28.1,46.52,1076,97,1783,82,3639,1,0
9704,39.5,51.9,2289,81,2544,49,1717,6,0
9705,42.6,48.94,2323,61,2146,80,3894,3,0
9706,36.5,51.17,1812,50,2897,80,3462,9,1
9707,60.7,49.31,1483,42,3408,32,320,9,1
9708,60.1,46.82,1548,79,2719,45,3107,13,1
9709,69.8,53.54,2507,84,2942,72,970,10,1
9710,52.6,46.34,2937,97,3292,55,4237,13,0
9711,27.4,43.95,2780,97,3201,95,1785,5,1
9712,45,47.08,1128,67,2387,67,2596,9,0
9713,49.2,44.88,1186,93,1519,47,2355,5,1
9714,40.9,46.91,1655,100,2587,35,1261,6,0
9715,33.9,52.6,2077,69,2543,79,554,7,0
9716,24.9,48.1,2676,67,1645,72,2800,15,0
9717,40.4,48.53,2528,60,2568,85,3294,10,0
9718,56.8,45.14,1644,72,2517,88,2279,3,1
9719,51.9,46.25,841,95,3289,34,2111,2,0
9720,57.6,47.51,2539,51,1026,87,3520,2,1
9721,57.4,52.97,2221,65,2273,71,3726,14,1
9722,23.4,44.39,2244,79,1262,56,4894,3,1
9723,31.2,50.31,1643,92,2595,76,4256,4,0
9724,32.6,42.04,2857,61,1183,57,3333,11,1
9725,41.2,44.96,1079,93,1900,81,3636,4,1
9726,38.1,48.82,1329,86,3407,27,4505,14,0
9727,47.1,51.71,2733,43,2498,31,2984,15,1
9728,39.1,51.51,1714,87,1772,25,2194,2,0
9729,45.5,43.03,1827,96,2422,88,578,6,1
9730,32.9,51.12,851,44,871,63,520,14,1
9731,68.5,46.6,708,71,2572,79,1586,13,1
9732,28,48.39,1914,69,3431,82,1495,8,0
9733,35.8,45.65,2039,82,3268,73,2343,5,0
9734,48.1,53.01,2753,84,1222,60,4961,14,0
9735,45.9,50.43,2099,43,3244,62,3756,8,1
9736,52.7,49.54,569,67,1976,77,2323,8,0
9737,42,50.32,713,72,1981,39,3838,9,0
9738,69.9,48.37,1109,68,1437,90,3005,6,1
9739,50.9,52.37,1704,88,2797,83,1999,8,0
9740,26.4,47.46,2224,66,1490,64,2082,6,0
9741,42.6,43.49,2823,75,3190,38,233,8,1
9742,48.6,45.24,503,53,1102,69,4561,13,1
9743,32,49.02,2563,59,1184,83,283,9,1
9744,28.8,45.84,2703,98,3191,76,1797,9,0
9745,59.2,52.09,1827,67,2691,47,1229,9,1
9746,43.8,48.91,1340,87,2764,72,1877,10,0
9747,64.9,52.43,1618,53,2465,65,2291,2,1
9748,28.9,48.6,2522,93,1522,32,314,5,0
9749,61.5,53.75,1350,79,2396,65,1323,11,1
9750,40.9,50.58,649,66,3118,35,1914,13,0
9751,35.4,51.19,1709,50,2778,29,842,10,1
9752,41.6,44.01,850,66,2498,67,2175,2,1
9753,68.3,50.96,2923,50,1777,72,1450,10,1
9754,34.4,49.56,1897,75,1412,32,2396,15,0
9755,59.2,52.3,2366,46,996,36,853,1,1
9756,24.1,48.06,1486,77,2581,26,1052,1,0
9757,46.3,50.27,2203,73,3270,80,4196,9,0
9758,31.1,46.5,2653,68,3425,52,3392,1,0
9759,58.4,49.02,1491,58,2688,21,4969,14,1
9760,69.6,42.99,2079,53,3102,57,794,6,1
9761,40.8,45.28,1934,65,3328,22,255,7,0
9762,59.7,52.59,613,72,3376,73,968,5,1
9763,38,48.62,3000,86,3408,47,4262,12,0
9764,59.8,49.45,2050,85,1467,61,4340,12,1
9765,32.9,52.72,1571,52,2670,55,418,7,1
9766,52.3,51.99,1456,62,2326,52,2515,7,0
9767,25.9,48.02,721,62,859,83,3378,1,1
9768,49.8,49.4,2286,94,2321,66,3172,13,0
9769,26.5,42.49,2726,69,2978,26,1507,12,1
9770,21.9,42.73,1225,96,2879,37,4209,10,1
9771,29,51.2,2667,97,2117,86,2291,14,0
9772,54.4,43.95,2464,52,2064,25,3707,2,1
9773,44.6,47.45,711,40,814,41,4343,15,1
9774,28.5,44.65,1690,40,2965,82,742,15,1
9775,36.3,44.51,2007,76,2800,58,3391,9,1
9776,45.5,46.43,2444,95,2525,27,855,5,0
9777,33.4,51.7,1507,62,1877,23,4930,8,0
9778,46.1,52.28,2173,56,999,25,2582,9,1
9779,54.6,51.05,1047,73,2804,61,3768,5,0
9780,47.7,42.09,2863,95,2153,63,4475,2,1
9781,53.7,52.35,1407,52,1940,38,2734,4,1
9782,26.3,49.21,1800,81,2584,46,4832,15,0
9783,26.4,53.34,1831,46,2608,84,4852,14,1
9784,24.2,42.16,2702,52,2047,34,4230,1,1
9785,41.5,42.37,1011,70,1608,55,734,13,1
9786,45.6,51.82,1229,67,2588,42,1063,8,0
9787,31.1,49.78,584,84,2189,88,2773,10,0
9788,27.9,43.31,1761,55,3338,61,4049,11,1
9789,27,48.74,2494,72,1449,91,1951,8,0
9790,40.7,46.87,1367,59,2233,26,5000,2,0
9791,68.7,44.94,1487,96,1271,31,2639,6,1
9792,66.5,47.6,2208,53,1158,37,4350,3,1
9793,61.4,49.72,2539,92,1390,67,2011,15,1
9794,29.5,45.16,719,84,1288,48,2035,3,0
9795,32.8,44.13,1281,40,3473,85,1751,2,1
9796,53.8,51.01,904,76,3402,50,4003,13,0
9797,56.8,43.24,502,59,3009,56,932,11,1
9798,30.5,50.4,2498,91,1950,40,4189,14,0
9799,35.8,46.04,969,95,3393,74,3792,10,0
9800,24.1,53.28,571,71,2674,29,2080,3,0
9801,25.8,52.22,2580,46,833,40,2188,11,1
9802,26.1,50.64,2775,76,1294,30,1885,11,0
9803,48.8,44.21,638,51,2853,53,1190,11,1
9804,41.8,42.49,1185,52,2149,50,2123,14,1
9805,21,43.1,536,96,1491,51,1622,13,1
9806,50.4,51.67,928,89,3244,33,4313,14,0
9807,24.1,48.03,1773,62,1465,56,1133,7,0
9808,53.8,49.49,1144,75,2117,65,4507,7,0
9809,46.4,43.62,2275,90,3201,35,3176,1,1
9810,60.8,46.65,2428,66,877,74,3589,11,1
9811,24.6,50.52,1555,49,3408,51,126,2,1
9812,33.6,49.37,2288,42,1219,64,2628,12,1
9813,66,52.93,2543,97,1437,44,347,9,1
9814,24.9,46.8,2656,100,1563,24,1099,7,0
9815,31.9,42.99,1354,45,2507,40,2761,4,1
9816,59.8,47.51,2228,86,2634,87,3348,11,1
9817,36.4,43.15,1589,87,2111,49,209,9,1
9818,28.7,48.64,565,88,2252,92,4100,4,0
9819,68,47.48,2635,89,820,43,2364,4,1
9820,35.9,46.3,1384,84,1812,76,1495,4,0
9821,24.2,51.5,767,85,2981,66,2760,6,0
9822,25.2,47.78,713,78,1325,33,1302,5,0
9823,52.8,52.8,825,97,3196,83,846,15,0
9824,63.2,52.75,2443,63,2796,52,2181,8,1
9825,66.6,49.63,2596,72,1600,24,1652,4,1
9826,39.9,52.66,531,44,1957,24,3380,12,1
9827,39.8,45.82,1167,52,2793,81,1007,10,1
9828,63.6,44.62,2409,67,1817,65,388,14,1
9829,69.7,42.94,2313,63,3028,43,1275,6,1
9830,41.9,50.59,1839,77,2204,28,2147,14,0
9831,41,49.72,2877,72,1964,53,3352,1,0
9832,38.3,44.46,1268,67,2725,43,527,10,1
9833,30.1,42.57,2447,66,3484,22,3299,6,1
9834,55.5,50.44,2358,85,1339,95,1621,15,1
9835,27.5,46.21,2889,100,1678,46,1213,11,0
9836,38.6,44.67,1881,55,3177,28,1479,12,1
9837,49.8,53.89,2870,53,2525,38,2639,12,1
9838,54.2,48.14,2343,89,2700,62,840,9,0
9839,37.1,48.28,2662,47,976,46,3618,12,1
9840,44.8,46.91,1845,79,898,42,354,10,1
9841,46,49.85,1179,60,2920,73,3399,1,0
9842,27.6,43.97,1752,42,1189,74,2090,5,1
9843,24.7,45.33,1848,92,3498,50,500,5,0
9844,68.7,44.91,2459,44,1721,94,2314,14,1
9845,49.2,42.28,2008,53,2797,74,180,2,1
9846,48.9,46.86,1544,93,947,90,1308,8,1
9847,39.6,52.73,2202,64,868,55,1601,1,1
9848,44.2,49.09,1579,56,1949,68,4231,13,0
9849,27.7,48.89,2919,63,1404,60,3572,7,0
9850,61.4,47.31,656,42,2065,80,3119,2,1
9851,27.7,50.49,2240,62,2872,65,371,9,0
9852,49.2,49.3,2248,52,3460,64,2092,11,1
9853,39.1,44.76,2728,85,1251,95,2931,5,1
9854,62.9,43.69,949,97,2863,60,820,1,1
9855,55.4,44.09,2839,97,2957,51,3997,8,1
9856,40.9,43.88,2190,52,1160,92,3115,7,1
9857,44.7,50.95,1902,94,1247,66,664,4,0
9858,36,42.38,2615,71,2128,65,2547,4,1
9859,20.3,42.05,912,77,1934,95,444,13,1
9860,39.5,51.87,2854,61,2384,87,246,14,0
9861,39.7,48.67,2303,56,2333,51,2188,7,0
9862,55,52.15,1090,82,1610,58,138,4,0
9863,59.5,48.05,1740,66,2500,84,606,6,1
9864,64.2,47.92,2190,40,1007,90,3738,14,1
9865,25.5,43.51,2423,99,3191,69,4758,3,1
9866,64.9,42.94,1114,67,1454,25,180,1,1
9867,53.4,48.89,2047,58,2329,92,4682,15,0
9868,58.9,52.81,2248,54,2937,74,1906,8,1
9869,35.7,47.53,1295,96,2412,65,2285,15,0
9870,40.9,43.77,945,61,3173,90,4124,11,1
9871,28.7,44.73,1690,87,1366,49,4036,4,1
9872,57.6,42.78,2704,49,1720,92,1756,13,1
9873,57.5,50.91,1225,88,1936,71,2510,4,1
9874,39.9,42.85,1173,74,1014,76,298,10,1
9875,39.4,42.93,634,70,990,37,2946,13,1
9876,58.4,42.52,2650,85,2139,36,4619,6,1
9877,54,50.25,1280,41,1814,85,4843,12,1
9878,65.7,45.68,2270,56,1570,50,3198,12,1
9879,68.8,43.09,2888,82,3242,68,3519,4,1
9880,25.3,44.22,1749,86,1456,75,1146,12,1
9881,32.5,53.86,2560,59,1953,45,511,11,0
9882,68,47.95,1826,64,888,72,3083,9,1
9883,68.7,51.38,2486,86,1633,64,2858,12,1
9884,61.5,52.35,849,84,2651,33,4779,15,1
9885,58.1,52,886,86,1342,95,3981,15,1
9886,60.7,49.3,2419,81,2591,88,311,4,1
9887,23.6,46.44,1199,67,1637,43,1475,14,0
9888,63.2,52.39,2575,76,2222,23,3131,8,1
9889,52.1,42.11,902,44,924,22,2888,15,1
9890,57.9,50.83,2643,91,3448,46,386,13,1
9891,63.6,52.23,2210,41,1512,78,2884,7,1
9892,25.1,52.61,893,80,2785,28,3456,3,0
9893,66.2,43.42,2757,65,3290,94,3793,4,1
9894,68.2,43.28,828,55,957,49,3424,15,1
9895,63.7,53.69,1120,64,802,32,688,3,1
9896,66.4,49.5,608,44,818,82,183,4,1
9897,59.8,46.22,1291,57,2937,62,1943,15,1
9898,51.5,53.53,1724,69,1254,62,4974,11,0
9899,45.4,47.1,2117,54,2557,66,2255,12,1
9900,48.8,53.87,2443,69,1522,30,1998,1,0
9901,60.7,45.89,1731,74,1264,27,624,11,1
9902,41.4,48.94,2801,83,2770,58,1137,6,0
9903,45.6,48.2,2375,60,1055,23,2101,15,1
9904,67.2,43.33,2056,87,3086,48,4114,9,1
9905,29,48.83,2653,56,3412,73,510,3,0
9906,50.3,49.9,2633,83,2314,23,413,13,0
9907,20.4,45.31,1934,61,2633,88,2615,12,0
9908,60.9,44.87,2424,40,1774,89,2433,5,1
9909,35.1,45.84,1835,44,2304,41,3212,2,1
9910,48.4,50.42,1613,67,2276,62,2769,4,0
9911,30.8,43.53,2912,89,1359,56,1607,7,1
9912,63.4,45.93,1552,55,2295,48,1455,1,1
9913,50.1,45.34,2080,49,2251,92,2141,6,1
9914,40.3,48.94,1644,47,1957,42,2966,15,1
9915,28.6,45.41,528,89,1062,62,1207,15,1
9916,40.7,52.03,1445,51,2955,47,1060,9,1
9917,53.9,53.62,1769,45,1642,91,3902,10,1
9918,23.3,51.3,2346,97,2108,57,2780,8,0
9919,65.7,51.16,1316,97,1708,72,3052,6,1
9920,40.8,53.19,1794,93,3458,49,1252,3,0
9921,29.9,53.97,2819,96,3238,65,2175,7,0
9922,27.8,50.38,2232,46,805,66,366,5,1
9923,63.2,44.05,819,61,1498,67,3652,4,1
9924,57.7,53.28,2249,40,1779,70,2866,10,1
9925,49.7,47.66,1457,82,3350,53,4395,13,0
9926,31.7,44.52,1163,70,3253,71,3010,14,1
9927,53.6,47.96,927,74,1046,52,4535,4,1
9928,39.1,52.54,1219,63,2359,65,194,9,0
9929,35.6,52.35,2639,93,961,49,2001,11,1
9930,32.7,53.2,2430,65,2643,83,3754,11,0
9931,44.8,51.54,1209,59,2490,76,4447,4,0
9932,45.1,48.16,916,87,3019,30,1597,13,0
9933,56.9,46.52,539,40,2325,64,2300,6,1
9934,54.9,43.93,1817,61,945,43,4147,11,1
9935,54.9,42.96,525,82,2398,29,2100,13,1
9936,21,52.35,2385,57,1833,53,4808,1,0
9937,35.8,51.86,2331,89,1377,78,3311,2,0
9938,30.8,46.73,2256,83,2223,75,4774,11,0
9939,62.7,45.37,2191,99,3150,77,422,12,1
9940,50.6,43.87,573,76,2915,64,1971,10,1
9941,36.7,42.14,524,87,1374,65,3718,2,1
9942,22.8,49.55,731,62,2458,78,2695,7,0
9943,63.6,49.51,2218,84,1638,30,474,12,1
9944,41.8,46.18,991,96,1996,20,4207,8,0
9945,47.5,45.27,882,71,3326,71,4039,6,0
9946,59.3,50.67,2062,51,1150,86,3784,11,1
9947,55.8,50.7,2152,45,2849,88,107,3,1
9948,57.5,52.08,2839,75,2726,84,3738,12,1
9949,56.4,53.39,716,98,2908,52,3501,15,1
9950,25.9,44.67,610,83,2957,55,3970,10,1
9951,65.4,48.54,1083,91,1991,20,4095,12,1
9952,48.6,43.23,1333,87,1394,56,1296,12,1
9953,44.3,46.69,2174,96,1108,89,669,13,1
9954,54.2,50.71,557,96,911,50,1379,3,1
9955,29.1,53.92,634,79,1436,65,1121,9,0
9956,56.7,51.29,2552,78,3212,93,3897,2,1
9957,50.8,45.63,1913,69,1010,88,425,11,1
9958,37.2,44.68,761,74,1087,46,1042,1,1
9959,27.7,53.42,2544,42,2459,40,383,11,1
9960,57.5,53.64,1584,88,3175,69,2298,15,1
9961,57.4,52.59,1300,46,2670,22,4161,14,1
9962,66.8,48.86,2275,72,2903,27,4069,12,1
9963,26.7,48.27,2762,56,1862,49,3098,4,0
9964,35.6,46.62,1876,90,1459,90,1204,7,0
9965,52.7,50.81,1614,100,1071,23,3758,1,1
9966,33.5,49.95,662,54,3173,44,2848,6,1
9967,37.7,50.26,1054,41,3244,90,1997,1,1
9968,59.1,46.9,621,53,3248,64,547,14,1
9969,23.4,45.57,1097,78,1123,20,3183,3,1
9970,37.2,43.03,1247,48,2886,56,1733,8,1
9971,43.9,51.5,1836,83,999,88,231,11,1
9972,43.9,43.89,1433,50,2556,58,1491,2,1
9973,47.1,44.2,2507,80,2180,28,1887,4,1
9974,24.7,44.67,824,65,2470,29,2667,15,1
9975,42.6,48.3,2788,64,3118,21,2780,13,0
9976,55.2,42.18,584,75,1043,32,149,1,1
9977,42.7,47.2,2534,82,2677,69,4721,12,0
9978,23.7,44.78,1476,67,842,95,4118,11,1
9979,64.5,51.66,592,53,3407,77,1012,5,1
9980,49.8,43.15,1578,82,1850,77,2816,4,1
9981,24.8,47.18,1769,52,2076,47,1424,12,1
9982,64.5,51.9,1191,44,2620,56,1013,13,1
9983,27.5,46.84,2563,59,3316,71,745,8,0
9984,24.9,50.77,1185,77,1451,28,2254,12,0
9985,42.5,45.35,1492,75,2085,69,1669,12,0
9986,27.1,48.22,2733,75,2104,34,116,6,0
9987,60.9,42.81,2777,45,3477,90,3075,13,1
9988,63.4,49.39,2721,97,1175,62,160,3,1
9989,21.5,52.56,1922,69,3014,93,1257,15,0
9990,59.9,50.56,629,67,2434,72,3843,8,1
9991,60.3,42.22,2236,87,3109,81,2138,2,1
9992,34,51.63,2310,59,2776,36,576,1,0
9993,64.3,47.75,2833,85,1202,22,4366,7,1
9994,31.5,44.35,2921,74,1996,88,3532,4,1
9995,26.7,47.43,2085,60,2549,61,4418,13,0
9996,59.9,45.79,1847,47,3200,24,2206,12,1
9997,69.8,53.99,2322,74,3175,74,2022,9,1
9998,51.7,47.93,2289,81,3380,36,4467,9,0
9999,69.3,46.58,1747,57,2689,30,4561,15,1
10000,46.3,45.93,972,45,3012,22,4738,7,1
